figure,series,env_steps,n_hover,press_minus_pi,press_rank,grad_cos,std_a,std_s,std_a_over_std_s,panel,feature,accuracy_drop,baseline_accuracy,n_pairs,delta_mm,success,her_succ,her_prog,her_succ_or_prog
state_vs_action,Handle 100k,100200,113,-0.1304658282119616,16.41592920353982,-0.2068626868739124,1.8271640533894564,24.226963450940186,0.07541861600152262,,,,,,,,,,
state_vs_action,Handle 952k,951900,32,0.3809514045715332,3.03125,0.2890915518084507,2.1690703965723515,46.60676117792478,0.046539822586935765,,,,,,,,,,
state_vs_action,Push 250k,250500,320,2.03742316365242,1.0375,0.8552120676754633,3.0677368111908434,1.573355451595541,1.9498053081888769,,,,,,,,,,
feature_shuffle,Handle 100k,,,,,,,,,drop,mech_xy,0.171875,0.1875,256.0,,,,,
feature_shuffle,Handle 100k,,,,,,,,,drop,mech_z,0.02734375,0.1875,256.0,,,,,
feature_shuffle,Handle 100k,,,,,,,,,drop,hand,0.05078125,0.1875,256.0,,,,,
feature_shuffle,Handle 100k,,,,,,,,,drop,action,0.015625,0.1875,256.0,,,,,
feature_shuffle,Push 250k,,,,,,,,,drop,mech_xy,0.19921875,0.203125,256.0,,,,,
feature_shuffle,Push 250k,,,,,,,,,drop,mech_z,0.0234375,0.203125,256.0,,,,,
feature_shuffle,Push 250k,,,,,,,,,drop,hand,0.1875,0.203125,256.0,,,,,
feature_shuffle,Push 250k,,,,,,,,,drop,action,0.03125,0.203125,256.0,,,,,
feature_shuffle,Handle 100k,,,,,,,,,one_step_mm,d_xy_pi,,,,0.0,,,,
feature_shuffle,Handle 100k,,,,,,,,,one_step_mm,d_xy_press,,,,0.0,,,,
feature_shuffle,Handle 100k,,,,,,,,,one_step_mm,d_z_pi,,,,2.5906463464101157,,,,
feature_shuffle,Handle 100k,,,,,,,,,one_step_mm,d_z_press,,,,2.5945532446106276,,,,
feature_shuffle,Push 250k,,,,,,,,,one_step_mm,d_xy_pi,,,,4.6660632817842425,,,,
feature_shuffle,Push 250k,,,,,,,,,one_step_mm,d_xy_press,,,,4.741088569299261,,,,
feature_shuffle,Push 250k,,,,,,,,,one_step_mm,d_z_pi,,,,0.37148680227498215,,,,
feature_shuffle,Push 250k,,,,,,,,,one_step_mm,d_z_press,,,,0.375461687023441,,,,
inject,handle,50100,,,,,,,,eval,,,,,,0.0,,,
inject,handle,100200,,,,,,,,eval,,,,,,0.0,,,
inject,handle,150300,,,,,,,,eval,,,,,,0.2,,,
inject,handle,200400,,,,,,,,eval,,,,,,0.1,,,
inject,handle,250500,,,,,,,,eval,,,,,,0.1,,,
inject,handle,300600,,,,,,,,eval,,,,,,0.2,,,
inject,handle,350700,,,,,,,,eval,,,,,,0.1,,,
inject,handle,400800,,,,,,,,eval,,,,,,0.0,,,
inject,handle,450900,,,,,,,,eval,,,,,,0.0,,,
inject,handle,501000,,,,,,,,eval,,,,,,0.0,,,
inject,handle,551100,,,,,,,,eval,,,,,,0.0,,,
inject,handle,601200,,,,,,,,eval,,,,,,0.1,,,
inject,handle,651300,,,,,,,,eval,,,,,,0.0,,,
inject,handle,701400,,,,,,,,eval,,,,,,0.0,,,
inject,handle,751500,,,,,,,,eval,,,,,,0.0,,,
inject,handle,801600,,,,,,,,eval,,,,,,0.0,,,
inject,handle,851700,,,,,,,,eval,,,,,,0.1,,,
inject,handle,901800,,,,,,,,eval,,,,,,0.1,,,
inject,handle,951900,,,,,,,,eval,,,,,,0.1,,,
inject,handle,990000,,,,,,,,eval,,,,,,0.0,,,
inject,inject,50100,,,,,,,,eval,,,,,,0.0,,,
inject,inject,100200,,,,,,,,eval,,,,,,0.0,,,
inject,inject,150300,,,,,,,,eval,,,,,,0.0,,,
inject,inject,200400,,,,,,,,eval,,,,,,0.0,,,
inject,inject,250500,,,,,,,,eval,,,,,,0.2,,,
inject,inject,300600,,,,,,,,eval,,,,,,0.1,,,
inject,inject,350700,,,,,,,,eval,,,,,,0.0,,,
inject,inject,400800,,,,,,,,eval,,,,,,0.0,,,
inject,inject,450900,,,,,,,,eval,,,,,,0.0,,,
inject,inject,501000,,,,,,,,eval,,,,,,0.0,,,
inject,inject,551100,,,,,,,,eval,,,,,,0.0,,,
inject,inject,601200,,,,,,,,eval,,,,,,0.0,,,
inject,inject,651300,,,,,,,,eval,,,,,,0.0,,,
inject,inject,701400,,,,,,,,eval,,,,,,0.0,,,
inject,inject,751500,,,,,,,,eval,,,,,,0.1,,,
inject,inject,801600,,,,,,,,eval,,,,,,0.0,,,
inject,inject,851700,,,,,,,,eval,,,,,,0.1,,,
inject,inject,901800,,,,,,,,eval,,,,,,0.0,,,
inject,inject,951900,,,,,,,,eval,,,,,,0.0,,,
inject,inject,990000,,,,,,,,eval,,,,,,0.0,,,
inject,push,50100,,,,,,,,eval,,,,,,0.0,,,
inject,push,100200,,,,,,,,eval,,,,,,0.0,,,
inject,push,150300,,,,,,,,eval,,,,,,0.8,,,
inject,push,200400,,,,,,,,eval,,,,,,0.6,,,
inject,push,250500,,,,,,,,eval,,,,,,0.9,,,
inject,push,300600,,,,,,,,eval,,,,,,0.8,,,
inject,push,350700,,,,,,,,eval,,,,,,0.7,,,
inject,push,400800,,,,,,,,eval,,,,,,0.8,,,
inject,push,450900,,,,,,,,eval,,,,,,1.0,,,
inject,push,501000,,,,,,,,eval,,,,,,0.8,,,
inject,push,551100,,,,,,,,eval,,,,,,1.0,,,
inject,push,601200,,,,,,,,eval,,,,,,1.0,,,
inject,push,651300,,,,,,,,eval,,,,,,1.0,,,
inject,push,701400,,,,,,,,eval,,,,,,1.0,,,
inject,push,751500,,,,,,,,eval,,,,,,1.0,,,
inject,push,801600,,,,,,,,eval,,,,,,0.8,,,
inject,push,851700,,,,,,,,eval,,,,,,1.0,,,
inject,push,901800,,,,,,,,eval,,,,,,1.0,,,
inject,push,951900,,,,,,,,eval,,,,,,1.0,,,
inject,push,990000,,,,,,,,eval,,,,,,0.9,,,
inject,handle,1500,,,,,,,,her,,,,,,,0.0,0.0,0.0
inject,handle,3000,,,,,,,,her,,,,,,,0.0,0.0,0.0
inject,handle,4500,,,,,,,,her,,,,,,,0.0,0.0,0.0
inject,handle,6000,,,,,,,,her,,,,,,,0.0,0.0,0.0
inject,handle,7500,,,,,,,,her,,,,,,,0.0,0.0,0.0
inject,handle,9000,,,,,,,,her,,,,,,,0.0,0.0,0.0
inject,handle,10500,,,,,,,,her,,,,,,,0.0,0.0,0.0
inject,handle,12000,,,,,,,,her,,,,,,,0.0,0.0,0.0
inject,handle,13500,,,,,,,,her,,,,,,,0.0,0.0,0.0
inject,handle,15000,,,,,,,,her,,,,,,,0.01,0.0,0.01
inject,handle,16500,,,,,,,,her,,,,,,,0.01,0.0,0.01
inject,handle,18000,,,,,,,,her,,,,,,,0.01,0.0,0.01
inject,handle,19500,,,,,,,,her,,,,,,,0.01,0.0,0.01
inject,handle,21000,,,,,,,,her,,,,,,,0.01,0.0,0.01
inject,handle,22500,,,,,,,,her,,,,,,,0.01,0.0,0.01
inject,handle,24000,,,,,,,,her,,,,,,,0.02,0.0,0.02
inject,handle,25500,,,,,,,,her,,,,,,,0.02,0.0,0.02
inject,handle,27000,,,,,,,,her,,,,,,,0.02,0.0,0.02
inject,handle,28500,,,,,,,,her,,,,,,,0.02,0.0,0.02
inject,handle,30000,,,,,,,,her,,,,,,,0.02,0.0,0.02
inject,handle,31500,,,,,,,,her,,,,,,,0.02,0.0,0.02
inject,handle,33000,,,,,,,,her,,,,,,,0.02,0.0,0.02
inject,handle,34500,,,,,,,,her,,,,,,,0.03,0.0,0.03
inject,handle,36000,,,,,,,,her,,,,,,,0.03,0.0,0.03
inject,handle,37500,,,,,,,,her,,,,,,,0.03,0.0,0.03
inject,handle,39000,,,,,,,,her,,,,,,,0.03,0.0,0.03
inject,handle,40500,,,,,,,,her,,,,,,,0.03,0.0,0.03
inject,handle,42000,,,,,,,,her,,,,,,,0.03,0.0,0.03
inject,handle,43500,,,,,,,,her,,,,,,,0.03,0.0,0.03
inject,handle,45000,,,,,,,,her,,,,,,,0.03,0.0,0.03
inject,handle,46500,,,,,,,,her,,,,,,,0.03,0.0,0.03
inject,handle,48000,,,,,,,,her,,,,,,,0.03,0.0,0.03
inject,handle,49500,,,,,,,,her,,,,,,,0.03,0.0,0.03
inject,handle,51000,,,,,,,,her,,,,,,,0.03,0.0,0.03
inject,handle,52500,,,,,,,,her,,,,,,,0.03,0.0,0.03
inject,handle,54000,,,,,,,,her,,,,,,,0.03,0.0,0.03
inject,handle,55500,,,,,,,,her,,,,,,,0.03,0.0,0.03
inject,handle,57000,,,,,,,,her,,,,,,,0.03,0.0,0.03
inject,handle,58500,,,,,,,,her,,,,,,,0.03,0.0,0.03
inject,handle,60000,,,,,,,,her,,,,,,,0.03,0.0,0.03
inject,handle,61500,,,,,,,,her,,,,,,,0.03,0.0,0.03
inject,handle,63000,,,,,,,,her,,,,,,,0.03,0.0,0.03
inject,handle,64500,,,,,,,,her,,,,,,,0.03,0.0,0.03
inject,handle,66000,,,,,,,,her,,,,,,,0.03,0.0,0.03
inject,handle,67500,,,,,,,,her,,,,,,,0.03,0.0,0.03
inject,handle,69000,,,,,,,,her,,,,,,,0.03,0.0,0.03
inject,handle,70500,,,,,,,,her,,,,,,,0.03,0.0,0.03
inject,handle,72000,,,,,,,,her,,,,,,,0.03,0.0,0.03
inject,handle,73500,,,,,,,,her,,,,,,,0.03,0.0,0.03
inject,handle,75000,,,,,,,,her,,,,,,,0.03,0.0,0.03
inject,handle,76500,,,,,,,,her,,,,,,,0.03,0.0,0.03
inject,handle,78000,,,,,,,,her,,,,,,,0.03,0.0,0.03
inject,handle,79500,,,,,,,,her,,,,,,,0.03,0.0,0.03
inject,handle,81000,,,,,,,,her,,,,,,,0.03,0.0,0.03
inject,handle,82500,,,,,,,,her,,,,,,,0.03,0.0,0.03
inject,handle,84000,,,,,,,,her,,,,,,,0.03,0.0,0.03
inject,handle,85500,,,,,,,,her,,,,,,,0.03,0.0,0.03
inject,handle,87000,,,,,,,,her,,,,,,,0.03,0.0,0.03
inject,handle,88500,,,,,,,,her,,,,,,,0.03,0.0,0.03
inject,handle,90000,,,,,,,,her,,,,,,,0.03,0.0,0.03
inject,handle,91500,,,,,,,,her,,,,,,,0.03,0.0,0.03
inject,handle,93000,,,,,,,,her,,,,,,,0.03,0.0,0.03
inject,handle,94500,,,,,,,,her,,,,,,,0.03,0.0,0.03
inject,handle,96000,,,,,,,,her,,,,,,,0.04,0.0,0.04
inject,handle,97500,,,,,,,,her,,,,,,,0.03,0.0,0.03
inject,handle,99000,,,,,,,,her,,,,,,,0.03,0.0,0.03
inject,handle,100500,,,,,,,,her,,,,,,,0.03,0.0,0.03
inject,handle,102000,,,,,,,,her,,,,,,,0.03,0.0,0.03
inject,handle,103500,,,,,,,,her,,,,,,,0.03,0.0,0.03
inject,handle,105000,,,,,,,,her,,,,,,,0.03,0.0,0.03
inject,handle,106500,,,,,,,,her,,,,,,,0.03,0.0,0.03
inject,handle,108000,,,,,,,,her,,,,,,,0.03,0.0,0.03
inject,handle,109500,,,,,,,,her,,,,,,,0.03,0.0,0.03
inject,handle,111000,,,,,,,,her,,,,,,,0.03,0.0,0.03
inject,handle,112500,,,,,,,,her,,,,,,,0.03,0.0,0.03
inject,handle,114000,,,,,,,,her,,,,,,,0.03,0.0,0.03
inject,handle,115500,,,,,,,,her,,,,,,,0.03,0.0,0.03
inject,handle,117000,,,,,,,,her,,,,,,,0.03,0.0,0.03
inject,handle,118500,,,,,,,,her,,,,,,,0.03,0.0,0.03
inject,handle,120000,,,,,,,,her,,,,,,,0.03,0.0,0.03
inject,handle,121500,,,,,,,,her,,,,,,,0.03,0.0,0.03
inject,handle,123000,,,,,,,,her,,,,,,,0.03,0.0,0.03
inject,handle,124500,,,,,,,,her,,,,,,,0.03,0.0,0.03
inject,handle,126000,,,,,,,,her,,,,,,,0.03,0.0,0.03
inject,handle,127500,,,,,,,,her,,,,,,,0.03,0.0,0.03
inject,handle,129000,,,,,,,,her,,,,,,,0.03,0.0,0.03
inject,handle,130500,,,,,,,,her,,,,,,,0.03,0.0,0.03
inject,handle,132000,,,,,,,,her,,,,,,,0.03,0.0,0.03
inject,handle,133500,,,,,,,,her,,,,,,,0.03,0.0,0.03
inject,handle,135000,,,,,,,,her,,,,,,,0.03,0.0,0.03
inject,handle,136500,,,,,,,,her,,,,,,,0.03,0.0,0.03
inject,handle,138000,,,,,,,,her,,,,,,,0.03,0.0,0.03
inject,handle,139500,,,,,,,,her,,,,,,,0.03,0.0,0.03
inject,handle,141000,,,,,,,,her,,,,,,,0.03,0.0,0.03
inject,handle,142500,,,,,,,,her,,,,,,,0.03,0.0,0.03
inject,handle,144000,,,,,,,,her,,,,,,,0.03,0.0,0.03
inject,handle,145500,,,,,,,,her,,,,,,,0.03,0.0,0.03
inject,handle,147000,,,,,,,,her,,,,,,,0.03,0.0,0.03
inject,handle,148500,,,,,,,,her,,,,,,,0.03,0.0,0.03
inject,handle,150000,,,,,,,,her,,,,,,,0.03,0.0,0.03
inject,handle,151500,,,,,,,,her,,,,,,,0.03,0.0,0.03
inject,handle,153000,,,,,,,,her,,,,,,,0.03,0.0,0.03
inject,handle,154500,,,,,,,,her,,,,,,,0.03,0.0,0.03
inject,handle,156000,,,,,,,,her,,,,,,,0.03,0.0,0.03
inject,handle,157500,,,,,,,,her,,,,,,,0.03,0.0,0.03
inject,handle,159000,,,,,,,,her,,,,,,,0.03,0.0,0.03
inject,handle,160500,,,,,,,,her,,,,,,,0.03,0.0,0.03
inject,handle,162000,,,,,,,,her,,,,,,,0.03,0.0,0.03
inject,handle,163500,,,,,,,,her,,,,,,,0.03,0.0,0.03
inject,handle,165000,,,,,,,,her,,,,,,,0.03,0.0,0.03
inject,handle,166500,,,,,,,,her,,,,,,,0.03,0.0,0.03
inject,handle,168000,,,,,,,,her,,,,,,,0.03,0.0,0.03
inject,handle,169500,,,,,,,,her,,,,,,,0.03,0.0,0.03
inject,handle,171000,,,,,,,,her,,,,,,,0.03,0.0,0.03
inject,handle,172500,,,,,,,,her,,,,,,,0.03,0.0,0.03
inject,handle,174000,,,,,,,,her,,,,,,,0.03,0.0,0.03
inject,handle,175500,,,,,,,,her,,,,,,,0.03,0.0,0.03
inject,handle,177000,,,,,,,,her,,,,,,,0.03,0.0,0.03
inject,handle,178500,,,,,,,,her,,,,,,,0.03,0.0,0.03
inject,handle,180000,,,,,,,,her,,,,,,,0.03,0.0,0.03
inject,handle,181500,,,,,,,,her,,,,,,,0.03,0.0,0.03
inject,handle,183000,,,,,,,,her,,,,,,,0.03,0.0,0.03
inject,handle,184500,,,,,,,,her,,,,,,,0.03,0.0,0.03
inject,handle,186000,,,,,,,,her,,,,,,,0.03,0.0,0.03
inject,handle,187500,,,,,,,,her,,,,,,,0.03,0.0,0.03
inject,handle,189000,,,,,,,,her,,,,,,,0.03,0.0,0.03
inject,handle,190500,,,,,,,,her,,,,,,,0.03,0.0,0.03
inject,handle,192000,,,,,,,,her,,,,,,,0.03,0.0,0.03
inject,handle,193500,,,,,,,,her,,,,,,,0.03,0.0,0.03
inject,handle,195000,,,,,,,,her,,,,,,,0.03,0.0,0.03
inject,handle,196500,,,,,,,,her,,,,,,,0.03,0.0,0.03
inject,handle,198000,,,,,,,,her,,,,,,,0.03,0.0,0.03
inject,handle,199500,,,,,,,,her,,,,,,,0.03,0.0,0.03
inject,handle,201000,,,,,,,,her,,,,,,,0.03,0.0,0.03
inject,handle,202500,,,,,,,,her,,,,,,,0.03,0.0,0.03
inject,handle,204000,,,,,,,,her,,,,,,,0.03,0.0,0.03
inject,handle,205500,,,,,,,,her,,,,,,,0.03,0.0,0.03
inject,handle,207000,,,,,,,,her,,,,,,,0.03,0.0,0.03
inject,handle,208500,,,,,,,,her,,,,,,,0.03,0.0,0.03
inject,handle,210000,,,,,,,,her,,,,,,,0.03,0.0,0.03
inject,handle,211500,,,,,,,,her,,,,,,,0.03,0.0,0.03
inject,handle,213000,,,,,,,,her,,,,,,,0.03,0.0,0.03
inject,handle,214500,,,,,,,,her,,,,,,,0.03,0.0,0.03
inject,handle,216000,,,,,,,,her,,,,,,,0.03,0.0,0.03
inject,handle,217500,,,,,,,,her,,,,,,,0.03,0.0,0.03
inject,handle,219000,,,,,,,,her,,,,,,,0.03,0.0,0.03
inject,handle,220500,,,,,,,,her,,,,,,,0.03,0.0,0.03
inject,handle,222000,,,,,,,,her,,,,,,,0.03,0.0,0.03
inject,handle,223500,,,,,,,,her,,,,,,,0.03,0.0,0.03
inject,handle,225000,,,,,,,,her,,,,,,,0.03,0.0,0.03
inject,handle,226500,,,,,,,,her,,,,,,,0.03,0.0,0.03
inject,handle,228000,,,,,,,,her,,,,,,,0.03,0.0,0.03
inject,handle,229500,,,,,,,,her,,,,,,,0.03,0.0,0.03
inject,handle,231000,,,,,,,,her,,,,,,,0.03,0.0,0.03
inject,handle,232500,,,,,,,,her,,,,,,,0.03,0.0,0.03
inject,handle,234000,,,,,,,,her,,,,,,,0.03,0.0,0.03
inject,handle,235500,,,,,,,,her,,,,,,,0.03,0.0,0.03
inject,handle,237000,,,,,,,,her,,,,,,,0.04,0.0,0.04
inject,handle,238500,,,,,,,,her,,,,,,,0.04,0.0,0.04
inject,handle,240000,,,,,,,,her,,,,,,,0.04,0.0,0.04
inject,handle,241500,,,,,,,,her,,,,,,,0.04,0.0,0.04
inject,handle,243000,,,,,,,,her,,,,,,,0.04,0.0,0.04
inject,handle,244500,,,,,,,,her,,,,,,,0.04,0.0,0.04
inject,handle,246000,,,,,,,,her,,,,,,,0.03,0.0,0.03
inject,handle,247500,,,,,,,,her,,,,,,,0.03,0.0,0.03
inject,handle,249000,,,,,,,,her,,,,,,,0.03,0.0,0.03
inject,handle,250500,,,,,,,,her,,,,,,,0.04,0.0,0.04
inject,handle,252000,,,,,,,,her,,,,,,,0.04,0.0,0.04
inject,handle,253500,,,,,,,,her,,,,,,,0.04,0.0,0.04
inject,handle,255000,,,,,,,,her,,,,,,,0.04,0.0,0.04
inject,handle,256500,,,,,,,,her,,,,,,,0.04,0.0,0.04
inject,handle,258000,,,,,,,,her,,,,,,,0.04,0.0,0.04
inject,handle,259500,,,,,,,,her,,,,,,,0.04,0.0,0.04
inject,handle,261000,,,,,,,,her,,,,,,,0.04,0.0,0.04
inject,handle,262500,,,,,,,,her,,,,,,,0.04,0.0,0.04
inject,handle,264000,,,,,,,,her,,,,,,,0.04,0.0,0.04
inject,handle,265500,,,,,,,,her,,,,,,,0.04,0.0,0.04
inject,handle,267000,,,,,,,,her,,,,,,,0.04,0.0,0.04
inject,handle,268500,,,,,,,,her,,,,,,,0.04,0.0,0.04
inject,handle,270000,,,,,,,,her,,,,,,,0.04,0.0,0.04
inject,handle,271500,,,,,,,,her,,,,,,,0.03,0.0,0.03
inject,handle,273000,,,,,,,,her,,,,,,,0.03,0.0,0.03
inject,handle,274500,,,,,,,,her,,,,,,,0.03,0.0,0.03
inject,handle,276000,,,,,,,,her,,,,,,,0.03,0.0,0.03
inject,handle,277500,,,,,,,,her,,,,,,,0.03,0.0,0.03
inject,handle,279000,,,,,,,,her,,,,,,,0.03,0.0,0.03
inject,handle,280500,,,,,,,,her,,,,,,,0.03,0.0,0.03
inject,handle,282000,,,,,,,,her,,,,,,,0.03,0.0,0.03
inject,handle,283500,,,,,,,,her,,,,,,,0.03,0.0,0.03
inject,handle,285000,,,,,,,,her,,,,,,,0.03,0.0,0.03
inject,handle,286500,,,,,,,,her,,,,,,,0.03,0.0,0.03
inject,handle,288000,,,,,,,,her,,,,,,,0.03,0.0,0.03
inject,handle,289500,,,,,,,,her,,,,,,,0.04,0.0,0.04
inject,handle,291000,,,,,,,,her,,,,,,,0.04,0.0,0.04
inject,handle,292500,,,,,,,,her,,,,,,,0.04,0.0,0.04
inject,handle,294000,,,,,,,,her,,,,,,,0.04,0.0,0.04
inject,handle,295500,,,,,,,,her,,,,,,,0.04,0.0,0.04
inject,handle,297000,,,,,,,,her,,,,,,,0.04,0.0,0.04
inject,handle,298500,,,,,,,,her,,,,,,,0.04,0.0,0.04
inject,handle,300000,,,,,,,,her,,,,,,,0.03,0.0,0.03
inject,handle,301500,,,,,,,,her,,,,,,,0.03,0.0,0.03
inject,handle,303000,,,,,,,,her,,,,,,,0.04,0.0,0.04
inject,handle,304500,,,,,,,,her,,,,,,,0.04,0.0,0.04
inject,handle,306000,,,,,,,,her,,,,,,,0.04,0.0,0.04
inject,handle,307500,,,,,,,,her,,,,,,,0.04,0.0,0.04
inject,handle,309000,,,,,,,,her,,,,,,,0.04,0.0,0.04
inject,handle,310500,,,,,,,,her,,,,,,,0.04,0.0,0.04
inject,handle,312000,,,,,,,,her,,,,,,,0.04,0.0,0.04
inject,handle,313500,,,,,,,,her,,,,,,,0.04,0.0,0.04
inject,handle,315000,,,,,,,,her,,,,,,,0.04,0.0,0.04
inject,handle,316500,,,,,,,,her,,,,,,,0.04,0.0,0.04
inject,handle,318000,,,,,,,,her,,,,,,,0.04,0.0,0.04
inject,handle,319500,,,,,,,,her,,,,,,,0.04,0.0,0.04
inject,handle,321000,,,,,,,,her,,,,,,,0.04,0.0,0.04
inject,handle,322500,,,,,,,,her,,,,,,,0.04,0.0,0.04
inject,handle,324000,,,,,,,,her,,,,,,,0.04,0.0,0.04
inject,handle,325500,,,,,,,,her,,,,,,,0.04,0.0,0.04
inject,handle,327000,,,,,,,,her,,,,,,,0.04,0.0,0.04
inject,handle,328500,,,,,,,,her,,,,,,,0.04,0.0,0.04
inject,handle,330000,,,,,,,,her,,,,,,,0.04,0.0,0.04
inject,handle,331500,,,,,,,,her,,,,,,,0.04,0.0,0.04
inject,handle,333000,,,,,,,,her,,,,,,,0.04,0.0,0.04
inject,handle,334500,,,,,,,,her,,,,,,,0.04,0.0,0.04
inject,handle,336000,,,,,,,,her,,,,,,,0.04,0.0,0.04
inject,handle,337500,,,,,,,,her,,,,,,,0.04,0.0,0.04
inject,handle,339000,,,,,,,,her,,,,,,,0.04,0.0,0.04
inject,handle,340500,,,,,,,,her,,,,,,,0.04,0.0,0.04
inject,handle,342000,,,,,,,,her,,,,,,,0.04,0.0,0.04
inject,handle,343500,,,,,,,,her,,,,,,,0.04,0.0,0.04
inject,handle,345000,,,,,,,,her,,,,,,,0.04,0.0,0.04
inject,handle,346500,,,,,,,,her,,,,,,,0.04,0.0,0.04
inject,handle,348000,,,,,,,,her,,,,,,,0.04,0.0,0.04
inject,handle,349500,,,,,,,,her,,,,,,,0.04,0.0,0.04
inject,handle,351000,,,,,,,,her,,,,,,,0.04,0.0,0.04
inject,handle,352500,,,,,,,,her,,,,,,,0.04,0.0,0.04
inject,handle,354000,,,,,,,,her,,,,,,,0.04,0.0,0.04
inject,handle,355500,,,,,,,,her,,,,,,,0.04,0.0,0.04
inject,handle,357000,,,,,,,,her,,,,,,,0.04,0.0,0.04
inject,handle,358500,,,,,,,,her,,,,,,,0.04,0.0,0.04
inject,handle,360000,,,,,,,,her,,,,,,,0.04,0.0,0.04
inject,handle,361500,,,,,,,,her,,,,,,,0.04,0.0,0.04
inject,handle,363000,,,,,,,,her,,,,,,,0.04,0.0,0.04
inject,handle,364500,,,,,,,,her,,,,,,,0.04,0.0,0.04
inject,handle,366000,,,,,,,,her,,,,,,,0.04,0.0,0.04
inject,handle,367500,,,,,,,,her,,,,,,,0.04,0.0,0.04
inject,handle,369000,,,,,,,,her,,,,,,,0.04,0.0,0.04
inject,handle,370500,,,,,,,,her,,,,,,,0.04,0.0,0.04
inject,handle,372000,,,,,,,,her,,,,,,,0.04,0.0,0.04
inject,handle,373500,,,,,,,,her,,,,,,,0.04,0.0,0.04
inject,handle,375000,,,,,,,,her,,,,,,,0.04,0.0,0.04
inject,handle,376500,,,,,,,,her,,,,,,,0.04,0.0,0.04
inject,handle,378000,,,,,,,,her,,,,,,,0.04,0.0,0.04
inject,handle,379500,,,,,,,,her,,,,,,,0.04,0.0,0.04
inject,handle,381000,,,,,,,,her,,,,,,,0.04,0.0,0.04
inject,handle,382500,,,,,,,,her,,,,,,,0.04,0.0,0.04
inject,handle,384000,,,,,,,,her,,,,,,,0.04,0.0,0.04
inject,handle,385500,,,,,,,,her,,,,,,,0.04,0.0,0.04
inject,handle,387000,,,,,,,,her,,,,,,,0.04,0.0,0.04
inject,handle,388500,,,,,,,,her,,,,,,,0.04,0.0,0.04
inject,handle,390000,,,,,,,,her,,,,,,,0.04,0.0,0.04
inject,handle,391500,,,,,,,,her,,,,,,,0.04,0.0,0.04
inject,handle,393000,,,,,,,,her,,,,,,,0.04,0.0,0.04
inject,handle,394500,,,,,,,,her,,,,,,,0.04,0.0,0.04
inject,handle,396000,,,,,,,,her,,,,,,,0.04,0.0,0.04
inject,handle,397500,,,,,,,,her,,,,,,,0.04,0.0,0.04
inject,handle,399000,,,,,,,,her,,,,,,,0.04,0.0,0.04
inject,handle,400500,,,,,,,,her,,,,,,,0.04,0.0,0.04
inject,handle,402000,,,,,,,,her,,,,,,,0.04,0.0,0.04
inject,handle,403500,,,,,,,,her,,,,,,,0.04,0.0,0.04
inject,handle,405000,,,,,,,,her,,,,,,,0.04,0.0,0.04
inject,handle,406500,,,,,,,,her,,,,,,,0.04,0.0,0.04
inject,handle,408000,,,,,,,,her,,,,,,,0.04,0.0,0.04
inject,handle,409500,,,,,,,,her,,,,,,,0.04,0.0,0.04
inject,handle,411000,,,,,,,,her,,,,,,,0.04,0.0,0.04
inject,handle,412500,,,,,,,,her,,,,,,,0.04,0.0,0.04
inject,handle,414000,,,,,,,,her,,,,,,,0.04,0.0,0.04
inject,handle,415500,,,,,,,,her,,,,,,,0.04,0.0,0.04
inject,handle,417000,,,,,,,,her,,,,,,,0.04,0.0,0.04
inject,handle,418500,,,,,,,,her,,,,,,,0.04,0.0,0.04
inject,handle,420000,,,,,,,,her,,,,,,,0.04,0.0,0.04
inject,handle,421500,,,,,,,,her,,,,,,,0.04,0.0,0.04
inject,handle,423000,,,,,,,,her,,,,,,,0.04,0.0,0.04
inject,handle,424500,,,,,,,,her,,,,,,,0.04,0.0,0.04
inject,handle,426000,,,,,,,,her,,,,,,,0.04,0.0,0.04
inject,handle,427500,,,,,,,,her,,,,,,,0.04,0.0,0.04
inject,handle,429000,,,,,,,,her,,,,,,,0.04,0.0,0.04
inject,handle,430500,,,,,,,,her,,,,,,,0.04,0.0,0.04
inject,handle,432000,,,,,,,,her,,,,,,,0.04,0.0,0.04
inject,handle,433500,,,,,,,,her,,,,,,,0.04,0.0,0.04
inject,handle,435000,,,,,,,,her,,,,,,,0.04,0.0,0.04
inject,handle,436500,,,,,,,,her,,,,,,,0.04,0.0,0.04
inject,handle,438000,,,,,,,,her,,,,,,,0.04,0.0,0.04
inject,handle,439500,,,,,,,,her,,,,,,,0.04,0.0,0.04
inject,handle,441000,,,,,,,,her,,,,,,,0.04,0.0,0.04
inject,handle,442500,,,,,,,,her,,,,,,,0.04,0.0,0.04
inject,handle,444000,,,,,,,,her,,,,,,,0.04,0.0,0.04
inject,handle,445500,,,,,,,,her,,,,,,,0.04,0.0,0.04
inject,handle,447000,,,,,,,,her,,,,,,,0.04,0.0,0.04
inject,handle,448500,,,,,,,,her,,,,,,,0.04,0.0,0.04
inject,handle,450000,,,,,,,,her,,,,,,,0.04,0.0,0.04
inject,handle,451500,,,,,,,,her,,,,,,,0.04,0.0,0.04
inject,handle,453000,,,,,,,,her,,,,,,,0.04,0.0,0.04
inject,handle,454500,,,,,,,,her,,,,,,,0.04,0.0,0.04
inject,handle,456000,,,,,,,,her,,,,,,,0.04,0.0,0.04
inject,handle,457500,,,,,,,,her,,,,,,,0.04,0.0,0.04
inject,handle,459000,,,,,,,,her,,,,,,,0.04,0.0,0.04
inject,handle,460500,,,,,,,,her,,,,,,,0.04,0.0,0.04
inject,handle,462000,,,,,,,,her,,,,,,,0.04,0.0,0.04
inject,handle,463500,,,,,,,,her,,,,,,,0.04,0.0,0.04
inject,handle,465000,,,,,,,,her,,,,,,,0.04,0.0,0.04
inject,handle,466500,,,,,,,,her,,,,,,,0.04,0.0,0.04
inject,handle,468000,,,,,,,,her,,,,,,,0.04,0.0,0.04
inject,handle,469500,,,,,,,,her,,,,,,,0.04,0.0,0.04
inject,handle,471000,,,,,,,,her,,,,,,,0.04,0.0,0.04
inject,handle,472500,,,,,,,,her,,,,,,,0.04,0.0,0.04
inject,handle,474000,,,,,,,,her,,,,,,,0.04,0.0,0.04
inject,handle,475500,,,,,,,,her,,,,,,,0.04,0.0,0.04
inject,handle,477000,,,,,,,,her,,,,,,,0.04,0.0,0.04
inject,handle,478500,,,,,,,,her,,,,,,,0.04,0.0,0.04
inject,handle,480000,,,,,,,,her,,,,,,,0.04,0.0,0.04
inject,handle,481500,,,,,,,,her,,,,,,,0.04,0.0,0.04
inject,handle,483000,,,,,,,,her,,,,,,,0.04,0.0,0.04
inject,handle,484500,,,,,,,,her,,,,,,,0.04,0.0,0.04
inject,handle,486000,,,,,,,,her,,,,,,,0.04,0.0,0.04
inject,handle,487500,,,,,,,,her,,,,,,,0.04,0.0,0.04
inject,handle,489000,,,,,,,,her,,,,,,,0.04,0.0,0.04
inject,handle,490500,,,,,,,,her,,,,,,,0.04,0.0,0.04
inject,handle,492000,,,,,,,,her,,,,,,,0.04,0.0,0.04
inject,handle,493500,,,,,,,,her,,,,,,,0.04,0.0,0.04
inject,handle,495000,,,,,,,,her,,,,,,,0.04,0.0,0.04
inject,handle,496500,,,,,,,,her,,,,,,,0.04,0.0,0.04
inject,handle,498000,,,,,,,,her,,,,,,,0.04,0.0,0.04
inject,handle,499500,,,,,,,,her,,,,,,,0.04,0.0,0.04
inject,handle,501000,,,,,,,,her,,,,,,,0.04,0.0,0.04
inject,handle,502500,,,,,,,,her,,,,,,,0.04,0.0,0.04
inject,handle,504000,,,,,,,,her,,,,,,,0.04,0.0,0.04
inject,handle,505500,,,,,,,,her,,,,,,,0.04,0.0,0.04
inject,handle,507000,,,,,,,,her,,,,,,,0.04,0.0,0.04
inject,handle,508500,,,,,,,,her,,,,,,,0.04,0.0,0.04
inject,handle,510000,,,,,,,,her,,,,,,,0.04,0.0,0.04
inject,handle,511500,,,,,,,,her,,,,,,,0.04,0.0,0.04
inject,handle,513000,,,,,,,,her,,,,,,,0.04,0.0,0.04
inject,handle,514500,,,,,,,,her,,,,,,,0.04,0.0,0.04
inject,handle,516000,,,,,,,,her,,,,,,,0.04,0.0,0.04
inject,handle,517500,,,,,,,,her,,,,,,,0.04,0.0,0.04
inject,handle,519000,,,,,,,,her,,,,,,,0.04,0.0,0.04
inject,handle,520500,,,,,,,,her,,,,,,,0.04,0.0,0.04
inject,handle,522000,,,,,,,,her,,,,,,,0.04,0.0,0.04
inject,handle,523500,,,,,,,,her,,,,,,,0.04,0.0,0.04
inject,handle,525000,,,,,,,,her,,,,,,,0.04,0.0,0.04
inject,handle,526500,,,,,,,,her,,,,,,,0.04,0.0,0.04
inject,handle,528000,,,,,,,,her,,,,,,,0.04,0.0,0.04
inject,handle,529500,,,,,,,,her,,,,,,,0.04,0.0,0.04
inject,handle,531000,,,,,,,,her,,,,,,,0.04,0.0,0.04
inject,handle,532500,,,,,,,,her,,,,,,,0.04,0.0,0.04
inject,handle,534000,,,,,,,,her,,,,,,,0.04,0.0,0.04
inject,handle,535500,,,,,,,,her,,,,,,,0.04,0.0,0.04
inject,handle,537000,,,,,,,,her,,,,,,,0.04,0.0,0.04
inject,handle,538500,,,,,,,,her,,,,,,,0.04,0.0,0.04
inject,handle,540000,,,,,,,,her,,,,,,,0.04,0.0,0.04
inject,handle,541500,,,,,,,,her,,,,,,,0.04,0.0,0.04
inject,handle,543000,,,,,,,,her,,,,,,,0.04,0.0,0.04
inject,handle,544500,,,,,,,,her,,,,,,,0.04,0.0,0.04
inject,handle,546000,,,,,,,,her,,,,,,,0.04,0.0,0.04
inject,handle,547500,,,,,,,,her,,,,,,,0.04,0.0,0.04
inject,handle,549000,,,,,,,,her,,,,,,,0.04,0.0,0.04
inject,handle,550500,,,,,,,,her,,,,,,,0.04,0.0,0.04
inject,handle,552000,,,,,,,,her,,,,,,,0.04,0.0,0.04
inject,handle,553500,,,,,,,,her,,,,,,,0.04,0.0,0.04
inject,handle,555000,,,,,,,,her,,,,,,,0.04,0.0,0.04
inject,handle,556500,,,,,,,,her,,,,,,,0.04,0.0,0.04
inject,handle,558000,,,,,,,,her,,,,,,,0.04,0.0,0.04
inject,handle,559500,,,,,,,,her,,,,,,,0.04,0.0,0.04
inject,handle,561000,,,,,,,,her,,,,,,,0.04,0.0,0.04
inject,handle,562500,,,,,,,,her,,,,,,,0.04,0.0,0.04
inject,handle,564000,,,,,,,,her,,,,,,,0.04,0.0,0.04
inject,handle,565500,,,,,,,,her,,,,,,,0.04,0.0,0.04
inject,handle,567000,,,,,,,,her,,,,,,,0.04,0.0,0.04
inject,handle,568500,,,,,,,,her,,,,,,,0.04,0.0,0.04
inject,handle,570000,,,,,,,,her,,,,,,,0.04,0.0,0.04
inject,handle,571500,,,,,,,,her,,,,,,,0.04,0.0,0.04
inject,handle,573000,,,,,,,,her,,,,,,,0.04,0.0,0.04
inject,handle,574500,,,,,,,,her,,,,,,,0.04,0.0,0.04
inject,handle,576000,,,,,,,,her,,,,,,,0.04,0.0,0.04
inject,handle,577500,,,,,,,,her,,,,,,,0.04,0.0,0.04
inject,handle,579000,,,,,,,,her,,,,,,,0.04,0.0,0.04
inject,handle,580500,,,,,,,,her,,,,,,,0.04,0.0,0.04
inject,handle,582000,,,,,,,,her,,,,,,,0.04,0.0,0.04
inject,handle,583500,,,,,,,,her,,,,,,,0.04,0.0,0.04
inject,handle,585000,,,,,,,,her,,,,,,,0.04,0.0,0.04
inject,handle,586500,,,,,,,,her,,,,,,,0.04,0.0,0.04
inject,handle,588000,,,,,,,,her,,,,,,,0.04,0.0,0.04
inject,handle,589500,,,,,,,,her,,,,,,,0.04,0.0,0.04
inject,handle,591000,,,,,,,,her,,,,,,,0.04,0.0,0.04
inject,handle,592500,,,,,,,,her,,,,,,,0.04,0.0,0.04
inject,handle,594000,,,,,,,,her,,,,,,,0.04,0.0,0.04
inject,handle,595500,,,,,,,,her,,,,,,,0.04,0.0,0.04
inject,handle,597000,,,,,,,,her,,,,,,,0.04,0.0,0.04
inject,handle,598500,,,,,,,,her,,,,,,,0.04,0.0,0.04
inject,handle,600000,,,,,,,,her,,,,,,,0.04,0.0,0.04
inject,handle,601500,,,,,,,,her,,,,,,,0.04,0.0,0.04
inject,handle,603000,,,,,,,,her,,,,,,,0.04,0.0,0.04
inject,handle,604500,,,,,,,,her,,,,,,,0.04,0.0,0.04
inject,handle,606000,,,,,,,,her,,,,,,,0.04,0.0,0.04
inject,handle,607500,,,,,,,,her,,,,,,,0.04,0.0,0.04
inject,handle,609000,,,,,,,,her,,,,,,,0.03,0.0,0.03
inject,handle,610500,,,,,,,,her,,,,,,,0.03,0.0,0.03
inject,handle,612000,,,,,,,,her,,,,,,,0.03,0.0,0.03
inject,handle,613500,,,,,,,,her,,,,,,,0.03,0.0,0.03
inject,handle,615000,,,,,,,,her,,,,,,,0.03,0.0,0.03
inject,handle,616500,,,,,,,,her,,,,,,,0.03,0.0,0.03
inject,handle,618000,,,,,,,,her,,,,,,,0.03,0.0,0.03
inject,handle,619500,,,,,,,,her,,,,,,,0.03,0.0,0.03
inject,handle,621000,,,,,,,,her,,,,,,,0.03,0.0,0.03
inject,handle,622500,,,,,,,,her,,,,,,,0.03,0.0,0.03
inject,handle,624000,,,,,,,,her,,,,,,,0.03,0.0,0.03
inject,handle,625500,,,,,,,,her,,,,,,,0.03,0.0,0.03
inject,handle,627000,,,,,,,,her,,,,,,,0.03,0.0,0.03
inject,handle,628500,,,,,,,,her,,,,,,,0.03,0.0,0.03
inject,handle,630000,,,,,,,,her,,,,,,,0.03,0.0,0.03
inject,handle,631500,,,,,,,,her,,,,,,,0.03,0.0,0.03
inject,handle,633000,,,,,,,,her,,,,,,,0.03,0.0,0.03
inject,handle,634500,,,,,,,,her,,,,,,,0.03,0.0,0.03
inject,handle,636000,,,,,,,,her,,,,,,,0.03,0.0,0.03
inject,handle,637500,,,,,,,,her,,,,,,,0.03,0.0,0.03
inject,handle,639000,,,,,,,,her,,,,,,,0.03,0.0,0.03
inject,handle,640500,,,,,,,,her,,,,,,,0.03,0.0,0.03
inject,handle,642000,,,,,,,,her,,,,,,,0.03,0.0,0.03
inject,handle,643500,,,,,,,,her,,,,,,,0.04,0.0,0.04
inject,handle,645000,,,,,,,,her,,,,,,,0.03,0.0,0.03
inject,handle,646500,,,,,,,,her,,,,,,,0.04,0.0,0.04
inject,handle,648000,,,,,,,,her,,,,,,,0.04,0.0,0.04
inject,handle,649500,,,,,,,,her,,,,,,,0.04,0.0,0.04
inject,handle,651000,,,,,,,,her,,,,,,,0.04,0.0,0.04
inject,handle,652500,,,,,,,,her,,,,,,,0.04,0.0,0.04
inject,handle,654000,,,,,,,,her,,,,,,,0.04,0.0,0.04
inject,handle,655500,,,,,,,,her,,,,,,,0.04,0.0,0.04
inject,handle,657000,,,,,,,,her,,,,,,,0.04,0.0,0.04
inject,handle,658500,,,,,,,,her,,,,,,,0.04,0.0,0.04
inject,handle,660000,,,,,,,,her,,,,,,,0.04,0.0,0.04
inject,handle,661500,,,,,,,,her,,,,,,,0.04,0.0,0.04
inject,handle,663000,,,,,,,,her,,,,,,,0.04,0.0,0.04
inject,handle,664500,,,,,,,,her,,,,,,,0.04,0.0,0.04
inject,handle,666000,,,,,,,,her,,,,,,,0.04,0.0,0.04
inject,handle,667500,,,,,,,,her,,,,,,,0.04,0.0,0.04
inject,handle,669000,,,,,,,,her,,,,,,,0.03,0.0,0.03
inject,handle,670500,,,,,,,,her,,,,,,,0.03,0.0,0.03
inject,handle,672000,,,,,,,,her,,,,,,,0.03,0.0,0.03
inject,handle,673500,,,,,,,,her,,,,,,,0.03,0.0,0.03
inject,handle,675000,,,,,,,,her,,,,,,,0.04,0.0,0.04
inject,handle,676500,,,,,,,,her,,,,,,,0.03,0.0,0.03
inject,handle,678000,,,,,,,,her,,,,,,,0.03,0.0,0.03
inject,handle,679500,,,,,,,,her,,,,,,,0.04,0.0,0.04
inject,handle,681000,,,,,,,,her,,,,,,,0.04,0.0,0.04
inject,handle,682500,,,,,,,,her,,,,,,,0.04,0.0,0.04
inject,handle,684000,,,,,,,,her,,,,,,,0.04,0.0,0.04
inject,handle,685500,,,,,,,,her,,,,,,,0.04,0.0,0.04
inject,handle,687000,,,,,,,,her,,,,,,,0.04,0.0,0.04
inject,handle,688500,,,,,,,,her,,,,,,,0.03,0.0,0.03
inject,handle,690000,,,,,,,,her,,,,,,,0.03,0.0,0.03
inject,handle,691500,,,,,,,,her,,,,,,,0.03,0.0,0.03
inject,handle,693000,,,,,,,,her,,,,,,,0.03,0.0,0.03
inject,handle,694500,,,,,,,,her,,,,,,,0.03,0.0,0.03
inject,handle,696000,,,,,,,,her,,,,,,,0.03,0.0,0.03
inject,handle,697500,,,,,,,,her,,,,,,,0.03,0.0,0.03
inject,handle,699000,,,,,,,,her,,,,,,,0.03,0.0,0.03
inject,handle,700500,,,,,,,,her,,,,,,,0.03,0.0,0.03
inject,handle,702000,,,,,,,,her,,,,,,,0.03,0.0,0.03
inject,handle,703500,,,,,,,,her,,,,,,,0.03,0.0,0.03
inject,handle,705000,,,,,,,,her,,,,,,,0.03,0.0,0.03
inject,handle,706500,,,,,,,,her,,,,,,,0.03,0.0,0.03
inject,handle,708000,,,,,,,,her,,,,,,,0.03,0.0,0.03
inject,handle,709500,,,,,,,,her,,,,,,,0.03,0.0,0.03
inject,handle,711000,,,,,,,,her,,,,,,,0.03,0.0,0.03
inject,handle,712500,,,,,,,,her,,,,,,,0.03,0.0,0.03
inject,handle,714000,,,,,,,,her,,,,,,,0.03,0.0,0.03
inject,handle,715500,,,,,,,,her,,,,,,,0.03,0.0,0.03
inject,handle,717000,,,,,,,,her,,,,,,,0.03,0.0,0.03
inject,handle,718500,,,,,,,,her,,,,,,,0.03,0.0,0.03
inject,handle,720000,,,,,,,,her,,,,,,,0.03,0.0,0.03
inject,handle,721500,,,,,,,,her,,,,,,,0.03,0.0,0.03
inject,handle,723000,,,,,,,,her,,,,,,,0.03,0.0,0.03
inject,handle,724500,,,,,,,,her,,,,,,,0.03,0.0,0.03
inject,handle,726000,,,,,,,,her,,,,,,,0.03,0.0,0.03
inject,handle,727500,,,,,,,,her,,,,,,,0.03,0.0,0.03
inject,handle,729000,,,,,,,,her,,,,,,,0.03,0.0,0.03
inject,handle,730500,,,,,,,,her,,,,,,,0.03,0.0,0.03
inject,handle,732000,,,,,,,,her,,,,,,,0.03,0.0,0.03
inject,handle,733500,,,,,,,,her,,,,,,,0.03,0.0,0.03
inject,handle,735000,,,,,,,,her,,,,,,,0.03,0.0,0.03
inject,handle,736500,,,,,,,,her,,,,,,,0.03,0.0,0.03
inject,handle,738000,,,,,,,,her,,,,,,,0.03,0.0,0.03
inject,handle,739500,,,,,,,,her,,,,,,,0.03,0.0,0.03
inject,handle,741000,,,,,,,,her,,,,,,,0.03,0.0,0.03
inject,handle,742500,,,,,,,,her,,,,,,,0.03,0.0,0.03
inject,handle,744000,,,,,,,,her,,,,,,,0.03,0.0,0.03
inject,handle,745500,,,,,,,,her,,,,,,,0.03,0.0,0.03
inject,handle,747000,,,,,,,,her,,,,,,,0.03,0.0,0.03
inject,handle,748500,,,,,,,,her,,,,,,,0.03,0.0,0.03
inject,handle,750000,,,,,,,,her,,,,,,,0.03,0.0,0.03
inject,handle,751500,,,,,,,,her,,,,,,,0.03,0.0,0.03
inject,handle,753000,,,,,,,,her,,,,,,,0.03,0.0,0.03
inject,handle,754500,,,,,,,,her,,,,,,,0.03,0.0,0.03
inject,handle,756000,,,,,,,,her,,,,,,,0.03,0.0,0.03
inject,handle,757500,,,,,,,,her,,,,,,,0.03,0.0,0.03
inject,handle,759000,,,,,,,,her,,,,,,,0.03,0.0,0.03
inject,handle,760500,,,,,,,,her,,,,,,,0.03,0.0,0.03
inject,handle,762000,,,,,,,,her,,,,,,,0.03,0.0,0.03
inject,handle,763500,,,,,,,,her,,,,,,,0.03,0.0,0.03
inject,handle,765000,,,,,,,,her,,,,,,,0.03,0.0,0.03
inject,handle,766500,,,,,,,,her,,,,,,,0.03,0.0,0.03
inject,handle,768000,,,,,,,,her,,,,,,,0.03,0.0,0.03
inject,handle,769500,,,,,,,,her,,,,,,,0.03,0.0,0.03
inject,handle,771000,,,,,,,,her,,,,,,,0.03,0.0,0.03
inject,handle,772500,,,,,,,,her,,,,,,,0.03,0.0,0.03
inject,handle,774000,,,,,,,,her,,,,,,,0.03,0.0,0.03
inject,handle,775500,,,,,,,,her,,,,,,,0.03,0.0,0.03
inject,handle,777000,,,,,,,,her,,,,,,,0.03,0.0,0.03
inject,handle,778500,,,,,,,,her,,,,,,,0.03,0.0,0.03
inject,handle,780000,,,,,,,,her,,,,,,,0.03,0.0,0.03
inject,handle,781500,,,,,,,,her,,,,,,,0.03,0.0,0.03
inject,handle,783000,,,,,,,,her,,,,,,,0.03,0.0,0.03
inject,handle,784500,,,,,,,,her,,,,,,,0.03,0.0,0.03
inject,handle,786000,,,,,,,,her,,,,,,,0.03,0.0,0.03
inject,handle,787500,,,,,,,,her,,,,,,,0.03,0.0,0.03
inject,handle,789000,,,,,,,,her,,,,,,,0.03,0.0,0.03
inject,handle,790500,,,,,,,,her,,,,,,,0.03,0.0,0.03
inject,handle,792000,,,,,,,,her,,,,,,,0.03,0.0,0.03
inject,handle,793500,,,,,,,,her,,,,,,,0.03,0.0,0.03
inject,handle,795000,,,,,,,,her,,,,,,,0.03,0.0,0.03
inject,handle,796500,,,,,,,,her,,,,,,,0.03,0.0,0.03
inject,handle,798000,,,,,,,,her,,,,,,,0.03,0.0,0.03
inject,handle,799500,,,,,,,,her,,,,,,,0.03,0.0,0.03
inject,handle,801000,,,,,,,,her,,,,,,,0.03,0.0,0.03
inject,handle,802500,,,,,,,,her,,,,,,,0.03,0.0,0.03
inject,handle,804000,,,,,,,,her,,,,,,,0.03,0.0,0.03
inject,handle,805500,,,,,,,,her,,,,,,,0.03,0.0,0.03
inject,handle,807000,,,,,,,,her,,,,,,,0.03,0.0,0.03
inject,handle,808500,,,,,,,,her,,,,,,,0.03,0.0,0.03
inject,handle,810000,,,,,,,,her,,,,,,,0.03,0.0,0.03
inject,handle,811500,,,,,,,,her,,,,,,,0.03,0.0,0.03
inject,handle,813000,,,,,,,,her,,,,,,,0.03,0.0,0.03
inject,handle,814500,,,,,,,,her,,,,,,,0.03,0.0,0.03
inject,handle,816000,,,,,,,,her,,,,,,,0.03,0.0,0.03
inject,handle,817500,,,,,,,,her,,,,,,,0.03,0.0,0.03
inject,handle,819000,,,,,,,,her,,,,,,,0.03,0.0,0.03
inject,handle,820500,,,,,,,,her,,,,,,,0.03,0.0,0.03
inject,handle,822000,,,,,,,,her,,,,,,,0.03,0.0,0.03
inject,handle,823500,,,,,,,,her,,,,,,,0.03,0.0,0.03
inject,handle,825000,,,,,,,,her,,,,,,,0.03,0.0,0.03
inject,handle,826500,,,,,,,,her,,,,,,,0.03,0.0,0.03
inject,handle,828000,,,,,,,,her,,,,,,,0.03,0.0,0.03
inject,handle,829500,,,,,,,,her,,,,,,,0.03,0.0,0.03
inject,handle,831000,,,,,,,,her,,,,,,,0.03,0.0,0.03
inject,handle,832500,,,,,,,,her,,,,,,,0.03,0.0,0.03
inject,handle,834000,,,,,,,,her,,,,,,,0.03,0.0,0.03
inject,handle,835500,,,,,,,,her,,,,,,,0.03,0.0,0.03
inject,handle,837000,,,,,,,,her,,,,,,,0.03,0.0,0.03
inject,handle,838500,,,,,,,,her,,,,,,,0.03,0.0,0.03
inject,handle,840000,,,,,,,,her,,,,,,,0.03,0.0,0.03
inject,handle,841500,,,,,,,,her,,,,,,,0.03,0.0,0.03
inject,handle,843000,,,,,,,,her,,,,,,,0.03,0.0,0.03
inject,handle,844500,,,,,,,,her,,,,,,,0.03,0.0,0.03
inject,handle,846000,,,,,,,,her,,,,,,,0.03,0.0,0.03
inject,handle,847500,,,,,,,,her,,,,,,,0.03,0.0,0.03
inject,handle,849000,,,,,,,,her,,,,,,,0.03,0.0,0.03
inject,handle,850500,,,,,,,,her,,,,,,,0.03,0.0,0.03
inject,handle,852000,,,,,,,,her,,,,,,,0.03,0.0,0.03
inject,handle,853500,,,,,,,,her,,,,,,,0.03,0.0,0.03
inject,handle,855000,,,,,,,,her,,,,,,,0.03,0.0,0.03
inject,handle,856500,,,,,,,,her,,,,,,,0.03,0.0,0.03
inject,handle,858000,,,,,,,,her,,,,,,,0.03,0.0,0.03
inject,handle,859500,,,,,,,,her,,,,,,,0.03,0.0,0.03
inject,handle,861000,,,,,,,,her,,,,,,,0.03,0.0,0.03
inject,handle,862500,,,,,,,,her,,,,,,,0.03,0.0,0.03
inject,handle,864000,,,,,,,,her,,,,,,,0.03,0.0,0.03
inject,handle,865500,,,,,,,,her,,,,,,,0.03,0.0,0.03
inject,handle,867000,,,,,,,,her,,,,,,,0.03,0.0,0.03
inject,handle,868500,,,,,,,,her,,,,,,,0.03,0.0,0.03
inject,handle,870000,,,,,,,,her,,,,,,,0.03,0.0,0.03
inject,handle,871500,,,,,,,,her,,,,,,,0.03,0.0,0.03
inject,handle,873000,,,,,,,,her,,,,,,,0.03,0.0,0.03
inject,handle,874500,,,,,,,,her,,,,,,,0.03,0.0,0.03
inject,handle,876000,,,,,,,,her,,,,,,,0.03,0.0,0.03
inject,handle,877500,,,,,,,,her,,,,,,,0.03,0.0,0.03
inject,handle,879000,,,,,,,,her,,,,,,,0.03,0.0,0.03
inject,handle,880500,,,,,,,,her,,,,,,,0.03,0.0,0.03
inject,handle,882000,,,,,,,,her,,,,,,,0.03,0.0,0.03
inject,handle,883500,,,,,,,,her,,,,,,,0.03,0.0,0.03
inject,handle,885000,,,,,,,,her,,,,,,,0.03,0.0,0.03
inject,handle,886500,,,,,,,,her,,,,,,,0.03,0.0,0.03
inject,handle,888000,,,,,,,,her,,,,,,,0.03,0.0,0.03
inject,handle,889500,,,,,,,,her,,,,,,,0.03,0.0,0.03
inject,handle,891000,,,,,,,,her,,,,,,,0.03,0.0,0.03
inject,handle,892500,,,,,,,,her,,,,,,,0.03,0.0,0.03
inject,handle,894000,,,,,,,,her,,,,,,,0.03,0.0,0.03
inject,handle,895500,,,,,,,,her,,,,,,,0.03,0.0,0.03
inject,handle,897000,,,,,,,,her,,,,,,,0.03,0.0,0.03
inject,handle,898500,,,,,,,,her,,,,,,,0.03,0.0,0.03
inject,handle,900000,,,,,,,,her,,,,,,,0.03,0.0,0.03
inject,handle,901500,,,,,,,,her,,,,,,,0.03,0.0,0.03
inject,handle,903000,,,,,,,,her,,,,,,,0.03,0.0,0.03
inject,handle,904500,,,,,,,,her,,,,,,,0.03,0.0,0.03
inject,handle,906000,,,,,,,,her,,,,,,,0.03,0.0,0.03
inject,handle,907500,,,,,,,,her,,,,,,,0.03,0.0,0.03
inject,handle,909000,,,,,,,,her,,,,,,,0.03,0.0,0.03
inject,handle,910500,,,,,,,,her,,,,,,,0.03,0.0,0.03
inject,handle,912000,,,,,,,,her,,,,,,,0.03,0.0,0.03
inject,handle,913500,,,,,,,,her,,,,,,,0.03,0.0,0.03
inject,handle,915000,,,,,,,,her,,,,,,,0.03,0.0,0.03
inject,handle,916500,,,,,,,,her,,,,,,,0.03,0.0,0.03
inject,handle,918000,,,,,,,,her,,,,,,,0.03,0.0,0.03
inject,handle,919500,,,,,,,,her,,,,,,,0.03,0.0,0.03
inject,handle,921000,,,,,,,,her,,,,,,,0.03,0.0,0.03
inject,handle,922500,,,,,,,,her,,,,,,,0.03,0.0,0.03
inject,handle,924000,,,,,,,,her,,,,,,,0.03,0.0,0.03
inject,handle,925500,,,,,,,,her,,,,,,,0.03,0.0,0.03
inject,handle,927000,,,,,,,,her,,,,,,,0.03,0.0,0.03
inject,handle,928500,,,,,,,,her,,,,,,,0.03,0.0,0.03
inject,handle,930000,,,,,,,,her,,,,,,,0.03,0.0,0.03
inject,handle,931500,,,,,,,,her,,,,,,,0.03,0.0,0.03
inject,handle,933000,,,,,,,,her,,,,,,,0.03,0.0,0.03
inject,handle,934500,,,,,,,,her,,,,,,,0.03,0.0,0.03
inject,handle,936000,,,,,,,,her,,,,,,,0.03,0.0,0.03
inject,handle,937500,,,,,,,,her,,,,,,,0.03,0.0,0.03
inject,handle,939000,,,,,,,,her,,,,,,,0.03,0.0,0.03
inject,handle,940500,,,,,,,,her,,,,,,,0.03,0.0,0.03
inject,handle,942000,,,,,,,,her,,,,,,,0.03,0.0,0.03
inject,handle,943500,,,,,,,,her,,,,,,,0.03,0.0,0.03
inject,handle,945000,,,,,,,,her,,,,,,,0.03,0.0,0.03
inject,handle,946500,,,,,,,,her,,,,,,,0.03,0.0,0.03
inject,handle,948000,,,,,,,,her,,,,,,,0.03,0.0,0.03
inject,handle,949500,,,,,,,,her,,,,,,,0.03,0.0,0.03
inject,handle,951000,,,,,,,,her,,,,,,,0.03,0.0,0.03
inject,handle,952500,,,,,,,,her,,,,,,,0.03,0.0,0.03
inject,handle,954000,,,,,,,,her,,,,,,,0.03,0.0,0.03
inject,handle,955500,,,,,,,,her,,,,,,,0.03,0.0,0.03
inject,handle,957000,,,,,,,,her,,,,,,,0.03,0.0,0.03
inject,handle,958500,,,,,,,,her,,,,,,,0.03,0.0,0.03
inject,handle,960000,,,,,,,,her,,,,,,,0.03,0.0,0.03
inject,handle,961500,,,,,,,,her,,,,,,,0.03,0.0,0.03
inject,handle,963000,,,,,,,,her,,,,,,,0.03,0.0,0.03
inject,handle,964500,,,,,,,,her,,,,,,,0.03,0.0,0.03
inject,handle,966000,,,,,,,,her,,,,,,,0.03,0.0,0.03
inject,handle,967500,,,,,,,,her,,,,,,,0.03,0.0,0.03
inject,handle,969000,,,,,,,,her,,,,,,,0.03,0.0,0.03
inject,handle,970500,,,,,,,,her,,,,,,,0.03,0.0,0.03
inject,handle,972000,,,,,,,,her,,,,,,,0.03,0.0,0.03
inject,handle,973500,,,,,,,,her,,,,,,,0.03,0.0,0.03
inject,handle,975000,,,,,,,,her,,,,,,,0.03,0.0,0.03
inject,handle,976500,,,,,,,,her,,,,,,,0.03,0.0,0.03
inject,handle,978000,,,,,,,,her,,,,,,,0.03,0.0,0.03
inject,handle,979500,,,,,,,,her,,,,,,,0.03,0.0,0.03
inject,handle,981000,,,,,,,,her,,,,,,,0.03,0.0,0.03
inject,handle,982500,,,,,,,,her,,,,,,,0.03,0.0,0.03
inject,handle,984000,,,,,,,,her,,,,,,,0.03,0.0,0.03
inject,handle,985500,,,,,,,,her,,,,,,,0.03,0.0,0.03
inject,handle,987000,,,,,,,,her,,,,,,,0.03,0.0,0.03
inject,handle,988500,,,,,,,,her,,,,,,,0.03,0.0,0.03
inject,handle,990000,,,,,,,,her,,,,,,,0.03,0.0,0.03
inject,inject,1500,,,,,,,,her,,,,,,,0.0,0.0,0.0
inject,inject,3000,,,,,,,,her,,,,,,,0.0,0.0,0.0
inject,inject,4500,,,,,,,,her,,,,,,,0.0,0.0,0.0
inject,inject,6000,,,,,,,,her,,,,,,,0.0,0.0,0.0
inject,inject,7500,,,,,,,,her,,,,,,,0.0,0.0,0.0
inject,inject,9000,,,,,,,,her,,,,,,,0.0,0.0,0.0
inject,inject,10500,,,,,,,,her,,,,,,,0.0,0.0,0.0
inject,inject,12000,,,,,,,,her,,,,,,,0.0,0.0,0.0
inject,inject,13500,,,,,,,,her,,,,,,,0.0,0.0,0.0
inject,inject,15000,,,,,,,,her,,,,,,,0.0,0.0,0.0
inject,inject,16500,,,,,,,,her,,,,,,,0.0,0.0,0.0
inject,inject,18000,,,,,,,,her,,,,,,,0.0,0.0,0.0
inject,inject,19500,,,,,,,,her,,,,,,,0.0,0.0,0.0
inject,inject,21000,,,,,,,,her,,,,,,,0.0,0.0,0.0
inject,inject,22500,,,,,,,,her,,,,,,,0.0,0.0,0.0
inject,inject,24000,,,,,,,,her,,,,,,,0.0,0.0,0.0
inject,inject,25500,,,,,,,,her,,,,,,,0.0,0.0,0.0
inject,inject,27000,,,,,,,,her,,,,,,,0.0,0.0,0.0
inject,inject,28500,,,,,,,,her,,,,,,,0.01,0.0,0.01
inject,inject,30000,,,,,,,,her,,,,,,,0.01,0.0,0.01
inject,inject,31500,,,,,,,,her,,,,,,,0.01,0.0,0.01
inject,inject,33000,,,,,,,,her,,,,,,,0.01,0.0,0.01
inject,inject,34500,,,,,,,,her,,,,,,,0.01,0.0,0.01
inject,inject,36000,,,,,,,,her,,,,,,,0.01,0.0,0.01
inject,inject,37500,,,,,,,,her,,,,,,,0.01,0.0,0.01
inject,inject,39000,,,,,,,,her,,,,,,,0.01,0.0,0.01
inject,inject,40500,,,,,,,,her,,,,,,,0.01,0.0,0.01
inject,inject,42000,,,,,,,,her,,,,,,,0.01,0.0,0.01
inject,inject,43500,,,,,,,,her,,,,,,,0.01,0.0,0.01
inject,inject,45000,,,,,,,,her,,,,,,,0.01,0.0,0.01
inject,inject,46500,,,,,,,,her,,,,,,,0.01,0.0,0.01
inject,inject,48000,,,,,,,,her,,,,,,,0.01,0.0,0.01
inject,inject,49500,,,,,,,,her,,,,,,,0.01,0.0,0.01
inject,inject,51000,,,,,,,,her,,,,,,,0.01,0.0,0.01
inject,inject,52500,,,,,,,,her,,,,,,,0.01,0.0,0.01
inject,inject,54000,,,,,,,,her,,,,,,,0.01,0.0,0.01
inject,inject,55500,,,,,,,,her,,,,,,,0.01,0.0,0.01
inject,inject,57000,,,,,,,,her,,,,,,,0.01,0.0,0.01
inject,inject,58500,,,,,,,,her,,,,,,,0.01,0.0,0.01
inject,inject,60000,,,,,,,,her,,,,,,,0.02,0.0,0.02
inject,inject,61500,,,,,,,,her,,,,,,,0.02,0.0,0.02
inject,inject,63000,,,,,,,,her,,,,,,,0.02,0.0,0.02
inject,inject,64500,,,,,,,,her,,,,,,,0.02,0.0,0.02
inject,inject,66000,,,,,,,,her,,,,,,,0.02,0.0,0.02
inject,inject,67500,,,,,,,,her,,,,,,,0.02,0.0,0.02
inject,inject,69000,,,,,,,,her,,,,,,,0.02,0.0,0.02
inject,inject,70500,,,,,,,,her,,,,,,,0.02,0.0,0.02
inject,inject,72000,,,,,,,,her,,,,,,,0.02,0.0,0.02
inject,inject,73500,,,,,,,,her,,,,,,,0.02,0.0,0.02
inject,inject,75000,,,,,,,,her,,,,,,,0.02,0.0,0.02
inject,inject,76500,,,,,,,,her,,,,,,,0.02,0.0,0.02
inject,inject,78000,,,,,,,,her,,,,,,,0.02,0.0,0.02
inject,inject,79500,,,,,,,,her,,,,,,,0.02,0.0,0.02
inject,inject,81000,,,,,,,,her,,,,,,,0.02,0.0,0.02
inject,inject,82500,,,,,,,,her,,,,,,,0.02,0.0,0.02
inject,inject,84000,,,,,,,,her,,,,,,,0.02,0.0,0.02
inject,inject,85500,,,,,,,,her,,,,,,,0.02,0.0,0.02
inject,inject,87000,,,,,,,,her,,,,,,,0.02,0.0,0.02
inject,inject,88500,,,,,,,,her,,,,,,,0.02,0.0,0.02
inject,inject,90000,,,,,,,,her,,,,,,,0.02,0.0,0.02
inject,inject,91500,,,,,,,,her,,,,,,,0.02,0.0,0.02
inject,inject,93000,,,,,,,,her,,,,,,,0.02,0.0,0.02
inject,inject,94500,,,,,,,,her,,,,,,,0.02,0.0,0.02
inject,inject,96000,,,,,,,,her,,,,,,,0.02,0.0,0.02
inject,inject,97500,,,,,,,,her,,,,,,,0.02,0.0,0.02
inject,inject,99000,,,,,,,,her,,,,,,,0.02,0.0,0.02
inject,inject,100500,,,,,,,,her,,,,,,,0.02,0.0,0.02
inject,inject,102000,,,,,,,,her,,,,,,,0.02,0.0,0.02
inject,inject,103500,,,,,,,,her,,,,,,,0.02,0.0,0.02
inject,inject,105000,,,,,,,,her,,,,,,,0.02,0.0,0.02
inject,inject,106500,,,,,,,,her,,,,,,,0.02,0.0,0.02
inject,inject,108000,,,,,,,,her,,,,,,,0.02,0.0,0.02
inject,inject,109500,,,,,,,,her,,,,,,,0.02,0.0,0.02
inject,inject,111000,,,,,,,,her,,,,,,,0.02,0.0,0.02
inject,inject,112500,,,,,,,,her,,,,,,,0.02,0.0,0.02
inject,inject,114000,,,,,,,,her,,,,,,,0.02,0.0,0.02
inject,inject,115500,,,,,,,,her,,,,,,,0.02,0.0,0.02
inject,inject,117000,,,,,,,,her,,,,,,,0.02,0.0,0.02
inject,inject,118500,,,,,,,,her,,,,,,,0.02,0.0,0.02
inject,inject,120000,,,,,,,,her,,,,,,,0.02,0.0,0.02
inject,inject,121500,,,,,,,,her,,,,,,,0.02,0.0,0.02
inject,inject,123000,,,,,,,,her,,,,,,,0.02,0.0,0.02
inject,inject,124500,,,,,,,,her,,,,,,,0.02,0.0,0.02
inject,inject,126000,,,,,,,,her,,,,,,,0.02,0.0,0.02
inject,inject,127500,,,,,,,,her,,,,,,,0.02,0.0,0.02
inject,inject,129000,,,,,,,,her,,,,,,,0.02,0.0,0.02
inject,inject,130500,,,,,,,,her,,,,,,,0.02,0.0,0.02
inject,inject,132000,,,,,,,,her,,,,,,,0.02,0.0,0.02
inject,inject,133500,,,,,,,,her,,,,,,,0.02,0.0,0.02
inject,inject,135000,,,,,,,,her,,,,,,,0.02,0.0,0.02
inject,inject,136500,,,,,,,,her,,,,,,,0.02,0.0,0.02
inject,inject,138000,,,,,,,,her,,,,,,,0.02,0.0,0.02
inject,inject,139500,,,,,,,,her,,,,,,,0.02,0.0,0.02
inject,inject,141000,,,,,,,,her,,,,,,,0.02,0.0,0.02
inject,inject,142500,,,,,,,,her,,,,,,,0.02,0.0,0.02
inject,inject,144000,,,,,,,,her,,,,,,,0.02,0.0,0.02
inject,inject,145500,,,,,,,,her,,,,,,,0.02,0.0,0.02
inject,inject,147000,,,,,,,,her,,,,,,,0.02,0.0,0.02
inject,inject,148500,,,,,,,,her,,,,,,,0.02,0.0,0.02
inject,inject,150000,,,,,,,,her,,,,,,,0.02,0.0,0.02
inject,inject,151500,,,,,,,,her,,,,,,,0.02,0.0,0.02
inject,inject,153000,,,,,,,,her,,,,,,,0.02,0.0,0.02
inject,inject,154500,,,,,,,,her,,,,,,,0.02,0.0,0.02
inject,inject,156000,,,,,,,,her,,,,,,,0.02,0.0,0.02
inject,inject,157500,,,,,,,,her,,,,,,,0.02,0.0,0.02
inject,inject,159000,,,,,,,,her,,,,,,,0.02,0.0,0.02
inject,inject,160500,,,,,,,,her,,,,,,,0.02,0.0,0.02
inject,inject,162000,,,,,,,,her,,,,,,,0.02,0.0,0.02
inject,inject,163500,,,,,,,,her,,,,,,,0.02,0.0,0.02
inject,inject,165000,,,,,,,,her,,,,,,,0.02,0.0,0.02
inject,inject,166500,,,,,,,,her,,,,,,,0.02,0.0,0.02
inject,inject,168000,,,,,,,,her,,,,,,,0.02,0.0,0.02
inject,inject,169500,,,,,,,,her,,,,,,,0.02,0.0,0.02
inject,inject,171000,,,,,,,,her,,,,,,,0.02,0.0,0.02
inject,inject,172500,,,,,,,,her,,,,,,,0.02,0.0,0.02
inject,inject,174000,,,,,,,,her,,,,,,,0.02,0.0,0.02
inject,inject,175500,,,,,,,,her,,,,,,,0.02,0.0,0.02
inject,inject,177000,,,,,,,,her,,,,,,,0.02,0.0,0.02
inject,inject,178500,,,,,,,,her,,,,,,,0.02,0.0,0.02
inject,inject,180000,,,,,,,,her,,,,,,,0.02,0.0,0.02
inject,inject,181500,,,,,,,,her,,,,,,,0.02,0.0,0.02
inject,inject,183000,,,,,,,,her,,,,,,,0.02,0.0,0.02
inject,inject,184500,,,,,,,,her,,,,,,,0.02,0.0,0.02
inject,inject,186000,,,,,,,,her,,,,,,,0.02,0.0,0.02
inject,inject,187500,,,,,,,,her,,,,,,,0.02,0.0,0.02
inject,inject,189000,,,,,,,,her,,,,,,,0.02,0.0,0.02
inject,inject,190500,,,,,,,,her,,,,,,,0.02,0.0,0.02
inject,inject,192000,,,,,,,,her,,,,,,,0.02,0.0,0.02
inject,inject,193500,,,,,,,,her,,,,,,,0.02,0.0,0.02
inject,inject,195000,,,,,,,,her,,,,,,,0.02,0.0,0.02
inject,inject,196500,,,,,,,,her,,,,,,,0.02,0.0,0.02
inject,inject,198000,,,,,,,,her,,,,,,,0.02,0.0,0.02
inject,inject,199500,,,,,,,,her,,,,,,,0.02,0.0,0.02
inject,inject,201000,,,,,,,,her,,,,,,,0.02,0.0,0.02
inject,inject,202500,,,,,,,,her,,,,,,,0.02,0.0,0.02
inject,inject,204000,,,,,,,,her,,,,,,,0.02,0.0,0.02
inject,inject,205500,,,,,,,,her,,,,,,,0.02,0.0,0.02
inject,inject,207000,,,,,,,,her,,,,,,,0.02,0.0,0.02
inject,inject,208500,,,,,,,,her,,,,,,,0.03,0.0,0.03
inject,inject,210000,,,,,,,,her,,,,,,,0.03,0.0,0.03
inject,inject,211500,,,,,,,,her,,,,,,,0.03,0.0,0.03
inject,inject,213000,,,,,,,,her,,,,,,,0.03,0.0,0.03
inject,inject,214500,,,,,,,,her,,,,,,,0.03,0.0,0.03
inject,inject,216000,,,,,,,,her,,,,,,,0.03,0.0,0.03
inject,inject,217500,,,,,,,,her,,,,,,,0.03,0.0,0.03
inject,inject,219000,,,,,,,,her,,,,,,,0.03,0.0,0.03
inject,inject,220500,,,,,,,,her,,,,,,,0.03,0.0,0.03
inject,inject,222000,,,,,,,,her,,,,,,,0.03,0.0,0.03
inject,inject,223500,,,,,,,,her,,,,,,,0.03,0.0,0.03
inject,inject,225000,,,,,,,,her,,,,,,,0.03,0.0,0.03
inject,inject,226500,,,,,,,,her,,,,,,,0.03,0.0,0.03
inject,inject,228000,,,,,,,,her,,,,,,,0.03,0.0,0.03
inject,inject,229500,,,,,,,,her,,,,,,,0.03,0.0,0.03
inject,inject,231000,,,,,,,,her,,,,,,,0.03,0.0,0.03
inject,inject,232500,,,,,,,,her,,,,,,,0.03,0.0,0.03
inject,inject,234000,,,,,,,,her,,,,,,,0.03,0.0,0.03
inject,inject,235500,,,,,,,,her,,,,,,,0.03,0.0,0.03
inject,inject,237000,,,,,,,,her,,,,,,,0.03,0.0,0.03
inject,inject,238500,,,,,,,,her,,,,,,,0.03,0.0,0.03
inject,inject,240000,,,,,,,,her,,,,,,,0.03,0.0,0.03
inject,inject,241500,,,,,,,,her,,,,,,,0.03,0.0,0.03
inject,inject,243000,,,,,,,,her,,,,,,,0.03,0.0,0.03
inject,inject,244500,,,,,,,,her,,,,,,,0.03,0.0,0.03
inject,inject,246000,,,,,,,,her,,,,,,,0.03,0.0,0.03
inject,inject,247500,,,,,,,,her,,,,,,,0.03,0.0,0.03
inject,inject,249000,,,,,,,,her,,,,,,,0.03,0.0,0.03
inject,inject,250500,,,,,,,,her,,,,,,,0.03,0.0,0.03
inject,inject,252000,,,,,,,,her,,,,,,,0.03,0.0,0.03
inject,inject,253500,,,,,,,,her,,,,,,,0.04,0.0,0.04
inject,inject,255000,,,,,,,,her,,,,,,,0.06,0.0,0.06
inject,inject,256500,,,,,,,,her,,,,,,,0.07,0.0,0.07
inject,inject,258000,,,,,,,,her,,,,,,,0.07,0.0,0.07
inject,inject,259500,,,,,,,,her,,,,,,,0.08,0.0,0.08
inject,inject,261000,,,,,,,,her,,,,,,,0.09,0.0,0.09
inject,inject,262500,,,,,,,,her,,,,,,,0.1,0.0,0.1
inject,inject,264000,,,,,,,,her,,,,,,,0.1,0.0,0.1
inject,inject,265500,,,,,,,,her,,,,,,,0.11,0.0,0.11
inject,inject,267000,,,,,,,,her,,,,,,,0.11,0.0,0.11
inject,inject,268500,,,,,,,,her,,,,,,,0.12,0.0,0.12
inject,inject,270000,,,,,,,,her,,,,,,,0.12,0.0,0.12
inject,inject,271500,,,,,,,,her,,,,,,,0.13,0.0,0.13
inject,inject,273000,,,,,,,,her,,,,,,,0.13,0.0,0.13
inject,inject,274500,,,,,,,,her,,,,,,,0.13,0.0,0.13
inject,inject,276000,,,,,,,,her,,,,,,,0.13,0.0,0.13
inject,inject,277500,,,,,,,,her,,,,,,,0.14,0.0,0.14
inject,inject,279000,,,,,,,,her,,,,,,,0.14,0.0,0.14
inject,inject,280500,,,,,,,,her,,,,,,,0.14,0.0,0.14
inject,inject,282000,,,,,,,,her,,,,,,,0.14,0.0,0.14
inject,inject,283500,,,,,,,,her,,,,,,,0.14,0.0,0.14
inject,inject,285000,,,,,,,,her,,,,,,,0.14,0.0,0.14
inject,inject,286500,,,,,,,,her,,,,,,,0.15,0.0,0.15
inject,inject,288000,,,,,,,,her,,,,,,,0.15,0.0,0.15
inject,inject,289500,,,,,,,,her,,,,,,,0.15,0.0,0.15
inject,inject,291000,,,,,,,,her,,,,,,,0.15,0.0,0.15
inject,inject,292500,,,,,,,,her,,,,,,,0.15,0.0,0.15
inject,inject,294000,,,,,,,,her,,,,,,,0.15,0.0,0.15
inject,inject,295500,,,,,,,,her,,,,,,,0.15,0.0,0.15
inject,inject,297000,,,,,,,,her,,,,,,,0.15,0.0,0.15
inject,inject,298500,,,,,,,,her,,,,,,,0.15,0.0,0.15
inject,inject,300000,,,,,,,,her,,,,,,,0.15,0.0,0.15
inject,inject,301500,,,,,,,,her,,,,,,,0.15,0.0,0.15
inject,inject,303000,,,,,,,,her,,,,,,,0.15,0.0,0.15
inject,inject,304500,,,,,,,,her,,,,,,,0.15,0.0,0.15
inject,inject,306000,,,,,,,,her,,,,,,,0.15,0.0,0.15
inject,inject,307500,,,,,,,,her,,,,,,,0.15,0.0,0.15
inject,inject,309000,,,,,,,,her,,,,,,,0.15,0.0,0.15
inject,inject,310500,,,,,,,,her,,,,,,,0.15,0.0,0.15
inject,inject,312000,,,,,,,,her,,,,,,,0.15,0.0,0.15
inject,inject,313500,,,,,,,,her,,,,,,,0.15,0.0,0.15
inject,inject,315000,,,,,,,,her,,,,,,,0.15,0.0,0.15
inject,inject,316500,,,,,,,,her,,,,,,,0.15,0.0,0.15
inject,inject,318000,,,,,,,,her,,,,,,,0.15,0.0,0.15
inject,inject,319500,,,,,,,,her,,,,,,,0.15,0.0,0.15
inject,inject,321000,,,,,,,,her,,,,,,,0.14,0.0,0.14
inject,inject,322500,,,,,,,,her,,,,,,,0.14,0.0,0.14
inject,inject,324000,,,,,,,,her,,,,,,,0.14,0.0,0.14
inject,inject,325500,,,,,,,,her,,,,,,,0.14,0.0,0.14
inject,inject,327000,,,,,,,,her,,,,,,,0.14,0.0,0.14
inject,inject,328500,,,,,,,,her,,,,,,,0.14,0.0,0.14
inject,inject,330000,,,,,,,,her,,,,,,,0.14,0.0,0.14
inject,inject,331500,,,,,,,,her,,,,,,,0.14,0.0,0.14
inject,inject,333000,,,,,,,,her,,,,,,,0.14,0.0,0.14
inject,inject,334500,,,,,,,,her,,,,,,,0.14,0.0,0.14
inject,inject,336000,,,,,,,,her,,,,,,,0.14,0.0,0.14
inject,inject,337500,,,,,,,,her,,,,,,,0.14,0.0,0.14
inject,inject,339000,,,,,,,,her,,,,,,,0.14,0.0,0.14
inject,inject,340500,,,,,,,,her,,,,,,,0.14,0.0,0.14
inject,inject,342000,,,,,,,,her,,,,,,,0.14,0.0,0.14
inject,inject,343500,,,,,,,,her,,,,,,,0.14,0.0,0.14
inject,inject,345000,,,,,,,,her,,,,,,,0.14,0.0,0.14
inject,inject,346500,,,,,,,,her,,,,,,,0.14,0.0,0.14
inject,inject,348000,,,,,,,,her,,,,,,,0.14,0.0,0.14
inject,inject,349500,,,,,,,,her,,,,,,,0.14,0.0,0.14
inject,inject,351000,,,,,,,,her,,,,,,,0.14,0.0,0.14
inject,inject,352500,,,,,,,,her,,,,,,,0.14,0.0,0.14
inject,inject,354000,,,,,,,,her,,,,,,,0.14,0.0,0.14
inject,inject,355500,,,,,,,,her,,,,,,,0.14,0.0,0.14
inject,inject,357000,,,,,,,,her,,,,,,,0.14,0.0,0.14
inject,inject,358500,,,,,,,,her,,,,,,,0.13,0.0,0.13
inject,inject,360000,,,,,,,,her,,,,,,,0.13,0.0,0.13
inject,inject,361500,,,,,,,,her,,,,,,,0.13,0.0,0.13
inject,inject,363000,,,,,,,,her,,,,,,,0.13,0.0,0.13
inject,inject,364500,,,,,,,,her,,,,,,,0.13,0.0,0.13
inject,inject,366000,,,,,,,,her,,,,,,,0.13,0.0,0.13
inject,inject,367500,,,,,,,,her,,,,,,,0.13,0.0,0.13
inject,inject,369000,,,,,,,,her,,,,,,,0.13,0.0,0.13
inject,inject,370500,,,,,,,,her,,,,,,,0.13,0.0,0.13
inject,inject,372000,,,,,,,,her,,,,,,,0.13,0.0,0.13
inject,inject,373500,,,,,,,,her,,,,,,,0.13,0.0,0.13
inject,inject,375000,,,,,,,,her,,,,,,,0.13,0.0,0.13
inject,inject,376500,,,,,,,,her,,,,,,,0.13,0.0,0.13
inject,inject,378000,,,,,,,,her,,,,,,,0.13,0.0,0.13
inject,inject,379500,,,,,,,,her,,,,,,,0.13,0.0,0.13
inject,inject,381000,,,,,,,,her,,,,,,,0.13,0.0,0.13
inject,inject,382500,,,,,,,,her,,,,,,,0.13,0.0,0.13
inject,inject,384000,,,,,,,,her,,,,,,,0.13,0.0,0.13
inject,inject,385500,,,,,,,,her,,,,,,,0.13,0.0,0.13
inject,inject,387000,,,,,,,,her,,,,,,,0.13,0.0,0.13
inject,inject,388500,,,,,,,,her,,,,,,,0.13,0.0,0.13
inject,inject,390000,,,,,,,,her,,,,,,,0.13,0.0,0.13
inject,inject,391500,,,,,,,,her,,,,,,,0.13,0.0,0.13
inject,inject,393000,,,,,,,,her,,,,,,,0.13,0.0,0.13
inject,inject,394500,,,,,,,,her,,,,,,,0.13,0.0,0.13
inject,inject,396000,,,,,,,,her,,,,,,,0.13,0.0,0.13
inject,inject,397500,,,,,,,,her,,,,,,,0.13,0.0,0.13
inject,inject,399000,,,,,,,,her,,,,,,,0.13,0.0,0.13
inject,inject,400500,,,,,,,,her,,,,,,,0.13,0.0,0.13
inject,inject,402000,,,,,,,,her,,,,,,,0.13,0.0,0.13
inject,inject,403500,,,,,,,,her,,,,,,,0.13,0.0,0.13
inject,inject,405000,,,,,,,,her,,,,,,,0.12,0.0,0.12
inject,inject,406500,,,,,,,,her,,,,,,,0.12,0.0,0.12
inject,inject,408000,,,,,,,,her,,,,,,,0.12,0.0,0.12
inject,inject,409500,,,,,,,,her,,,,,,,0.12,0.0,0.12
inject,inject,411000,,,,,,,,her,,,,,,,0.12,0.0,0.12
inject,inject,412500,,,,,,,,her,,,,,,,0.12,0.0,0.12
inject,inject,414000,,,,,,,,her,,,,,,,0.12,0.0,0.12
inject,inject,415500,,,,,,,,her,,,,,,,0.12,0.0,0.12
inject,inject,417000,,,,,,,,her,,,,,,,0.12,0.0,0.12
inject,inject,418500,,,,,,,,her,,,,,,,0.12,0.0,0.12
inject,inject,420000,,,,,,,,her,,,,,,,0.12,0.0,0.12
inject,inject,421500,,,,,,,,her,,,,,,,0.12,0.0,0.12
inject,inject,423000,,,,,,,,her,,,,,,,0.12,0.0,0.12
inject,inject,424500,,,,,,,,her,,,,,,,0.12,0.0,0.12
inject,inject,426000,,,,,,,,her,,,,,,,0.12,0.0,0.12
inject,inject,427500,,,,,,,,her,,,,,,,0.12,0.0,0.12
inject,inject,429000,,,,,,,,her,,,,,,,0.12,0.0,0.12
inject,inject,430500,,,,,,,,her,,,,,,,0.12,0.0,0.12
inject,inject,432000,,,,,,,,her,,,,,,,0.12,0.0,0.12
inject,inject,433500,,,,,,,,her,,,,,,,0.12,0.0,0.12
inject,inject,435000,,,,,,,,her,,,,,,,0.12,0.0,0.12
inject,inject,436500,,,,,,,,her,,,,,,,0.12,0.0,0.12
inject,inject,438000,,,,,,,,her,,,,,,,0.12,0.0,0.12
inject,inject,439500,,,,,,,,her,,,,,,,0.12,0.0,0.12
inject,inject,441000,,,,,,,,her,,,,,,,0.12,0.0,0.12
inject,inject,442500,,,,,,,,her,,,,,,,0.12,0.0,0.12
inject,inject,444000,,,,,,,,her,,,,,,,0.12,0.0,0.12
inject,inject,445500,,,,,,,,her,,,,,,,0.12,0.0,0.12
inject,inject,447000,,,,,,,,her,,,,,,,0.12,0.0,0.12
inject,inject,448500,,,,,,,,her,,,,,,,0.12,0.0,0.12
inject,inject,450000,,,,,,,,her,,,,,,,0.12,0.0,0.12
inject,inject,451500,,,,,,,,her,,,,,,,0.12,0.0,0.12
inject,inject,453000,,,,,,,,her,,,,,,,0.12,0.0,0.12
inject,inject,454500,,,,,,,,her,,,,,,,0.12,0.0,0.12
inject,inject,456000,,,,,,,,her,,,,,,,0.12,0.0,0.12
inject,inject,457500,,,,,,,,her,,,,,,,0.12,0.0,0.12
inject,inject,459000,,,,,,,,her,,,,,,,0.12,0.0,0.12
inject,inject,460500,,,,,,,,her,,,,,,,0.12,0.0,0.12
inject,inject,462000,,,,,,,,her,,,,,,,0.12,0.0,0.12
inject,inject,463500,,,,,,,,her,,,,,,,0.12,0.0,0.12
inject,inject,465000,,,,,,,,her,,,,,,,0.12,0.0,0.12
inject,inject,466500,,,,,,,,her,,,,,,,0.12,0.0,0.12
inject,inject,468000,,,,,,,,her,,,,,,,0.12,0.0,0.12
inject,inject,469500,,,,,,,,her,,,,,,,0.12,0.0,0.12
inject,inject,471000,,,,,,,,her,,,,,,,0.11,0.0,0.11
inject,inject,472500,,,,,,,,her,,,,,,,0.11,0.0,0.11
inject,inject,474000,,,,,,,,her,,,,,,,0.11,0.0,0.11
inject,inject,475500,,,,,,,,her,,,,,,,0.11,0.0,0.11
inject,inject,477000,,,,,,,,her,,,,,,,0.11,0.0,0.11
inject,inject,478500,,,,,,,,her,,,,,,,0.11,0.0,0.11
inject,inject,480000,,,,,,,,her,,,,,,,0.11,0.0,0.11
inject,inject,481500,,,,,,,,her,,,,,,,0.11,0.0,0.11
inject,inject,483000,,,,,,,,her,,,,,,,0.11,0.0,0.11
inject,inject,484500,,,,,,,,her,,,,,,,0.11,0.0,0.11
inject,inject,486000,,,,,,,,her,,,,,,,0.11,0.0,0.11
inject,inject,487500,,,,,,,,her,,,,,,,0.11,0.0,0.11
inject,inject,489000,,,,,,,,her,,,,,,,0.11,0.0,0.11
inject,inject,490500,,,,,,,,her,,,,,,,0.11,0.0,0.11
inject,inject,492000,,,,,,,,her,,,,,,,0.11,0.0,0.11
inject,inject,493500,,,,,,,,her,,,,,,,0.11,0.0,0.11
inject,inject,495000,,,,,,,,her,,,,,,,0.11,0.0,0.11
inject,inject,496500,,,,,,,,her,,,,,,,0.11,0.0,0.11
inject,inject,498000,,,,,,,,her,,,,,,,0.11,0.0,0.11
inject,inject,499500,,,,,,,,her,,,,,,,0.11,0.0,0.11
inject,inject,501000,,,,,,,,her,,,,,,,0.11,0.0,0.11
inject,inject,502500,,,,,,,,her,,,,,,,0.11,0.0,0.11
inject,inject,504000,,,,,,,,her,,,,,,,0.11,0.0,0.11
inject,inject,505500,,,,,,,,her,,,,,,,0.11,0.0,0.11
inject,inject,507000,,,,,,,,her,,,,,,,0.11,0.0,0.11
inject,inject,508500,,,,,,,,her,,,,,,,0.11,0.0,0.11
inject,inject,510000,,,,,,,,her,,,,,,,0.11,0.0,0.11
inject,inject,511500,,,,,,,,her,,,,,,,0.11,0.0,0.11
inject,inject,513000,,,,,,,,her,,,,,,,0.11,0.0,0.11
inject,inject,514500,,,,,,,,her,,,,,,,0.11,0.0,0.11
inject,inject,516000,,,,,,,,her,,,,,,,0.11,0.0,0.11
inject,inject,517500,,,,,,,,her,,,,,,,0.11,0.0,0.11
inject,inject,519000,,,,,,,,her,,,,,,,0.11,0.0,0.11
inject,inject,520500,,,,,,,,her,,,,,,,0.11,0.0,0.11
inject,inject,522000,,,,,,,,her,,,,,,,0.11,0.0,0.11
inject,inject,523500,,,,,,,,her,,,,,,,0.11,0.0,0.11
inject,inject,525000,,,,,,,,her,,,,,,,0.11,0.0,0.11
inject,inject,526500,,,,,,,,her,,,,,,,0.11,0.0,0.11
inject,inject,528000,,,,,,,,her,,,,,,,0.11,0.0,0.11
inject,inject,529500,,,,,,,,her,,,,,,,0.11,0.0,0.11
inject,inject,531000,,,,,,,,her,,,,,,,0.11,0.0,0.11
inject,inject,532500,,,,,,,,her,,,,,,,0.11,0.0,0.11
inject,inject,534000,,,,,,,,her,,,,,,,0.11,0.0,0.11
inject,inject,535500,,,,,,,,her,,,,,,,0.11,0.0,0.11
inject,inject,537000,,,,,,,,her,,,,,,,0.11,0.0,0.11
inject,inject,538500,,,,,,,,her,,,,,,,0.11,0.0,0.11
inject,inject,540000,,,,,,,,her,,,,,,,0.11,0.0,0.11
inject,inject,541500,,,,,,,,her,,,,,,,0.11,0.0,0.11
inject,inject,543000,,,,,,,,her,,,,,,,0.11,0.0,0.11
inject,inject,544500,,,,,,,,her,,,,,,,0.11,0.0,0.11
inject,inject,546000,,,,,,,,her,,,,,,,0.11,0.0,0.11
inject,inject,547500,,,,,,,,her,,,,,,,0.11,0.0,0.11
inject,inject,549000,,,,,,,,her,,,,,,,0.11,0.0,0.11
inject,inject,550500,,,,,,,,her,,,,,,,0.1,0.0,0.1
inject,inject,552000,,,,,,,,her,,,,,,,0.1,0.0,0.1
inject,inject,553500,,,,,,,,her,,,,,,,0.1,0.0,0.1
inject,inject,555000,,,,,,,,her,,,,,,,0.1,0.0,0.1
inject,inject,556500,,,,,,,,her,,,,,,,0.1,0.0,0.1
inject,inject,558000,,,,,,,,her,,,,,,,0.1,0.0,0.1
inject,inject,559500,,,,,,,,her,,,,,,,0.1,0.0,0.1
inject,inject,561000,,,,,,,,her,,,,,,,0.1,0.0,0.1
inject,inject,562500,,,,,,,,her,,,,,,,0.1,0.0,0.1
inject,inject,564000,,,,,,,,her,,,,,,,0.1,0.0,0.1
inject,inject,565500,,,,,,,,her,,,,,,,0.1,0.0,0.1
inject,inject,567000,,,,,,,,her,,,,,,,0.1,0.0,0.1
inject,inject,568500,,,,,,,,her,,,,,,,0.1,0.0,0.1
inject,inject,570000,,,,,,,,her,,,,,,,0.1,0.0,0.1
inject,inject,571500,,,,,,,,her,,,,,,,0.1,0.0,0.1
inject,inject,573000,,,,,,,,her,,,,,,,0.1,0.0,0.1
inject,inject,574500,,,,,,,,her,,,,,,,0.1,0.0,0.1
inject,inject,576000,,,,,,,,her,,,,,,,0.1,0.0,0.1
inject,inject,577500,,,,,,,,her,,,,,,,0.1,0.0,0.1
inject,inject,579000,,,,,,,,her,,,,,,,0.1,0.0,0.1
inject,inject,580500,,,,,,,,her,,,,,,,0.1,0.0,0.1
inject,inject,582000,,,,,,,,her,,,,,,,0.1,0.0,0.1
inject,inject,583500,,,,,,,,her,,,,,,,0.1,0.0,0.1
inject,inject,585000,,,,,,,,her,,,,,,,0.1,0.0,0.1
inject,inject,586500,,,,,,,,her,,,,,,,0.1,0.0,0.1
inject,inject,588000,,,,,,,,her,,,,,,,0.1,0.0,0.1
inject,inject,589500,,,,,,,,her,,,,,,,0.1,0.0,0.1
inject,inject,591000,,,,,,,,her,,,,,,,0.1,0.0,0.1
inject,inject,592500,,,,,,,,her,,,,,,,0.1,0.0,0.1
inject,inject,594000,,,,,,,,her,,,,,,,0.1,0.0,0.1
inject,inject,595500,,,,,,,,her,,,,,,,0.1,0.0,0.1
inject,inject,597000,,,,,,,,her,,,,,,,0.1,0.0,0.1
inject,inject,598500,,,,,,,,her,,,,,,,0.1,0.0,0.1
inject,inject,600000,,,,,,,,her,,,,,,,0.1,0.0,0.1
inject,inject,601500,,,,,,,,her,,,,,,,0.1,0.0,0.1
inject,inject,603000,,,,,,,,her,,,,,,,0.1,0.0,0.1
inject,inject,604500,,,,,,,,her,,,,,,,0.1,0.0,0.1
inject,inject,606000,,,,,,,,her,,,,,,,0.1,0.0,0.1
inject,inject,607500,,,,,,,,her,,,,,,,0.1,0.0,0.1
inject,inject,609000,,,,,,,,her,,,,,,,0.1,0.0,0.1
inject,inject,610500,,,,,,,,her,,,,,,,0.1,0.0,0.1
inject,inject,612000,,,,,,,,her,,,,,,,0.1,0.0,0.1
inject,inject,613500,,,,,,,,her,,,,,,,0.1,0.0,0.1
inject,inject,615000,,,,,,,,her,,,,,,,0.1,0.0,0.1
inject,inject,616500,,,,,,,,her,,,,,,,0.1,0.0,0.1
inject,inject,618000,,,,,,,,her,,,,,,,0.09,0.0,0.09
inject,inject,619500,,,,,,,,her,,,,,,,0.09,0.0,0.09
inject,inject,621000,,,,,,,,her,,,,,,,0.1,0.0,0.1
inject,inject,622500,,,,,,,,her,,,,,,,0.1,0.0,0.1
inject,inject,624000,,,,,,,,her,,,,,,,0.1,0.0,0.1
inject,inject,625500,,,,,,,,her,,,,,,,0.1,0.0,0.1
inject,inject,627000,,,,,,,,her,,,,,,,0.1,0.0,0.1
inject,inject,628500,,,,,,,,her,,,,,,,0.1,0.0,0.1
inject,inject,630000,,,,,,,,her,,,,,,,0.1,0.0,0.1
inject,inject,631500,,,,,,,,her,,,,,,,0.09,0.0,0.09
inject,inject,633000,,,,,,,,her,,,,,,,0.09,0.0,0.09
inject,inject,634500,,,,,,,,her,,,,,,,0.09,0.0,0.09
inject,inject,636000,,,,,,,,her,,,,,,,0.09,0.0,0.09
inject,inject,637500,,,,,,,,her,,,,,,,0.1,0.0,0.1
inject,inject,639000,,,,,,,,her,,,,,,,0.1,0.0,0.1
inject,inject,640500,,,,,,,,her,,,,,,,0.1,0.0,0.1
inject,inject,642000,,,,,,,,her,,,,,,,0.1,0.0,0.1
inject,inject,643500,,,,,,,,her,,,,,,,0.1,0.0,0.1
inject,inject,645000,,,,,,,,her,,,,,,,0.1,0.0,0.1
inject,inject,646500,,,,,,,,her,,,,,,,0.1,0.0,0.1
inject,inject,648000,,,,,,,,her,,,,,,,0.09,0.0,0.09
inject,inject,649500,,,,,,,,her,,,,,,,0.09,0.0,0.09
inject,inject,651000,,,,,,,,her,,,,,,,0.09,0.0,0.09
inject,inject,652500,,,,,,,,her,,,,,,,0.09,0.0,0.09
inject,inject,654000,,,,,,,,her,,,,,,,0.09,0.0,0.09
inject,inject,655500,,,,,,,,her,,,,,,,0.09,0.0,0.09
inject,inject,657000,,,,,,,,her,,,,,,,0.09,0.0,0.09
inject,inject,658500,,,,,,,,her,,,,,,,0.09,0.0,0.09
inject,inject,660000,,,,,,,,her,,,,,,,0.09,0.0,0.09
inject,inject,661500,,,,,,,,her,,,,,,,0.09,0.0,0.09
inject,inject,663000,,,,,,,,her,,,,,,,0.09,0.0,0.09
inject,inject,664500,,,,,,,,her,,,,,,,0.09,0.0,0.09
inject,inject,666000,,,,,,,,her,,,,,,,0.09,0.0,0.09
inject,inject,667500,,,,,,,,her,,,,,,,0.09,0.0,0.09
inject,inject,669000,,,,,,,,her,,,,,,,0.09,0.0,0.09
inject,inject,670500,,,,,,,,her,,,,,,,0.09,0.0,0.09
inject,inject,672000,,,,,,,,her,,,,,,,0.09,0.0,0.09
inject,inject,673500,,,,,,,,her,,,,,,,0.09,0.0,0.09
inject,inject,675000,,,,,,,,her,,,,,,,0.09,0.0,0.09
inject,inject,676500,,,,,,,,her,,,,,,,0.09,0.0,0.09
inject,inject,678000,,,,,,,,her,,,,,,,0.09,0.0,0.09
inject,inject,679500,,,,,,,,her,,,,,,,0.09,0.0,0.09
inject,inject,681000,,,,,,,,her,,,,,,,0.09,0.0,0.09
inject,inject,682500,,,,,,,,her,,,,,,,0.09,0.0,0.09
inject,inject,684000,,,,,,,,her,,,,,,,0.09,0.0,0.09
inject,inject,685500,,,,,,,,her,,,,,,,0.09,0.0,0.09
inject,inject,687000,,,,,,,,her,,,,,,,0.09,0.0,0.09
inject,inject,688500,,,,,,,,her,,,,,,,0.09,0.0,0.09
inject,inject,690000,,,,,,,,her,,,,,,,0.09,0.0,0.09
inject,inject,691500,,,,,,,,her,,,,,,,0.09,0.0,0.09
inject,inject,693000,,,,,,,,her,,,,,,,0.09,0.0,0.09
inject,inject,694500,,,,,,,,her,,,,,,,0.09,0.0,0.09
inject,inject,696000,,,,,,,,her,,,,,,,0.09,0.0,0.09
inject,inject,697500,,,,,,,,her,,,,,,,0.09,0.0,0.09
inject,inject,699000,,,,,,,,her,,,,,,,0.09,0.0,0.09
inject,inject,700500,,,,,,,,her,,,,,,,0.09,0.0,0.09
inject,inject,702000,,,,,,,,her,,,,,,,0.09,0.0,0.09
inject,inject,703500,,,,,,,,her,,,,,,,0.09,0.0,0.09
inject,inject,705000,,,,,,,,her,,,,,,,0.09,0.0,0.09
inject,inject,706500,,,,,,,,her,,,,,,,0.09,0.0,0.09
inject,inject,708000,,,,,,,,her,,,,,,,0.09,0.0,0.09
inject,inject,709500,,,,,,,,her,,,,,,,0.09,0.0,0.09
inject,inject,711000,,,,,,,,her,,,,,,,0.09,0.0,0.09
inject,inject,712500,,,,,,,,her,,,,,,,0.09,0.0,0.09
inject,inject,714000,,,,,,,,her,,,,,,,0.09,0.0,0.09
inject,inject,715500,,,,,,,,her,,,,,,,0.09,0.0,0.09
inject,inject,717000,,,,,,,,her,,,,,,,0.09,0.0,0.09
inject,inject,718500,,,,,,,,her,,,,,,,0.09,0.0,0.09
inject,inject,720000,,,,,,,,her,,,,,,,0.09,0.0,0.09
inject,inject,721500,,,,,,,,her,,,,,,,0.09,0.0,0.09
inject,inject,723000,,,,,,,,her,,,,,,,0.09,0.0,0.09
inject,inject,724500,,,,,,,,her,,,,,,,0.09,0.0,0.09
inject,inject,726000,,,,,,,,her,,,,,,,0.09,0.0,0.09
inject,inject,727500,,,,,,,,her,,,,,,,0.09,0.0,0.09
inject,inject,729000,,,,,,,,her,,,,,,,0.09,0.0,0.09
inject,inject,730500,,,,,,,,her,,,,,,,0.09,0.0,0.09
inject,inject,732000,,,,,,,,her,,,,,,,0.09,0.0,0.09
inject,inject,733500,,,,,,,,her,,,,,,,0.09,0.0,0.09
inject,inject,735000,,,,,,,,her,,,,,,,0.09,0.0,0.09
inject,inject,736500,,,,,,,,her,,,,,,,0.09,0.0,0.09
inject,inject,738000,,,,,,,,her,,,,,,,0.09,0.0,0.09
inject,inject,739500,,,,,,,,her,,,,,,,0.09,0.0,0.09
inject,inject,741000,,,,,,,,her,,,,,,,0.09,0.0,0.09
inject,inject,742500,,,,,,,,her,,,,,,,0.09,0.0,0.09
inject,inject,744000,,,,,,,,her,,,,,,,0.09,0.0,0.09
inject,inject,745500,,,,,,,,her,,,,,,,0.09,0.0,0.09
inject,inject,747000,,,,,,,,her,,,,,,,0.09,0.0,0.09
inject,inject,748500,,,,,,,,her,,,,,,,0.09,0.0,0.09
inject,inject,750000,,,,,,,,her,,,,,,,0.08,0.0,0.08
inject,inject,751500,,,,,,,,her,,,,,,,0.08,0.0,0.08
inject,inject,753000,,,,,,,,her,,,,,,,0.09,0.0,0.09
inject,inject,754500,,,,,,,,her,,,,,,,0.08,0.0,0.08
inject,inject,756000,,,,,,,,her,,,,,,,0.08,0.0,0.08
inject,inject,757500,,,,,,,,her,,,,,,,0.08,0.0,0.08
inject,inject,759000,,,,,,,,her,,,,,,,0.08,0.0,0.08
inject,inject,760500,,,,,,,,her,,,,,,,0.08,0.0,0.08
inject,inject,762000,,,,,,,,her,,,,,,,0.08,0.0,0.08
inject,inject,763500,,,,,,,,her,,,,,,,0.08,0.0,0.08
inject,inject,765000,,,,,,,,her,,,,,,,0.09,0.0,0.09
inject,inject,766500,,,,,,,,her,,,,,,,0.09,0.0,0.09
inject,inject,768000,,,,,,,,her,,,,,,,0.09,0.0,0.09
inject,inject,769500,,,,,,,,her,,,,,,,0.08,0.0,0.08
inject,inject,771000,,,,,,,,her,,,,,,,0.08,0.0,0.08
inject,inject,772500,,,,,,,,her,,,,,,,0.08,0.0,0.08
inject,inject,774000,,,,,,,,her,,,,,,,0.08,0.0,0.08
inject,inject,775500,,,,,,,,her,,,,,,,0.08,0.0,0.08
inject,inject,777000,,,,,,,,her,,,,,,,0.09,0.0,0.09
inject,inject,778500,,,,,,,,her,,,,,,,0.08,0.0,0.08
inject,inject,780000,,,,,,,,her,,,,,,,0.08,0.0,0.08
inject,inject,781500,,,,,,,,her,,,,,,,0.08,0.0,0.08
inject,inject,783000,,,,,,,,her,,,,,,,0.08,0.0,0.08
inject,inject,784500,,,,,,,,her,,,,,,,0.08,0.0,0.08
inject,inject,786000,,,,,,,,her,,,,,,,0.08,0.0,0.08
inject,inject,787500,,,,,,,,her,,,,,,,0.08,0.0,0.08
inject,inject,789000,,,,,,,,her,,,,,,,0.08,0.0,0.08
inject,inject,790500,,,,,,,,her,,,,,,,0.08,0.0,0.08
inject,inject,792000,,,,,,,,her,,,,,,,0.08,0.0,0.08
inject,inject,793500,,,,,,,,her,,,,,,,0.08,0.0,0.08
inject,inject,795000,,,,,,,,her,,,,,,,0.08,0.0,0.08
inject,inject,796500,,,,,,,,her,,,,,,,0.08,0.0,0.08
inject,inject,798000,,,,,,,,her,,,,,,,0.08,0.0,0.08
inject,inject,799500,,,,,,,,her,,,,,,,0.08,0.0,0.08
inject,inject,801000,,,,,,,,her,,,,,,,0.08,0.0,0.08
inject,inject,802500,,,,,,,,her,,,,,,,0.08,0.0,0.08
inject,inject,804000,,,,,,,,her,,,,,,,0.08,0.0,0.08
inject,inject,805500,,,,,,,,her,,,,,,,0.08,0.0,0.08
inject,inject,807000,,,,,,,,her,,,,,,,0.08,0.0,0.08
inject,inject,808500,,,,,,,,her,,,,,,,0.08,0.0,0.08
inject,inject,810000,,,,,,,,her,,,,,,,0.08,0.0,0.08
inject,inject,811500,,,,,,,,her,,,,,,,0.08,0.0,0.08
inject,inject,813000,,,,,,,,her,,,,,,,0.08,0.0,0.08
inject,inject,814500,,,,,,,,her,,,,,,,0.08,0.0,0.08
inject,inject,816000,,,,,,,,her,,,,,,,0.08,0.0,0.08
inject,inject,817500,,,,,,,,her,,,,,,,0.08,0.0,0.08
inject,inject,819000,,,,,,,,her,,,,,,,0.08,0.0,0.08
inject,inject,820500,,,,,,,,her,,,,,,,0.08,0.0,0.08
inject,inject,822000,,,,,,,,her,,,,,,,0.08,0.0,0.08
inject,inject,823500,,,,,,,,her,,,,,,,0.08,0.0,0.08
inject,inject,825000,,,,,,,,her,,,,,,,0.08,0.0,0.08
inject,inject,826500,,,,,,,,her,,,,,,,0.08,0.0,0.08
inject,inject,828000,,,,,,,,her,,,,,,,0.08,0.0,0.08
inject,inject,829500,,,,,,,,her,,,,,,,0.08,0.0,0.08
inject,inject,831000,,,,,,,,her,,,,,,,0.08,0.0,0.08
inject,inject,832500,,,,,,,,her,,,,,,,0.08,0.0,0.08
inject,inject,834000,,,,,,,,her,,,,,,,0.08,0.0,0.08
inject,inject,835500,,,,,,,,her,,,,,,,0.08,0.0,0.08
inject,inject,837000,,,,,,,,her,,,,,,,0.08,0.0,0.08
inject,inject,838500,,,,,,,,her,,,,,,,0.08,0.0,0.08
inject,inject,840000,,,,,,,,her,,,,,,,0.08,0.0,0.08
inject,inject,841500,,,,,,,,her,,,,,,,0.08,0.0,0.08
inject,inject,843000,,,,,,,,her,,,,,,,0.08,0.0,0.08
inject,inject,844500,,,,,,,,her,,,,,,,0.08,0.0,0.08
inject,inject,846000,,,,,,,,her,,,,,,,0.08,0.0,0.08
inject,inject,847500,,,,,,,,her,,,,,,,0.08,0.0,0.08
inject,inject,849000,,,,,,,,her,,,,,,,0.08,0.0,0.08
inject,inject,850500,,,,,,,,her,,,,,,,0.08,0.0,0.08
inject,inject,852000,,,,,,,,her,,,,,,,0.08,0.0,0.08
inject,inject,853500,,,,,,,,her,,,,,,,0.08,0.0,0.08
inject,inject,855000,,,,,,,,her,,,,,,,0.08,0.0,0.08
inject,inject,856500,,,,,,,,her,,,,,,,0.08,0.0,0.08
inject,inject,858000,,,,,,,,her,,,,,,,0.08,0.0,0.08
inject,inject,859500,,,,,,,,her,,,,,,,0.08,0.0,0.08
inject,inject,861000,,,,,,,,her,,,,,,,0.08,0.0,0.08
inject,inject,862500,,,,,,,,her,,,,,,,0.08,0.0,0.08
inject,inject,864000,,,,,,,,her,,,,,,,0.08,0.0,0.08
inject,inject,865500,,,,,,,,her,,,,,,,0.08,0.0,0.08
inject,inject,867000,,,,,,,,her,,,,,,,0.08,0.0,0.08
inject,inject,868500,,,,,,,,her,,,,,,,0.08,0.0,0.08
inject,inject,870000,,,,,,,,her,,,,,,,0.07,0.0,0.07
inject,inject,871500,,,,,,,,her,,,,,,,0.08,0.0,0.08
inject,inject,873000,,,,,,,,her,,,,,,,0.08,0.0,0.08
inject,inject,874500,,,,,,,,her,,,,,,,0.08,0.0,0.08
inject,inject,876000,,,,,,,,her,,,,,,,0.08,0.0,0.08
inject,inject,877500,,,,,,,,her,,,,,,,0.08,0.0,0.08
inject,inject,879000,,,,,,,,her,,,,,,,0.08,0.0,0.08
inject,inject,880500,,,,,,,,her,,,,,,,0.08,0.0,0.08
inject,inject,882000,,,,,,,,her,,,,,,,0.08,0.0,0.08
inject,inject,883500,,,,,,,,her,,,,,,,0.08,0.0,0.08
inject,inject,885000,,,,,,,,her,,,,,,,0.08,0.0,0.08
inject,inject,886500,,,,,,,,her,,,,,,,0.08,0.0,0.08
inject,inject,888000,,,,,,,,her,,,,,,,0.08,0.0,0.08
inject,inject,889500,,,,,,,,her,,,,,,,0.08,0.0,0.08
inject,inject,891000,,,,,,,,her,,,,,,,0.08,0.0,0.08
inject,inject,892500,,,,,,,,her,,,,,,,0.08,0.0,0.08
inject,inject,894000,,,,,,,,her,,,,,,,0.08,0.0,0.08
inject,inject,895500,,,,,,,,her,,,,,,,0.08,0.0,0.08
inject,inject,897000,,,,,,,,her,,,,,,,0.08,0.0,0.08
inject,inject,898500,,,,,,,,her,,,,,,,0.08,0.0,0.08
inject,inject,900000,,,,,,,,her,,,,,,,0.08,0.0,0.08
inject,inject,901500,,,,,,,,her,,,,,,,0.08,0.0,0.08
inject,inject,903000,,,,,,,,her,,,,,,,0.08,0.0,0.08
inject,inject,904500,,,,,,,,her,,,,,,,0.08,0.0,0.08
inject,inject,906000,,,,,,,,her,,,,,,,0.08,0.0,0.08
inject,inject,907500,,,,,,,,her,,,,,,,0.07,0.0,0.07
inject,inject,909000,,,,,,,,her,,,,,,,0.07,0.0,0.07
inject,inject,910500,,,,,,,,her,,,,,,,0.07,0.0,0.07
inject,inject,912000,,,,,,,,her,,,,,,,0.07,0.0,0.07
inject,inject,913500,,,,,,,,her,,,,,,,0.08,0.0,0.08
inject,inject,915000,,,,,,,,her,,,,,,,0.08,0.0,0.08
inject,inject,916500,,,,,,,,her,,,,,,,0.08,0.0,0.08
inject,inject,918000,,,,,,,,her,,,,,,,0.08,0.0,0.08
inject,inject,919500,,,,,,,,her,,,,,,,0.08,0.0,0.08
inject,inject,921000,,,,,,,,her,,,,,,,0.08,0.0,0.08
inject,inject,922500,,,,,,,,her,,,,,,,0.07,0.0,0.07
inject,inject,924000,,,,,,,,her,,,,,,,0.07,0.0,0.07
inject,inject,925500,,,,,,,,her,,,,,,,0.08,0.0,0.08
inject,inject,927000,,,,,,,,her,,,,,,,0.08,0.0,0.08
inject,inject,928500,,,,,,,,her,,,,,,,0.08,0.0,0.08
inject,inject,930000,,,,,,,,her,,,,,,,0.07,0.0,0.07
inject,inject,931500,,,,,,,,her,,,,,,,0.08,0.0,0.08
inject,inject,933000,,,,,,,,her,,,,,,,0.08,0.0,0.08
inject,inject,934500,,,,,,,,her,,,,,,,0.08,0.0,0.08
inject,inject,936000,,,,,,,,her,,,,,,,0.08,0.0,0.08
inject,inject,937500,,,,,,,,her,,,,,,,0.08,0.0,0.08
inject,inject,939000,,,,,,,,her,,,,,,,0.08,0.0,0.08
inject,inject,940500,,,,,,,,her,,,,,,,0.08,0.0,0.08
inject,inject,942000,,,,,,,,her,,,,,,,0.08,0.0,0.08
inject,inject,943500,,,,,,,,her,,,,,,,0.08,0.0,0.08
inject,inject,945000,,,,,,,,her,,,,,,,0.08,0.0,0.08
inject,inject,946500,,,,,,,,her,,,,,,,0.08,0.0,0.08
inject,inject,948000,,,,,,,,her,,,,,,,0.08,0.0,0.08
inject,inject,949500,,,,,,,,her,,,,,,,0.08,0.0,0.08
inject,inject,951000,,,,,,,,her,,,,,,,0.08,0.0,0.08
inject,inject,952500,,,,,,,,her,,,,,,,0.08,0.0,0.08
inject,inject,954000,,,,,,,,her,,,,,,,0.07,0.0,0.07
inject,inject,955500,,,,,,,,her,,,,,,,0.08,0.0,0.08
inject,inject,957000,,,,,,,,her,,,,,,,0.07,0.0,0.07
inject,inject,958500,,,,,,,,her,,,,,,,0.07,0.0,0.07
inject,inject,960000,,,,,,,,her,,,,,,,0.07,0.0,0.07
inject,inject,961500,,,,,,,,her,,,,,,,0.07,0.0,0.07
inject,inject,963000,,,,,,,,her,,,,,,,0.07,0.0,0.07
inject,inject,964500,,,,,,,,her,,,,,,,0.08,0.0,0.08
inject,inject,966000,,,,,,,,her,,,,,,,0.08,0.0,0.08
inject,inject,967500,,,,,,,,her,,,,,,,0.07,0.0,0.07
inject,inject,969000,,,,,,,,her,,,,,,,0.07,0.0,0.07
inject,inject,970500,,,,,,,,her,,,,,,,0.07,0.0,0.07
inject,inject,972000,,,,,,,,her,,,,,,,0.07,0.0,0.07
inject,inject,973500,,,,,,,,her,,,,,,,0.08,0.0,0.08
inject,inject,975000,,,,,,,,her,,,,,,,0.07,0.0,0.07
inject,inject,976500,,,,,,,,her,,,,,,,0.08,0.0,0.08
inject,inject,978000,,,,,,,,her,,,,,,,0.07,0.0,0.07
inject,inject,979500,,,,,,,,her,,,,,,,0.08,0.0,0.08
inject,inject,981000,,,,,,,,her,,,,,,,0.07,0.0,0.07
inject,inject,982500,,,,,,,,her,,,,,,,0.07,0.0,0.07
inject,inject,984000,,,,,,,,her,,,,,,,0.07,0.0,0.07
inject,inject,985500,,,,,,,,her,,,,,,,0.07,0.0,0.07
inject,inject,987000,,,,,,,,her,,,,,,,0.08,0.0,0.08
inject,inject,988500,,,,,,,,her,,,,,,,0.08,0.0,0.08
inject,inject,990000,,,,,,,,her,,,,,,,0.07,0.0,0.07
inject,push,1500,,,,,,,,her,,,,,,,0.0,0.0,0.0
inject,push,3000,,,,,,,,her,,,,,,,0.0,0.0,0.0
inject,push,4500,,,,,,,,her,,,,,,,0.0,0.0,0.0
inject,push,6000,,,,,,,,her,,,,,,,0.0,0.0,0.0
inject,push,7500,,,,,,,,her,,,,,,,0.0,0.0,0.0
inject,push,9000,,,,,,,,her,,,,,,,0.0,0.0,0.0
inject,push,10500,,,,,,,,her,,,,,,,0.0,0.0,0.0
inject,push,12000,,,,,,,,her,,,,,,,0.0,0.0,0.0
inject,push,13500,,,,,,,,her,,,,,,,0.0,0.0,0.0
inject,push,15000,,,,,,,,her,,,,,,,0.0,0.0,0.0
inject,push,16500,,,,,,,,her,,,,,,,0.0,0.0,0.0
inject,push,18000,,,,,,,,her,,,,,,,0.0,0.0,0.0
inject,push,19500,,,,,,,,her,,,,,,,0.0,0.0,0.0
inject,push,21000,,,,,,,,her,,,,,,,0.0,0.0,0.0
inject,push,22500,,,,,,,,her,,,,,,,0.0,0.0,0.0
inject,push,24000,,,,,,,,her,,,,,,,0.0,0.0,0.0
inject,push,25500,,,,,,,,her,,,,,,,0.0,0.0,0.0
inject,push,27000,,,,,,,,her,,,,,,,0.0,0.01,0.01
inject,push,28500,,,,,,,,her,,,,,,,0.0,0.01,0.01
inject,push,30000,,,,,,,,her,,,,,,,0.0,0.01,0.01
inject,push,31500,,,,,,,,her,,,,,,,0.0,0.01,0.01
inject,push,33000,,,,,,,,her,,,,,,,0.0,0.01,0.01
inject,push,34500,,,,,,,,her,,,,,,,0.0,0.01,0.01
inject,push,36000,,,,,,,,her,,,,,,,0.0,0.01,0.01
inject,push,37500,,,,,,,,her,,,,,,,0.0,0.01,0.01
inject,push,39000,,,,,,,,her,,,,,,,0.0,0.01,0.01
inject,push,40500,,,,,,,,her,,,,,,,0.0,0.01,0.01
inject,push,42000,,,,,,,,her,,,,,,,0.0,0.01,0.01
inject,push,43500,,,,,,,,her,,,,,,,0.0,0.02,0.02
inject,push,45000,,,,,,,,her,,,,,,,0.0,0.02,0.02
inject,push,46500,,,,,,,,her,,,,,,,0.0,0.02,0.02
inject,push,48000,,,,,,,,her,,,,,,,0.0,0.02,0.02
inject,push,49500,,,,,,,,her,,,,,,,0.0,0.02,0.03
inject,push,51000,,,,,,,,her,,,,,,,0.0,0.02,0.03
inject,push,52500,,,,,,,,her,,,,,,,0.0,0.03,0.03
inject,push,54000,,,,,,,,her,,,,,,,0.0,0.03,0.03
inject,push,55500,,,,,,,,her,,,,,,,0.0,0.03,0.03
inject,push,57000,,,,,,,,her,,,,,,,0.0,0.03,0.03
inject,push,58500,,,,,,,,her,,,,,,,0.0,0.03,0.04
inject,push,60000,,,,,,,,her,,,,,,,0.0,0.03,0.04
inject,push,61500,,,,,,,,her,,,,,,,0.0,0.03,0.04
inject,push,63000,,,,,,,,her,,,,,,,0.01,0.04,0.04
inject,push,64500,,,,,,,,her,,,,,,,0.01,0.04,0.04
inject,push,66000,,,,,,,,her,,,,,,,0.01,0.04,0.05
inject,push,67500,,,,,,,,her,,,,,,,0.01,0.04,0.05
inject,push,69000,,,,,,,,her,,,,,,,0.01,0.05,0.05
inject,push,70500,,,,,,,,her,,,,,,,0.01,0.05,0.06
inject,push,72000,,,,,,,,her,,,,,,,0.01,0.05,0.06
inject,push,73500,,,,,,,,her,,,,,,,0.01,0.05,0.06
inject,push,75000,,,,,,,,her,,,,,,,0.01,0.05,0.07
inject,push,76500,,,,,,,,her,,,,,,,0.01,0.06,0.07
inject,push,78000,,,,,,,,her,,,,,,,0.01,0.06,0.07
inject,push,79500,,,,,,,,her,,,,,,,0.02,0.07,0.08
inject,push,81000,,,,,,,,her,,,,,,,0.02,0.07,0.08
inject,push,82500,,,,,,,,her,,,,,,,0.02,0.07,0.09
inject,push,84000,,,,,,,,her,,,,,,,0.02,0.07,0.09
inject,push,85500,,,,,,,,her,,,,,,,0.02,0.08,0.1
inject,push,87000,,,,,,,,her,,,,,,,0.02,0.08,0.1
inject,push,88500,,,,,,,,her,,,,,,,0.03,0.08,0.11
inject,push,90000,,,,,,,,her,,,,,,,0.03,0.08,0.11
inject,push,91500,,,,,,,,her,,,,,,,0.03,0.09,0.12
inject,push,93000,,,,,,,,her,,,,,,,0.03,0.08,0.12
inject,push,94500,,,,,,,,her,,,,,,,0.04,0.09,0.12
inject,push,96000,,,,,,,,her,,,,,,,0.04,0.09,0.13
inject,push,97500,,,,,,,,her,,,,,,,0.04,0.09,0.13
inject,push,99000,,,,,,,,her,,,,,,,0.04,0.09,0.14
inject,push,100500,,,,,,,,her,,,,,,,0.04,0.1,0.14
inject,push,102000,,,,,,,,her,,,,,,,0.04,0.1,0.14
inject,push,103500,,,,,,,,her,,,,,,,0.05,0.1,0.14
inject,push,105000,,,,,,,,her,,,,,,,0.05,0.1,0.15
inject,push,106500,,,,,,,,her,,,,,,,0.05,0.1,0.15
inject,push,108000,,,,,,,,her,,,,,,,0.05,0.1,0.15
inject,push,109500,,,,,,,,her,,,,,,,0.05,0.1,0.16
inject,push,111000,,,,,,,,her,,,,,,,0.06,0.1,0.16
inject,push,112500,,,,,,,,her,,,,,,,0.06,0.11,0.16
inject,push,114000,,,,,,,,her,,,,,,,0.06,0.11,0.17
inject,push,115500,,,,,,,,her,,,,,,,0.07,0.11,0.17
inject,push,117000,,,,,,,,her,,,,,,,0.07,0.11,0.17
inject,push,118500,,,,,,,,her,,,,,,,0.07,0.11,0.18
inject,push,120000,,,,,,,,her,,,,,,,0.07,0.11,0.18
inject,push,121500,,,,,,,,her,,,,,,,0.07,0.11,0.19
inject,push,123000,,,,,,,,her,,,,,,,0.08,0.11,0.19
inject,push,124500,,,,,,,,her,,,,,,,0.08,0.11,0.19
inject,push,126000,,,,,,,,her,,,,,,,0.08,0.12,0.2
inject,push,127500,,,,,,,,her,,,,,,,0.08,0.12,0.2
inject,push,129000,,,,,,,,her,,,,,,,0.09,0.12,0.2
inject,push,130500,,,,,,,,her,,,,,,,0.09,0.12,0.21
inject,push,132000,,,,,,,,her,,,,,,,0.09,0.12,0.21
inject,push,133500,,,,,,,,her,,,,,,,0.09,0.12,0.21
inject,push,135000,,,,,,,,her,,,,,,,0.09,0.12,0.22
inject,push,136500,,,,,,,,her,,,,,,,0.1,0.13,0.22
inject,push,138000,,,,,,,,her,,,,,,,0.1,0.13,0.23
inject,push,139500,,,,,,,,her,,,,,,,0.1,0.13,0.23
inject,push,141000,,,,,,,,her,,,,,,,0.1,0.13,0.23
inject,push,142500,,,,,,,,her,,,,,,,0.1,0.13,0.23
inject,push,144000,,,,,,,,her,,,,,,,0.1,0.13,0.23
inject,push,145500,,,,,,,,her,,,,,,,0.11,0.13,0.23
inject,push,147000,,,,,,,,her,,,,,,,0.11,0.13,0.24
inject,push,148500,,,,,,,,her,,,,,,,0.11,0.13,0.24
inject,push,150000,,,,,,,,her,,,,,,,0.11,0.13,0.24
inject,push,151500,,,,,,,,her,,,,,,,0.11,0.13,0.25
inject,push,153000,,,,,,,,her,,,,,,,0.12,0.13,0.25
inject,push,154500,,,,,,,,her,,,,,,,0.12,0.13,0.25
inject,push,156000,,,,,,,,her,,,,,,,0.12,0.13,0.25
inject,push,157500,,,,,,,,her,,,,,,,0.13,0.13,0.26
inject,push,159000,,,,,,,,her,,,,,,,0.13,0.13,0.26
inject,push,160500,,,,,,,,her,,,,,,,0.13,0.13,0.27
inject,push,162000,,,,,,,,her,,,,,,,0.14,0.14,0.27
inject,push,163500,,,,,,,,her,,,,,,,0.14,0.14,0.27
inject,push,165000,,,,,,,,her,,,,,,,0.14,0.14,0.28
inject,push,166500,,,,,,,,her,,,,,,,0.14,0.14,0.28
inject,push,168000,,,,,,,,her,,,,,,,0.14,0.14,0.28
inject,push,169500,,,,,,,,her,,,,,,,0.14,0.14,0.29
inject,push,171000,,,,,,,,her,,,,,,,0.15,0.14,0.29
inject,push,172500,,,,,,,,her,,,,,,,0.15,0.15,0.29
inject,push,174000,,,,,,,,her,,,,,,,0.15,0.15,0.3
inject,push,175500,,,,,,,,her,,,,,,,0.15,0.15,0.3
inject,push,177000,,,,,,,,her,,,,,,,0.15,0.15,0.31
inject,push,178500,,,,,,,,her,,,,,,,0.16,0.15,0.31
inject,push,180000,,,,,,,,her,,,,,,,0.16,0.16,0.31
inject,push,181500,,,,,,,,her,,,,,,,0.16,0.16,0.32
inject,push,183000,,,,,,,,her,,,,,,,0.16,0.16,0.32
inject,push,184500,,,,,,,,her,,,,,,,0.16,0.16,0.32
inject,push,186000,,,,,,,,her,,,,,,,0.16,0.16,0.32
inject,push,187500,,,,,,,,her,,,,,,,0.16,0.16,0.32
inject,push,189000,,,,,,,,her,,,,,,,0.16,0.16,0.32
inject,push,190500,,,,,,,,her,,,,,,,0.17,0.16,0.33
inject,push,192000,,,,,,,,her,,,,,,,0.17,0.16,0.33
inject,push,193500,,,,,,,,her,,,,,,,0.17,0.16,0.34
inject,push,195000,,,,,,,,her,,,,,,,0.18,0.16,0.34
inject,push,196500,,,,,,,,her,,,,,,,0.18,0.17,0.34
inject,push,198000,,,,,,,,her,,,,,,,0.18,0.17,0.34
inject,push,199500,,,,,,,,her,,,,,,,0.18,0.17,0.35
inject,push,201000,,,,,,,,her,,,,,,,0.18,0.17,0.35
inject,push,202500,,,,,,,,her,,,,,,,0.18,0.17,0.35
inject,push,204000,,,,,,,,her,,,,,,,0.19,0.17,0.36
inject,push,205500,,,,,,,,her,,,,,,,0.19,0.17,0.36
inject,push,207000,,,,,,,,her,,,,,,,0.19,0.17,0.36
inject,push,208500,,,,,,,,her,,,,,,,0.2,0.17,0.37
inject,push,210000,,,,,,,,her,,,,,,,0.2,0.17,0.37
inject,push,211500,,,,,,,,her,,,,,,,0.2,0.18,0.38
inject,push,213000,,,,,,,,her,,,,,,,0.2,0.18,0.38
inject,push,214500,,,,,,,,her,,,,,,,0.2,0.18,0.38
inject,push,216000,,,,,,,,her,,,,,,,0.2,0.18,0.38
inject,push,217500,,,,,,,,her,,,,,,,0.2,0.18,0.38
inject,push,219000,,,,,,,,her,,,,,,,0.2,0.18,0.38
inject,push,220500,,,,,,,,her,,,,,,,0.2,0.18,0.38
inject,push,222000,,,,,,,,her,,,,,,,0.2,0.18,0.39
inject,push,223500,,,,,,,,her,,,,,,,0.21,0.18,0.39
inject,push,225000,,,,,,,,her,,,,,,,0.21,0.18,0.39
inject,push,226500,,,,,,,,her,,,,,,,0.21,0.18,0.39
inject,push,228000,,,,,,,,her,,,,,,,0.21,0.19,0.39
inject,push,229500,,,,,,,,her,,,,,,,0.21,0.19,0.4
inject,push,231000,,,,,,,,her,,,,,,,0.21,0.19,0.4
inject,push,232500,,,,,,,,her,,,,,,,0.21,0.19,0.4
inject,push,234000,,,,,,,,her,,,,,,,0.21,0.19,0.41
inject,push,235500,,,,,,,,her,,,,,,,0.22,0.19,0.41
inject,push,237000,,,,,,,,her,,,,,,,0.22,0.19,0.41
inject,push,238500,,,,,,,,her,,,,,,,0.22,0.2,0.42
inject,push,240000,,,,,,,,her,,,,,,,0.23,0.2,0.42
inject,push,241500,,,,,,,,her,,,,,,,0.23,0.2,0.42
inject,push,243000,,,,,,,,her,,,,,,,0.23,0.2,0.42
inject,push,244500,,,,,,,,her,,,,,,,0.23,0.2,0.43
inject,push,246000,,,,,,,,her,,,,,,,0.23,0.2,0.43
inject,push,247500,,,,,,,,her,,,,,,,0.23,0.2,0.44
inject,push,249000,,,,,,,,her,,,,,,,0.23,0.21,0.44
inject,push,250500,,,,,,,,her,,,,,,,0.23,0.21,0.44
inject,push,252000,,,,,,,,her,,,,,,,0.23,0.21,0.44
inject,push,253500,,,,,,,,her,,,,,,,0.23,0.21,0.44
inject,push,255000,,,,,,,,her,,,,,,,0.24,0.21,0.45
inject,push,256500,,,,,,,,her,,,,,,,0.24,0.21,0.45
inject,push,258000,,,,,,,,her,,,,,,,0.24,0.21,0.45
inject,push,259500,,,,,,,,her,,,,,,,0.24,0.21,0.46
inject,push,261000,,,,,,,,her,,,,,,,0.24,0.21,0.46
inject,push,262500,,,,,,,,her,,,,,,,0.24,0.22,0.46
inject,push,264000,,,,,,,,her,,,,,,,0.24,0.22,0.46
inject,push,265500,,,,,,,,her,,,,,,,0.24,0.22,0.46
inject,push,267000,,,,,,,,her,,,,,,,0.25,0.22,0.47
inject,push,268500,,,,,,,,her,,,,,,,0.25,0.22,0.47
inject,push,270000,,,,,,,,her,,,,,,,0.25,0.22,0.47
inject,push,271500,,,,,,,,her,,,,,,,0.25,0.22,0.47
inject,push,273000,,,,,,,,her,,,,,,,0.25,0.22,0.47
inject,push,274500,,,,,,,,her,,,,,,,0.25,0.22,0.48
inject,push,276000,,,,,,,,her,,,,,,,0.25,0.23,0.48
inject,push,277500,,,,,,,,her,,,,,,,0.25,0.23,0.48
inject,push,279000,,,,,,,,her,,,,,,,0.25,0.23,0.48
inject,push,280500,,,,,,,,her,,,,,,,0.25,0.23,0.48
inject,push,282000,,,,,,,,her,,,,,,,0.25,0.23,0.48
inject,push,283500,,,,,,,,her,,,,,,,0.25,0.23,0.48
inject,push,285000,,,,,,,,her,,,,,,,0.26,0.23,0.49
inject,push,286500,,,,,,,,her,,,,,,,0.26,0.23,0.49
inject,push,288000,,,,,,,,her,,,,,,,0.25,0.24,0.49
inject,push,289500,,,,,,,,her,,,,,,,0.26,0.24,0.49
inject,push,291000,,,,,,,,her,,,,,,,0.26,0.24,0.49
inject,push,292500,,,,,,,,her,,,,,,,0.26,0.24,0.49
inject,push,294000,,,,,,,,her,,,,,,,0.26,0.24,0.5
inject,push,295500,,,,,,,,her,,,,,,,0.26,0.24,0.5
inject,push,297000,,,,,,,,her,,,,,,,0.26,0.24,0.5
inject,push,298500,,,,,,,,her,,,,,,,0.26,0.24,0.5
inject,push,300000,,,,,,,,her,,,,,,,0.26,0.24,0.51
inject,push,301500,,,,,,,,her,,,,,,,0.27,0.24,0.51
inject,push,303000,,,,,,,,her,,,,,,,0.27,0.25,0.51
inject,push,304500,,,,,,,,her,,,,,,,0.27,0.25,0.52
inject,push,306000,,,,,,,,her,,,,,,,0.27,0.25,0.52
inject,push,307500,,,,,,,,her,,,,,,,0.27,0.25,0.52
inject,push,309000,,,,,,,,her,,,,,,,0.28,0.25,0.52
inject,push,310500,,,,,,,,her,,,,,,,0.27,0.25,0.52
inject,push,312000,,,,,,,,her,,,,,,,0.28,0.25,0.53
inject,push,313500,,,,,,,,her,,,,,,,0.28,0.25,0.53
inject,push,315000,,,,,,,,her,,,,,,,0.28,0.25,0.53
inject,push,316500,,,,,,,,her,,,,,,,0.28,0.25,0.53
inject,push,318000,,,,,,,,her,,,,,,,0.28,0.25,0.53
inject,push,319500,,,,,,,,her,,,,,,,0.28,0.25,0.53
inject,push,321000,,,,,,,,her,,,,,,,0.28,0.25,0.53
inject,push,322500,,,,,,,,her,,,,,,,0.28,0.25,0.53
inject,push,324000,,,,,,,,her,,,,,,,0.28,0.25,0.53
inject,push,325500,,,,,,,,her,,,,,,,0.28,0.25,0.54
inject,push,327000,,,,,,,,her,,,,,,,0.28,0.25,0.54
inject,push,328500,,,,,,,,her,,,,,,,0.29,0.25,0.54
inject,push,330000,,,,,,,,her,,,,,,,0.29,0.25,0.54
inject,push,331500,,,,,,,,her,,,,,,,0.29,0.25,0.54
inject,push,333000,,,,,,,,her,,,,,,,0.29,0.25,0.54
inject,push,334500,,,,,,,,her,,,,,,,0.29,0.25,0.54
inject,push,336000,,,,,,,,her,,,,,,,0.29,0.25,0.54
inject,push,337500,,,,,,,,her,,,,,,,0.29,0.25,0.55
inject,push,339000,,,,,,,,her,,,,,,,0.29,0.25,0.55
inject,push,340500,,,,,,,,her,,,,,,,0.3,0.26,0.55
inject,push,342000,,,,,,,,her,,,,,,,0.3,0.26,0.55
inject,push,343500,,,,,,,,her,,,,,,,0.3,0.26,0.55
inject,push,345000,,,,,,,,her,,,,,,,0.3,0.26,0.55
inject,push,346500,,,,,,,,her,,,,,,,0.3,0.25,0.56
inject,push,348000,,,,,,,,her,,,,,,,0.3,0.25,0.56
inject,push,349500,,,,,,,,her,,,,,,,0.31,0.25,0.56
inject,push,351000,,,,,,,,her,,,,,,,0.31,0.25,0.56
inject,push,352500,,,,,,,,her,,,,,,,0.31,0.25,0.56
inject,push,354000,,,,,,,,her,,,,,,,0.31,0.25,0.56
inject,push,355500,,,,,,,,her,,,,,,,0.31,0.26,0.56
inject,push,357000,,,,,,,,her,,,,,,,0.31,0.26,0.57
inject,push,358500,,,,,,,,her,,,,,,,0.31,0.26,0.57
inject,push,360000,,,,,,,,her,,,,,,,0.31,0.26,0.57
inject,push,361500,,,,,,,,her,,,,,,,0.31,0.26,0.57
inject,push,363000,,,,,,,,her,,,,,,,0.31,0.26,0.57
inject,push,364500,,,,,,,,her,,,,,,,0.32,0.26,0.57
inject,push,366000,,,,,,,,her,,,,,,,0.32,0.26,0.57
inject,push,367500,,,,,,,,her,,,,,,,0.32,0.26,0.57
inject,push,369000,,,,,,,,her,,,,,,,0.32,0.26,0.58
inject,push,370500,,,,,,,,her,,,,,,,0.32,0.26,0.58
inject,push,372000,,,,,,,,her,,,,,,,0.32,0.26,0.58
inject,push,373500,,,,,,,,her,,,,,,,0.32,0.26,0.58
inject,push,375000,,,,,,,,her,,,,,,,0.32,0.26,0.58
inject,push,376500,,,,,,,,her,,,,,,,0.33,0.26,0.58
inject,push,378000,,,,,,,,her,,,,,,,0.33,0.26,0.58
inject,push,379500,,,,,,,,her,,,,,,,0.33,0.25,0.58
inject,push,381000,,,,,,,,her,,,,,,,0.33,0.25,0.58
inject,push,382500,,,,,,,,her,,,,,,,0.33,0.25,0.58
inject,push,384000,,,,,,,,her,,,,,,,0.33,0.25,0.58
inject,push,385500,,,,,,,,her,,,,,,,0.33,0.25,0.58
inject,push,387000,,,,,,,,her,,,,,,,0.33,0.26,0.58
inject,push,388500,,,,,,,,her,,,,,,,0.33,0.26,0.59
inject,push,390000,,,,,,,,her,,,,,,,0.33,0.26,0.59
inject,push,391500,,,,,,,,her,,,,,,,0.33,0.26,0.59
inject,push,393000,,,,,,,,her,,,,,,,0.33,0.26,0.59
inject,push,394500,,,,,,,,her,,,,,,,0.33,0.26,0.59
inject,push,396000,,,,,,,,her,,,,,,,0.33,0.26,0.59
inject,push,397500,,,,,,,,her,,,,,,,0.34,0.26,0.59
inject,push,399000,,,,,,,,her,,,,,,,0.34,0.26,0.6
inject,push,400500,,,,,,,,her,,,,,,,0.34,0.26,0.6
inject,push,402000,,,,,,,,her,,,,,,,0.34,0.26,0.6
inject,push,403500,,,,,,,,her,,,,,,,0.34,0.26,0.6
inject,push,405000,,,,,,,,her,,,,,,,0.35,0.26,0.6
inject,push,406500,,,,,,,,her,,,,,,,0.35,0.26,0.6
inject,push,408000,,,,,,,,her,,,,,,,0.35,0.26,0.6
inject,push,409500,,,,,,,,her,,,,,,,0.35,0.26,0.61
inject,push,411000,,,,,,,,her,,,,,,,0.35,0.26,0.6
inject,push,412500,,,,,,,,her,,,,,,,0.34,0.26,0.6
inject,push,414000,,,,,,,,her,,,,,,,0.34,0.26,0.6
inject,push,415500,,,,,,,,her,,,,,,,0.34,0.26,0.6
inject,push,417000,,,,,,,,her,,,,,,,0.34,0.26,0.6
inject,push,418500,,,,,,,,her,,,,,,,0.34,0.26,0.6
inject,push,420000,,,,,,,,her,,,,,,,0.34,0.26,0.61
inject,push,421500,,,,,,,,her,,,,,,,0.34,0.26,0.61
inject,push,423000,,,,,,,,her,,,,,,,0.34,0.26,0.61
inject,push,424500,,,,,,,,her,,,,,,,0.34,0.26,0.61
inject,push,426000,,,,,,,,her,,,,,,,0.34,0.26,0.61
inject,push,427500,,,,,,,,her,,,,,,,0.34,0.26,0.61
inject,push,429000,,,,,,,,her,,,,,,,0.34,0.26,0.61
inject,push,430500,,,,,,,,her,,,,,,,0.35,0.26,0.61
inject,push,432000,,,,,,,,her,,,,,,,0.35,0.27,0.61
inject,push,433500,,,,,,,,her,,,,,,,0.35,0.27,0.61
inject,push,435000,,,,,,,,her,,,,,,,0.35,0.27,0.61
inject,push,436500,,,,,,,,her,,,,,,,0.35,0.27,0.62
inject,push,438000,,,,,,,,her,,,,,,,0.35,0.27,0.61
inject,push,439500,,,,,,,,her,,,,,,,0.35,0.27,0.62
inject,push,441000,,,,,,,,her,,,,,,,0.35,0.27,0.61
inject,push,442500,,,,,,,,her,,,,,,,0.35,0.27,0.62
inject,push,444000,,,,,,,,her,,,,,,,0.35,0.27,0.62
inject,push,445500,,,,,,,,her,,,,,,,0.34,0.27,0.62
inject,push,447000,,,,,,,,her,,,,,,,0.35,0.27,0.62
inject,push,448500,,,,,,,,her,,,,,,,0.35,0.27,0.62
inject,push,450000,,,,,,,,her,,,,,,,0.35,0.27,0.62
inject,push,451500,,,,,,,,her,,,,,,,0.35,0.27,0.62
inject,push,453000,,,,,,,,her,,,,,,,0.35,0.27,0.62
inject,push,454500,,,,,,,,her,,,,,,,0.35,0.27,0.62
inject,push,456000,,,,,,,,her,,,,,,,0.35,0.27,0.62
inject,push,457500,,,,,,,,her,,,,,,,0.35,0.27,0.62
inject,push,459000,,,,,,,,her,,,,,,,0.35,0.27,0.62
inject,push,460500,,,,,,,,her,,,,,,,0.35,0.27,0.62
inject,push,462000,,,,,,,,her,,,,,,,0.35,0.27,0.62
inject,push,463500,,,,,,,,her,,,,,,,0.35,0.27,0.63
inject,push,465000,,,,,,,,her,,,,,,,0.35,0.27,0.63
inject,push,466500,,,,,,,,her,,,,,,,0.35,0.27,0.63
inject,push,468000,,,,,,,,her,,,,,,,0.36,0.27,0.63
inject,push,469500,,,,,,,,her,,,,,,,0.36,0.27,0.63
inject,push,471000,,,,,,,,her,,,,,,,0.36,0.27,0.63
inject,push,472500,,,,,,,,her,,,,,,,0.36,0.27,0.63
inject,push,474000,,,,,,,,her,,,,,,,0.36,0.27,0.63
inject,push,475500,,,,,,,,her,,,,,,,0.36,0.27,0.63
inject,push,477000,,,,,,,,her,,,,,,,0.36,0.27,0.63
inject,push,478500,,,,,,,,her,,,,,,,0.36,0.27,0.63
inject,push,480000,,,,,,,,her,,,,,,,0.36,0.27,0.63
inject,push,481500,,,,,,,,her,,,,,,,0.36,0.27,0.63
inject,push,483000,,,,,,,,her,,,,,,,0.36,0.27,0.63
inject,push,484500,,,,,,,,her,,,,,,,0.36,0.27,0.63
inject,push,486000,,,,,,,,her,,,,,,,0.36,0.27,0.63
inject,push,487500,,,,,,,,her,,,,,,,0.36,0.27,0.64
inject,push,489000,,,,,,,,her,,,,,,,0.36,0.27,0.63
inject,push,490500,,,,,,,,her,,,,,,,0.37,0.27,0.64
inject,push,492000,,,,,,,,her,,,,,,,0.37,0.27,0.64
inject,push,493500,,,,,,,,her,,,,,,,0.37,0.27,0.64
inject,push,495000,,,,,,,,her,,,,,,,0.37,0.27,0.64
inject,push,496500,,,,,,,,her,,,,,,,0.37,0.27,0.64
inject,push,498000,,,,,,,,her,,,,,,,0.37,0.27,0.64
inject,push,499500,,,,,,,,her,,,,,,,0.37,0.27,0.64
inject,push,501000,,,,,,,,her,,,,,,,0.37,0.27,0.64
inject,push,502500,,,,,,,,her,,,,,,,0.37,0.27,0.63
inject,push,504000,,,,,,,,her,,,,,,,0.37,0.27,0.64
inject,push,505500,,,,,,,,her,,,,,,,0.37,0.27,0.64
inject,push,507000,,,,,,,,her,,,,,,,0.37,0.27,0.64
inject,push,508500,,,,,,,,her,,,,,,,0.37,0.27,0.64
inject,push,510000,,,,,,,,her,,,,,,,0.37,0.27,0.64
inject,push,511500,,,,,,,,her,,,,,,,0.37,0.28,0.64
inject,push,513000,,,,,,,,her,,,,,,,0.37,0.28,0.64
inject,push,514500,,,,,,,,her,,,,,,,0.37,0.27,0.64
inject,push,516000,,,,,,,,her,,,,,,,0.37,0.27,0.64
inject,push,517500,,,,,,,,her,,,,,,,0.37,0.27,0.65
inject,push,519000,,,,,,,,her,,,,,,,0.37,0.27,0.65
inject,push,520500,,,,,,,,her,,,,,,,0.37,0.27,0.65
inject,push,522000,,,,,,,,her,,,,,,,0.38,0.27,0.65
inject,push,523500,,,,,,,,her,,,,,,,0.38,0.27,0.65
inject,push,525000,,,,,,,,her,,,,,,,0.38,0.27,0.65
inject,push,526500,,,,,,,,her,,,,,,,0.38,0.27,0.65
inject,push,528000,,,,,,,,her,,,,,,,0.38,0.27,0.65
inject,push,529500,,,,,,,,her,,,,,,,0.38,0.27,0.65
inject,push,531000,,,,,,,,her,,,,,,,0.38,0.27,0.65
inject,push,532500,,,,,,,,her,,,,,,,0.38,0.27,0.65
inject,push,534000,,,,,,,,her,,,,,,,0.38,0.27,0.66
inject,push,535500,,,,,,,,her,,,,,,,0.38,0.27,0.66
inject,push,537000,,,,,,,,her,,,,,,,0.38,0.28,0.66
inject,push,538500,,,,,,,,her,,,,,,,0.38,0.28,0.66
inject,push,540000,,,,,,,,her,,,,,,,0.38,0.28,0.66
inject,push,541500,,,,,,,,her,,,,,,,0.38,0.28,0.66
inject,push,543000,,,,,,,,her,,,,,,,0.39,0.28,0.66
inject,push,544500,,,,,,,,her,,,,,,,0.39,0.28,0.66
inject,push,546000,,,,,,,,her,,,,,,,0.39,0.28,0.66
inject,push,547500,,,,,,,,her,,,,,,,0.39,0.28,0.66
inject,push,549000,,,,,,,,her,,,,,,,0.39,0.28,0.66
inject,push,550500,,,,,,,,her,,,,,,,0.39,0.28,0.66
inject,push,552000,,,,,,,,her,,,,,,,0.39,0.28,0.67
inject,push,553500,,,,,,,,her,,,,,,,0.39,0.28,0.67
inject,push,555000,,,,,,,,her,,,,,,,0.39,0.27,0.67
inject,push,556500,,,,,,,,her,,,,,,,0.39,0.27,0.67
inject,push,558000,,,,,,,,her,,,,,,,0.39,0.28,0.67
inject,push,559500,,,,,,,,her,,,,,,,0.39,0.28,0.67
inject,push,561000,,,,,,,,her,,,,,,,0.39,0.28,0.67
inject,push,562500,,,,,,,,her,,,,,,,0.39,0.28,0.67
inject,push,564000,,,,,,,,her,,,,,,,0.39,0.28,0.67
inject,push,565500,,,,,,,,her,,,,,,,0.39,0.28,0.67
inject,push,567000,,,,,,,,her,,,,,,,0.39,0.28,0.67
inject,push,568500,,,,,,,,her,,,,,,,0.39,0.28,0.67
inject,push,570000,,,,,,,,her,,,,,,,0.39,0.27,0.67
inject,push,571500,,,,,,,,her,,,,,,,0.4,0.27,0.67
inject,push,573000,,,,,,,,her,,,,,,,0.4,0.27,0.67
inject,push,574500,,,,,,,,her,,,,,,,0.4,0.27,0.67
inject,push,576000,,,,,,,,her,,,,,,,0.4,0.27,0.67
inject,push,577500,,,,,,,,her,,,,,,,0.4,0.27,0.67
inject,push,579000,,,,,,,,her,,,,,,,0.4,0.27,0.67
inject,push,580500,,,,,,,,her,,,,,,,0.4,0.27,0.67
inject,push,582000,,,,,,,,her,,,,,,,0.4,0.27,0.67
inject,push,583500,,,,,,,,her,,,,,,,0.4,0.27,0.67
inject,push,585000,,,,,,,,her,,,,,,,0.4,0.28,0.67
inject,push,586500,,,,,,,,her,,,,,,,0.4,0.28,0.68
inject,push,588000,,,,,,,,her,,,,,,,0.4,0.28,0.68
inject,push,589500,,,,,,,,her,,,,,,,0.4,0.28,0.68
inject,push,591000,,,,,,,,her,,,,,,,0.4,0.28,0.68
inject,push,592500,,,,,,,,her,,,,,,,0.4,0.28,0.68
inject,push,594000,,,,,,,,her,,,,,,,0.4,0.28,0.68
inject,push,595500,,,,,,,,her,,,,,,,0.4,0.28,0.68
inject,push,597000,,,,,,,,her,,,,,,,0.41,0.28,0.68
inject,push,598500,,,,,,,,her,,,,,,,0.41,0.28,0.68
inject,push,600000,,,,,,,,her,,,,,,,0.41,0.28,0.69
inject,push,601500,,,,,,,,her,,,,,,,0.41,0.28,0.69
inject,push,603000,,,,,,,,her,,,,,,,0.41,0.28,0.69
inject,push,604500,,,,,,,,her,,,,,,,0.4,0.28,0.69
inject,push,606000,,,,,,,,her,,,,,,,0.41,0.28,0.69
inject,push,607500,,,,,,,,her,,,,,,,0.41,0.28,0.69
inject,push,609000,,,,,,,,her,,,,,,,0.41,0.28,0.69
inject,push,610500,,,,,,,,her,,,,,,,0.41,0.28,0.69
inject,push,612000,,,,,,,,her,,,,,,,0.41,0.28,0.69
inject,push,613500,,,,,,,,her,,,,,,,0.41,0.28,0.69
inject,push,615000,,,,,,,,her,,,,,,,0.41,0.28,0.69
inject,push,616500,,,,,,,,her,,,,,,,0.41,0.28,0.69
inject,push,618000,,,,,,,,her,,,,,,,0.41,0.28,0.69
inject,push,619500,,,,,,,,her,,,,,,,0.41,0.28,0.69
inject,push,621000,,,,,,,,her,,,,,,,0.41,0.28,0.69
inject,push,622500,,,,,,,,her,,,,,,,0.41,0.28,0.69
inject,push,624000,,,,,,,,her,,,,,,,0.41,0.28,0.69
inject,push,625500,,,,,,,,her,,,,,,,0.41,0.28,0.69
inject,push,627000,,,,,,,,her,,,,,,,0.42,0.28,0.69
inject,push,628500,,,,,,,,her,,,,,,,0.42,0.28,0.69
inject,push,630000,,,,,,,,her,,,,,,,0.42,0.28,0.69
inject,push,631500,,,,,,,,her,,,,,,,0.42,0.28,0.69
inject,push,633000,,,,,,,,her,,,,,,,0.42,0.28,0.69
inject,push,634500,,,,,,,,her,,,,,,,0.42,0.28,0.69
inject,push,636000,,,,,,,,her,,,,,,,0.42,0.28,0.7
inject,push,637500,,,,,,,,her,,,,,,,0.42,0.28,0.7
inject,push,639000,,,,,,,,her,,,,,,,0.42,0.28,0.7
inject,push,640500,,,,,,,,her,,,,,,,0.42,0.28,0.69
inject,push,642000,,,,,,,,her,,,,,,,0.42,0.28,0.7
inject,push,643500,,,,,,,,her,,,,,,,0.42,0.27,0.69
inject,push,645000,,,,,,,,her,,,,,,,0.42,0.27,0.69
inject,push,646500,,,,,,,,her,,,,,,,0.42,0.27,0.69
inject,push,648000,,,,,,,,her,,,,,,,0.42,0.27,0.69
inject,push,649500,,,,,,,,her,,,,,,,0.42,0.27,0.7
inject,push,651000,,,,,,,,her,,,,,,,0.42,0.27,0.7
inject,push,652500,,,,,,,,her,,,,,,,0.42,0.27,0.7
inject,push,654000,,,,,,,,her,,,,,,,0.42,0.28,0.7
inject,push,655500,,,,,,,,her,,,,,,,0.42,0.28,0.7
inject,push,657000,,,,,,,,her,,,,,,,0.42,0.27,0.7
inject,push,658500,,,,,,,,her,,,,,,,0.42,0.27,0.7
inject,push,660000,,,,,,,,her,,,,,,,0.42,0.27,0.7
inject,push,661500,,,,,,,,her,,,,,,,0.42,0.27,0.7
inject,push,663000,,,,,,,,her,,,,,,,0.42,0.27,0.7
inject,push,664500,,,,,,,,her,,,,,,,0.43,0.27,0.7
inject,push,666000,,,,,,,,her,,,,,,,0.43,0.27,0.7
inject,push,667500,,,,,,,,her,,,,,,,0.42,0.27,0.7
inject,push,669000,,,,,,,,her,,,,,,,0.43,0.27,0.7
inject,push,670500,,,,,,,,her,,,,,,,0.43,0.27,0.7
inject,push,672000,,,,,,,,her,,,,,,,0.43,0.27,0.7
inject,push,673500,,,,,,,,her,,,,,,,0.43,0.27,0.7
inject,push,675000,,,,,,,,her,,,,,,,0.43,0.27,0.71
inject,push,676500,,,,,,,,her,,,,,,,0.44,0.27,0.71
inject,push,678000,,,,,,,,her,,,,,,,0.44,0.27,0.71
inject,push,679500,,,,,,,,her,,,,,,,0.44,0.27,0.71
inject,push,681000,,,,,,,,her,,,,,,,0.44,0.27,0.71
inject,push,682500,,,,,,,,her,,,,,,,0.44,0.27,0.71
inject,push,684000,,,,,,,,her,,,,,,,0.44,0.27,0.71
inject,push,685500,,,,,,,,her,,,,,,,0.44,0.27,0.71
inject,push,687000,,,,,,,,her,,,,,,,0.44,0.27,0.71
inject,push,688500,,,,,,,,her,,,,,,,0.44,0.27,0.7
inject,push,690000,,,,,,,,her,,,,,,,0.44,0.27,0.71
inject,push,691500,,,,,,,,her,,,,,,,0.44,0.27,0.71
inject,push,693000,,,,,,,,her,,,,,,,0.44,0.27,0.71
inject,push,694500,,,,,,,,her,,,,,,,0.44,0.27,0.71
inject,push,696000,,,,,,,,her,,,,,,,0.44,0.27,0.71
inject,push,697500,,,,,,,,her,,,,,,,0.44,0.27,0.71
inject,push,699000,,,,,,,,her,,,,,,,0.44,0.27,0.71
inject,push,700500,,,,,,,,her,,,,,,,0.44,0.27,0.71
inject,push,702000,,,,,,,,her,,,,,,,0.44,0.27,0.71
inject,push,703500,,,,,,,,her,,,,,,,0.44,0.27,0.71
inject,push,705000,,,,,,,,her,,,,,,,0.44,0.27,0.71
inject,push,706500,,,,,,,,her,,,,,,,0.44,0.27,0.72
inject,push,708000,,,,,,,,her,,,,,,,0.44,0.27,0.72
inject,push,709500,,,,,,,,her,,,,,,,0.44,0.28,0.72
inject,push,711000,,,,,,,,her,,,,,,,0.44,0.28,0.72
inject,push,712500,,,,,,,,her,,,,,,,0.45,0.28,0.72
inject,push,714000,,,,,,,,her,,,,,,,0.45,0.27,0.72
inject,push,715500,,,,,,,,her,,,,,,,0.45,0.27,0.72
inject,push,717000,,,,,,,,her,,,,,,,0.44,0.27,0.72
inject,push,718500,,,,,,,,her,,,,,,,0.44,0.27,0.72
inject,push,720000,,,,,,,,her,,,,,,,0.44,0.27,0.72
inject,push,721500,,,,,,,,her,,,,,,,0.45,0.27,0.72
inject,push,723000,,,,,,,,her,,,,,,,0.45,0.27,0.72
inject,push,724500,,,,,,,,her,,,,,,,0.45,0.27,0.72
inject,push,726000,,,,,,,,her,,,,,,,0.45,0.27,0.72
inject,push,727500,,,,,,,,her,,,,,,,0.45,0.27,0.72
inject,push,729000,,,,,,,,her,,,,,,,0.45,0.27,0.72
inject,push,730500,,,,,,,,her,,,,,,,0.45,0.27,0.72
inject,push,732000,,,,,,,,her,,,,,,,0.45,0.27,0.72
inject,push,733500,,,,,,,,her,,,,,,,0.45,0.27,0.72
inject,push,735000,,,,,,,,her,,,,,,,0.45,0.27,0.72
inject,push,736500,,,,,,,,her,,,,,,,0.45,0.27,0.72
inject,push,738000,,,,,,,,her,,,,,,,0.45,0.27,0.72
inject,push,739500,,,,,,,,her,,,,,,,0.45,0.27,0.72
inject,push,741000,,,,,,,,her,,,,,,,0.45,0.27,0.72
inject,push,742500,,,,,,,,her,,,,,,,0.45,0.27,0.72
inject,push,744000,,,,,,,,her,,,,,,,0.45,0.27,0.72
inject,push,745500,,,,,,,,her,,,,,,,0.45,0.27,0.72
inject,push,747000,,,,,,,,her,,,,,,,0.45,0.27,0.72
inject,push,748500,,,,,,,,her,,,,,,,0.45,0.27,0.72
inject,push,750000,,,,,,,,her,,,,,,,0.45,0.27,0.72
inject,push,751500,,,,,,,,her,,,,,,,0.45,0.28,0.72
inject,push,753000,,,,,,,,her,,,,,,,0.45,0.28,0.72
inject,push,754500,,,,,,,,her,,,,,,,0.45,0.28,0.72
inject,push,756000,,,,,,,,her,,,,,,,0.45,0.28,0.73
inject,push,757500,,,,,,,,her,,,,,,,0.45,0.28,0.73
inject,push,759000,,,,,,,,her,,,,,,,0.45,0.28,0.73
inject,push,760500,,,,,,,,her,,,,,,,0.45,0.27,0.73
inject,push,762000,,,,,,,,her,,,,,,,0.45,0.27,0.73
inject,push,763500,,,,,,,,her,,,,,,,0.45,0.27,0.73
inject,push,765000,,,,,,,,her,,,,,,,0.45,0.27,0.73
inject,push,766500,,,,,,,,her,,,,,,,0.45,0.27,0.72
inject,push,768000,,,,,,,,her,,,,,,,0.45,0.27,0.72
inject,push,769500,,,,,,,,her,,,,,,,0.45,0.27,0.73
inject,push,771000,,,,,,,,her,,,,,,,0.46,0.27,0.73
inject,push,772500,,,,,,,,her,,,,,,,0.46,0.27,0.73
inject,push,774000,,,,,,,,her,,,,,,,0.46,0.27,0.73
inject,push,775500,,,,,,,,her,,,,,,,0.46,0.27,0.73
inject,push,777000,,,,,,,,her,,,,,,,0.46,0.28,0.73
inject,push,778500,,,,,,,,her,,,,,,,0.45,0.28,0.73
inject,push,780000,,,,,,,,her,,,,,,,0.46,0.27,0.73
inject,push,781500,,,,,,,,her,,,,,,,0.46,0.27,0.73
inject,push,783000,,,,,,,,her,,,,,,,0.45,0.27,0.73
inject,push,784500,,,,,,,,her,,,,,,,0.45,0.28,0.73
inject,push,786000,,,,,,,,her,,,,,,,0.45,0.28,0.73
inject,push,787500,,,,,,,,her,,,,,,,0.45,0.28,0.73
inject,push,789000,,,,,,,,her,,,,,,,0.45,0.28,0.73
inject,push,790500,,,,,,,,her,,,,,,,0.45,0.28,0.73
inject,push,792000,,,,,,,,her,,,,,,,0.45,0.28,0.73
inject,push,793500,,,,,,,,her,,,,,,,0.45,0.28,0.73
inject,push,795000,,,,,,,,her,,,,,,,0.45,0.28,0.73
inject,push,796500,,,,,,,,her,,,,,,,0.45,0.28,0.73
inject,push,798000,,,,,,,,her,,,,,,,0.46,0.28,0.74
inject,push,799500,,,,,,,,her,,,,,,,0.46,0.28,0.74
inject,push,801000,,,,,,,,her,,,,,,,0.46,0.28,0.74
inject,push,802500,,,,,,,,her,,,,,,,0.46,0.28,0.74
inject,push,804000,,,,,,,,her,,,,,,,0.46,0.28,0.74
inject,push,805500,,,,,,,,her,,,,,,,0.46,0.28,0.74
inject,push,807000,,,,,,,,her,,,,,,,0.46,0.28,0.74
inject,push,808500,,,,,,,,her,,,,,,,0.46,0.28,0.74
inject,push,810000,,,,,,,,her,,,,,,,0.46,0.28,0.74
inject,push,811500,,,,,,,,her,,,,,,,0.46,0.28,0.74
inject,push,813000,,,,,,,,her,,,,,,,0.46,0.28,0.74
inject,push,814500,,,,,,,,her,,,,,,,0.46,0.28,0.74
inject,push,816000,,,,,,,,her,,,,,,,0.46,0.28,0.74
inject,push,817500,,,,,,,,her,,,,,,,0.46,0.28,0.74
inject,push,819000,,,,,,,,her,,,,,,,0.46,0.28,0.74
inject,push,820500,,,,,,,,her,,,,,,,0.46,0.28,0.74
inject,push,822000,,,,,,,,her,,,,,,,0.46,0.28,0.74
inject,push,823500,,,,,,,,her,,,,,,,0.46,0.28,0.74
inject,push,825000,,,,,,,,her,,,,,,,0.46,0.28,0.74
inject,push,826500,,,,,,,,her,,,,,,,0.47,0.28,0.75
inject,push,828000,,,,,,,,her,,,,,,,0.47,0.28,0.75
inject,push,829500,,,,,,,,her,,,,,,,0.47,0.28,0.75
inject,push,831000,,,,,,,,her,,,,,,,0.47,0.28,0.75
inject,push,832500,,,,,,,,her,,,,,,,0.46,0.28,0.75
inject,push,834000,,,,,,,,her,,,,,,,0.46,0.28,0.74
inject,push,835500,,,,,,,,her,,,,,,,0.46,0.28,0.74
inject,push,837000,,,,,,,,her,,,,,,,0.46,0.28,0.74
inject,push,838500,,,,,,,,her,,,,,,,0.46,0.28,0.74
inject,push,840000,,,,,,,,her,,,,,,,0.46,0.28,0.74
inject,push,841500,,,,,,,,her,,,,,,,0.47,0.28,0.74
inject,push,843000,,,,,,,,her,,,,,,,0.47,0.28,0.74
inject,push,844500,,,,,,,,her,,,,,,,0.47,0.28,0.75
inject,push,846000,,,,,,,,her,,,,,,,0.47,0.28,0.75
inject,push,847500,,,,,,,,her,,,,,,,0.47,0.28,0.75
inject,push,849000,,,,,,,,her,,,,,,,0.47,0.28,0.75
inject,push,850500,,,,,,,,her,,,,,,,0.47,0.28,0.75
inject,push,852000,,,,,,,,her,,,,,,,0.47,0.28,0.75
inject,push,853500,,,,,,,,her,,,,,,,0.47,0.28,0.75
inject,push,855000,,,,,,,,her,,,,,,,0.47,0.28,0.75
inject,push,856500,,,,,,,,her,,,,,,,0.47,0.28,0.75
inject,push,858000,,,,,,,,her,,,,,,,0.47,0.28,0.75
inject,push,859500,,,,,,,,her,,,,,,,0.47,0.28,0.75
inject,push,861000,,,,,,,,her,,,,,,,0.47,0.28,0.75
inject,push,862500,,,,,,,,her,,,,,,,0.47,0.28,0.75
inject,push,864000,,,,,,,,her,,,,,,,0.47,0.28,0.75
inject,push,865500,,,,,,,,her,,,,,,,0.47,0.28,0.75
inject,push,867000,,,,,,,,her,,,,,,,0.47,0.28,0.75
inject,push,868500,,,,,,,,her,,,,,,,0.47,0.28,0.75
inject,push,870000,,,,,,,,her,,,,,,,0.47,0.28,0.75
inject,push,871500,,,,,,,,her,,,,,,,0.47,0.28,0.75
inject,push,873000,,,,,,,,her,,,,,,,0.47,0.28,0.75
inject,push,874500,,,,,,,,her,,,,,,,0.47,0.28,0.75
inject,push,876000,,,,,,,,her,,,,,,,0.47,0.28,0.75
inject,push,877500,,,,,,,,her,,,,,,,0.47,0.28,0.75
inject,push,879000,,,,,,,,her,,,,,,,0.47,0.28,0.75
inject,push,880500,,,,,,,,her,,,,,,,0.47,0.28,0.75
inject,push,882000,,,,,,,,her,,,,,,,0.47,0.28,0.75
inject,push,883500,,,,,,,,her,,,,,,,0.47,0.28,0.75
inject,push,885000,,,,,,,,her,,,,,,,0.47,0.28,0.75
inject,push,886500,,,,,,,,her,,,,,,,0.47,0.28,0.75
inject,push,888000,,,,,,,,her,,,,,,,0.47,0.28,0.75
inject,push,889500,,,,,,,,her,,,,,,,0.47,0.28,0.75
inject,push,891000,,,,,,,,her,,,,,,,0.47,0.29,0.75
inject,push,892500,,,,,,,,her,,,,,,,0.46,0.29,0.75
inject,push,894000,,,,,,,,her,,,,,,,0.47,0.28,0.75
inject,push,895500,,,,,,,,her,,,,,,,0.47,0.28,0.75
inject,push,897000,,,,,,,,her,,,,,,,0.47,0.28,0.75
inject,push,898500,,,,,,,,her,,,,,,,0.47,0.28,0.75
inject,push,900000,,,,,,,,her,,,,,,,0.47,0.28,0.75
inject,push,901500,,,,,,,,her,,,,,,,0.47,0.28,0.75
inject,push,903000,,,,,,,,her,,,,,,,0.47,0.28,0.75
inject,push,904500,,,,,,,,her,,,,,,,0.47,0.28,0.75
inject,push,906000,,,,,,,,her,,,,,,,0.47,0.28,0.75
inject,push,907500,,,,,,,,her,,,,,,,0.47,0.28,0.75
inject,push,909000,,,,,,,,her,,,,,,,0.47,0.28,0.75
inject,push,910500,,,,,,,,her,,,,,,,0.47,0.28,0.75
inject,push,912000,,,,,,,,her,,,,,,,0.47,0.28,0.75
inject,push,913500,,,,,,,,her,,,,,,,0.47,0.28,0.75
inject,push,915000,,,,,,,,her,,,,,,,0.47,0.28,0.75
inject,push,916500,,,,,,,,her,,,,,,,0.47,0.28,0.75
inject,push,918000,,,,,,,,her,,,,,,,0.47,0.28,0.75
inject,push,919500,,,,,,,,her,,,,,,,0.47,0.28,0.75
inject,push,921000,,,,,,,,her,,,,,,,0.47,0.28,0.75
inject,push,922500,,,,,,,,her,,,,,,,0.48,0.28,0.76
inject,push,924000,,,,,,,,her,,,,,,,0.47,0.28,0.75
inject,push,925500,,,,,,,,her,,,,,,,0.47,0.28,0.75
inject,push,927000,,,,,,,,her,,,,,,,0.47,0.28,0.75
inject,push,928500,,,,,,,,her,,,,,,,0.47,0.28,0.75
inject,push,930000,,,,,,,,her,,,,,,,0.47,0.28,0.75
inject,push,931500,,,,,,,,her,,,,,,,0.48,0.28,0.76
inject,push,933000,,,,,,,,her,,,,,,,0.48,0.28,0.76
inject,push,934500,,,,,,,,her,,,,,,,0.48,0.28,0.76
inject,push,936000,,,,,,,,her,,,,,,,0.48,0.28,0.76
inject,push,937500,,,,,,,,her,,,,,,,0.48,0.28,0.76
inject,push,939000,,,,,,,,her,,,,,,,0.48,0.28,0.76
inject,push,940500,,,,,,,,her,,,,,,,0.48,0.28,0.75
inject,push,942000,,,,,,,,her,,,,,,,0.48,0.28,0.76
inject,push,943500,,,,,,,,her,,,,,,,0.48,0.28,0.76
inject,push,945000,,,,,,,,her,,,,,,,0.48,0.28,0.76
inject,push,946500,,,,,,,,her,,,,,,,0.48,0.28,0.76
inject,push,948000,,,,,,,,her,,,,,,,0.48,0.28,0.76
inject,push,949500,,,,,,,,her,,,,,,,0.48,0.28,0.76
inject,push,951000,,,,,,,,her,,,,,,,0.48,0.28,0.76
inject,push,952500,,,,,,,,her,,,,,,,0.48,0.28,0.76
inject,push,954000,,,,,,,,her,,,,,,,0.48,0.28,0.76
inject,push,955500,,,,,,,,her,,,,,,,0.48,0.28,0.76
inject,push,957000,,,,,,,,her,,,,,,,0.48,0.28,0.76
inject,push,958500,,,,,,,,her,,,,,,,0.48,0.28,0.76
inject,push,960000,,,,,,,,her,,,,,,,0.48,0.28,0.76
inject,push,961500,,,,,,,,her,,,,,,,0.48,0.28,0.76
inject,push,963000,,,,,,,,her,,,,,,,0.48,0.28,0.76
inject,push,964500,,,,,,,,her,,,,,,,0.48,0.28,0.76
inject,push,966000,,,,,,,,her,,,,,,,0.48,0.29,0.76
inject,push,967500,,,,,,,,her,,,,,,,0.48,0.28,0.76
inject,push,969000,,,,,,,,her,,,,,,,0.48,0.28,0.76
inject,push,970500,,,,,,,,her,,,,,,,0.48,0.28,0.76
inject,push,972000,,,,,,,,her,,,,,,,0.48,0.29,0.76
inject,push,973500,,,,,,,,her,,,,,,,0.48,0.28,0.76
inject,push,975000,,,,,,,,her,,,,,,,0.48,0.28,0.76
inject,push,976500,,,,,,,,her,,,,,,,0.48,0.28,0.76
inject,push,978000,,,,,,,,her,,,,,,,0.48,0.28,0.76
inject,push,979500,,,,,,,,her,,,,,,,0.48,0.28,0.76
inject,push,981000,,,,,,,,her,,,,,,,0.48,0.28,0.76
inject,push,982500,,,,,,,,her,,,,,,,0.48,0.28,0.76
inject,push,984000,,,,,,,,her,,,,,,,0.48,0.28,0.76
inject,push,985500,,,,,,,,her,,,,,,,0.48,0.28,0.76
inject,push,987000,,,,,,,,her,,,,,,,0.48,0.28,0.76
inject,push,988500,,,,,,,,her,,,,,,,0.48,0.28,0.76
inject,push,990000,,,,,,,,her,,,,,,,0.48,0.28,0.77
