_step,learner/env_steps,learner/decomp/shared_score_fraction,learner/decomp/scaled_shared_to_task_norm,learner/decomp/shared_task_cosine,learner/decomp/shared_goal_score_abs,learner/decomp/task_goal_score_abs,learner/decomp/shared_norm,learner/decomp/task_norm,learner/categorical_accuracy,learner/binary_accuracy,learner/decomp/L_dyn,learner/actor_loss,learner/entropy_mean,run_id,seed,alpha
24600.0,10050,0.0,0.0,0.06514380872249603,0.0,1.5737106800079346,20.225526809692383,11.221763610839844,0.5845947265625,0.9961080551147461,4.481227369979024e-05,33.16340637207031,1.1384204626083374,ofzrndo9,7,0.0
36600.0,20100,0.0,0.0,0.06735218316316605,0.0,1.4805538654327393,19.187971115112305,11.63890266418457,0.6932373046875,0.9965877532958984,4.686684405896813e-05,41.802066802978516,-3.5014255046844482,ofzrndo9,7,0.0
46350.0,30150,0.0,0.0,0.09932833164930344,0.0,1.3221452236175537,18.214004516601562,12.74083137512207,0.7154541015625,0.9967575073242188,4.164821802987717e-05,39.55439758300781,-6.137722969055176,ofzrndo9,7,0.0
56700.0,40200,0.0,0.0,0.10703112185001373,0.0,1.61094331741333,16.831573486328125,9.685434341430664,0.67071533203125,0.996243953704834,4.338276630733162e-05,20.467994689941406,-8.96298599243164,ofzrndo9,7,0.0
66900.0,50250,0.0,0.0,0.1033838540315628,0.0,1.1402146816253662,15.752999305725098,14.449222564697266,0.80029296875,0.9971668720245361,4.153299596509896e-05,57.636993408203125,-8.851922988891602,ofzrndo9,7,0.0
76650.0,60300,0.0,0.0,0.12062637507915497,0.0,1.2242770195007324,14.471660614013672,15.103581428527832,0.84466552734375,0.9973559379577637,3.83307778974995e-05,61.79369354248047,-10.040426254272461,ofzrndo9,7,0.0
85050.0,70350,0.0,0.0,0.14062637090682983,0.0,1.1438498497009277,13.44078254699707,15.332954406738281,0.84002685546875,0.9973106384277344,4.054508826811798e-05,58.266632080078125,-9.550440788269043,ofzrndo9,7,0.0
95700.0,80400,0.0,0.0,0.1452624797821045,0.0,1.0618500709533691,12.949882507324219,16.267715454101562,0.858642578125,0.9974496364593506,3.5746801586356014e-05,66.57147216796875,-7.095765113830566,ofzrndo9,7,0.0
106050.0,90450,0.0,0.0,0.14351141452789307,0.0,1.153439998626709,12.499956130981445,15.580413818359375,0.882568359375,0.9975175857543945,3.4288335882592946e-05,64.2132339477539,-7.7271223068237305,ofzrndo9,7,0.0
117000.0,100500,0.0,0.0,0.1601298600435257,0.0,1.0008400678634644,11.870244979858398,15.146050453186035,0.86260986328125,0.9974143505096436,3.5263263271190226e-05,54.20254898071289,-8.515397071838379,ofzrndo9,7,0.0
125100.0,110550,0.0,0.0,0.18631401658058167,0.0,1.0024962425231934,11.521820068359375,13.445545196533203,0.884521484375,0.9974877834320068,3.124487557215616e-05,47.77717971801758,-7.480501174926758,ofzrndo9,7,0.0
135600.0,120600,0.0,0.0,0.18408600986003876,0.0,1.0833402872085571,11.228353500366211,17.333702087402344,0.9012451171875,0.9976317882537842,2.6765861548483372e-05,83.45596313476562,-9.18065357208252,ofzrndo9,7,0.0
145200.0,130650,0.0,0.0,0.18690434098243713,0.0,1.044327735900879,10.985673904418945,16.176937103271484,0.90863037109375,0.9976534843444824,2.7039175620302558e-05,77.82813262939453,-9.274238586425781,ofzrndo9,7,0.0
154800.0,140700,0.0,0.0,0.21213290095329285,0.0,1.0060973167419434,10.790694236755371,12.242860794067383,0.896240234375,0.9975664615631104,3.027907405339647e-05,32.503936767578125,-9.042167663574219,ofzrndo9,7,0.0
167100.0,150750,0.0,0.0,0.19593626260757446,0.0,0.9337620735168457,10.498525619506836,16.804367065429688,0.91192626953125,0.9976880550384521,2.7101783416583203e-05,84.87167358398438,-9.086267471313477,ofzrndo9,7,0.0
177450.0,160800,0.0,0.0,0.2067536562681198,0.0,1.0313204526901245,10.279865264892578,17.68219757080078,0.91412353515625,0.9977149963378906,2.7316569685353898e-05,88.4950180053711,-9.223024368286133,ofzrndo9,7,0.0
185250.0,170850,0.0,0.0,0.21779130399227142,0.0,3.6740784645080566,10.248916625976562,14.780889511108398,0.77227783203125,0.9964950084686279,2.7557334760786034e-05,59.03188705444336,-6.791196823120117,ofzrndo9,7,0.0
195900.0,180900,0.0,0.0,0.2334865927696228,0.0,0.8616922497749329,10.146843910217285,14.949111938476562,0.91754150390625,0.9976418018341064,2.6849007554119453e-05,55.54549026489258,-6.224729537963867,ofzrndo9,7,0.0
205500.0,190950,0.0,0.0,0.22038711607456207,0.0,0.9558336138725281,9.992420196533203,16.900999069213867,0.9388427734375,0.9977672100067139,2.456600486766547e-05,80.50439453125,-7.389801979064941,ofzrndo9,7,0.0
217200.0,201000,0.0,0.0,0.24105244874954224,0.0,0.9932264685630798,9.88536548614502,17.65335464477539,0.90478515625,0.9976334571838379,2.5193157853209414e-05,95.41438293457031,-7.391445636749268,ofzrndo9,7,0.0
225450.0,211050,0.0,0.0,0.23165175318717957,0.0,2.3945424556732178,9.9179105758667,12.215961456298828,0.82489013671875,0.9966058731079102,2.648699955898337e-05,36.392662048339844,-7.436009883880615,ofzrndo9,7,0.0
237750.0,221100,0.0,0.0,0.24540503323078156,0.0,0.8294081091880798,9.714746475219727,15.056169509887695,0.9156494140625,0.9977421760559082,2.3700158635620028e-05,59.26557159423828,-6.931228160858154,ofzrndo9,7,0.0
247500.0,231150,0.0,0.0,0.258786141872406,0.0,0.8598393201828003,9.837939262390137,16.152420043945312,0.9283447265625,0.997779130935669,2.2208190785022452e-05,81.16078186035156,-6.575198650360107,ofzrndo9,7,0.0
255600.0,241200,0.0,0.0,0.2601025700569153,0.0,0.9760563373565674,9.721543312072754,17.15135955810547,0.933349609375,0.9977724552154541,2.1350042516132817e-05,93.70885467529297,-7.917168617248535,ofzrndo9,7,0.0
266551.0,251250,0.0,0.0,0.25458019971847534,0.0,1.0135877132415771,9.520818710327148,17.201725006103516,0.93536376953125,0.9977626800537109,2.4047010811045766e-05,96.80783081054688,-7.42968225479126,ofzrndo9,7,0.0
276450.0,261300,0.0,0.0,0.2616628110408783,0.0,0.8603271842002869,9.509575843811035,15.991744995117188,0.95391845703125,0.9978704452514648,2.2160267690196633e-05,76.33863830566406,-6.239253044128418,ofzrndo9,7,0.0
285750.0,271350,0.0,0.0,0.2833893597126007,0.0,0.9266793727874756,9.305980682373047,17.196046829223633,0.93890380859375,0.9978151321411133,2.1619929611915722e-05,90.46891021728516,-7.21931266784668,ofzrndo9,7,0.0
295950.0,281400,0.0,0.0,0.2735152542591095,0.0,0.8762564659118652,9.305191040039062,16.252944946289062,0.9422607421875,0.9978616237640381,2.2318419723887928e-05,82.24839782714844,-7.936803817749023,ofzrndo9,7,0.0
306900.0,291450,0.0,0.0,0.27412283420562744,0.0,0.9545400142669678,9.22568130493164,17.894981384277344,0.95269775390625,0.9978878498077393,2.1229941921774298e-05,109.4337158203125,-8.57136344909668,ofzrndo9,7,0.0
316351.0,301500,0.0,0.0,0.2980840802192688,0.0,0.967854917049408,9.277074813842773,13.755571365356445,0.93975830078125,0.9977726936340332,1.9715418602572754e-05,46.75303649902344,-7.141719341278076,ofzrndo9,7,0.0
326400.0,311550,0.0,0.0,0.27311545610427856,0.0,0.9193342328071594,9.241974830627441,16.242324829101562,0.95892333984375,0.9979138374328613,2.0169654817436822e-05,85.80958557128906,-7.237071990966797,ofzrndo9,7,0.0
337050.0,321600,0.0,0.0,0.27692824602127075,0.0,0.9029254913330078,9.158336639404297,16.923961639404297,0.95623779296875,0.9978985786437988,2.1260395442368463e-05,106.28950500488281,-4.699201583862305,ofzrndo9,7,0.0
348000.0,331650,0.0,0.0,0.3036813735961914,0.0,0.8783975839614868,9.074640274047852,14.08517074584961,0.94671630859375,0.9978716373443604,1.8941516827908345e-05,57.559608459472656,-7.207673072814941,ofzrndo9,7,0.0
356250.0,341700,0.0,0.0,0.2817533016204834,0.0,0.9303864240646362,9.023723602294922,17.30571746826172,0.94964599609375,0.9978442192077637,1.631979102967307e-05,115.62132263183594,-7.695836067199707,ofzrndo9,7,0.0
367650.0,351750,0.0,0.0,0.30336493253707886,0.0,0.7619237899780273,9.01146125793457,15.184417724609375,0.9742431640625,0.9979865550994873,1.885148958535865e-05,68.25801849365234,-7.2160539627075195,ofzrndo9,7,0.0
377850.0,361800,0.0,0.0,0.3037220239639282,0.0,0.8029895424842834,8.875045776367188,14.836418151855469,0.9464111328125,0.9978551864624023,1.5751453247503377e-05,67.88361358642578,-6.285223007202148,ofzrndo9,7,0.0
388050.0,371850,0.0,0.0,0.2797642648220062,0.0,0.7917438745498657,8.849964141845703,14.890520095825195,0.953857421875,0.9978835582733154,1.7695329006528482e-05,67.5985107421875,-6.143935203552246,ofzrndo9,7,0.0
396150.0,381900,0.0,0.0,0.3013325333595276,0.0,0.8476114273071289,8.876646041870117,16.141571044921875,0.9541015625,0.9978792667388916,1.7795700841816142e-05,87.33158874511719,-6.957441329956055,ofzrndo9,7,0.0
407100.0,391950,0.0,0.0,0.3006877303123474,0.0,0.8361567258834839,8.837692260742188,16.603919982910156,0.966796875,0.997960090637207,1.6844558558659628e-05,86.53787231445312,-6.810150623321533,ofzrndo9,7,0.0
417600.0,402000,0.0,0.0,0.30233216285705566,0.0,0.8959250450134277,8.724937438964844,16.51189422607422,0.9736328125,0.9979946613311768,1.7693364497972652e-05,96.60873413085938,-7.070754051208496,ofzrndo9,7,0.0
427200.0,412050,0.0,0.0,0.3055322766304016,0.0,0.8437049388885498,8.683321952819824,16.527435302734375,0.9503173828125,0.9978477954864502,1.6431815311079845e-05,101.22724914550781,-6.642368316650391,ofzrndo9,7,0.0
436800.0,422100,0.0,0.0,0.27633434534072876,0.0,0.9877339601516724,8.722251892089844,13.171838760375977,0.95208740234375,0.9978666305541992,1.6935398889472708e-05,49.84471893310547,-7.957317352294922,ofzrndo9,7,0.0
446550.0,432150,0.0,0.0,0.2872949540615082,0.0,0.7807497382164001,8.576644897460938,14.631115913391113,0.96575927734375,0.9979326725006104,1.706037437543273e-05,66.67562866210938,-7.8190412521362305,ofzrndo9,7,0.0
456450.0,442200,0.0,0.0,0.28275221586227417,0.0,0.809699535369873,8.510345458984375,12.889434814453125,0.94769287109375,0.9979078769683838,1.9071099814027548e-05,46.95996856689453,-7.481548309326172,ofzrndo9,7,0.0
468750.0,452250,0.0,0.0,0.3040527403354645,0.0,1.0289344787597656,8.442197799682617,16.466476440429688,0.96331787109375,0.9979004859924316,1.5581606930936687e-05,98.545654296875,-6.646683216094971,ofzrndo9,7,0.0
477150.0,462300,0.0,0.0,0.2865857779979706,0.0,0.7776829600334167,8.391754150390625,13.431404113769531,0.95025634765625,0.9979019165039062,1.765591514413245e-05,59.068641662597656,-6.430564880371094,ofzrndo9,7,0.0
488850.0,472350,0.0,0.0,0.2975151538848877,0.0,0.7787938117980957,8.474838256835938,13.975428581237793,0.942626953125,0.9977893829345703,1.5680558135500178e-05,60.85626220703125,-7.189859390258789,ofzrndo9,7,0.0
498750.0,482400,0.0,0.0,0.28902730345726013,0.0,0.7882193326950073,8.353221893310547,13.156312942504883,0.95635986328125,0.9979264736175537,1.6789414075901732e-05,53.344749450683594,-8.067930221557617,ofzrndo9,7,0.0
508200.0,492450,0.0,0.0,0.2972726821899414,0.0,0.6916969418525696,8.340316772460938,15.157997131347656,0.96307373046875,0.9979212284088135,1.558856456540525e-05,81.22493743896484,-6.39048957824707,ofzrndo9,7,0.0
517800.0,502500,0.0,0.0,0.31109532713890076,0.0,0.8143115639686584,8.337076187133789,14.047013282775879,0.9610595703125,0.9979395866394043,1.5157707821344957e-05,67.45449829101562,-7.31420373916626,ofzrndo9,7,0.0
527850.0,512550,0.0,0.0,0.2816384434700012,0.0,1.0140610933303833,8.263575553894043,11.157511711120605,0.9439697265625,0.9978659152984619,1.618518763280008e-05,36.11712646484375,-7.95562744140625,ofzrndo9,7,0.0
537600.0,522600,0.0,0.0,0.30564039945602417,0.0,0.8218327760696411,8.28037166595459,14.6673583984375,0.949951171875,0.9978816509246826,1.7064397979993373e-05,82.9576416015625,-5.317689895629883,ofzrndo9,7,0.0
548700.0,532650,0.0,0.0,0.30971211194992065,0.0,0.7199272513389587,8.22381591796875,13.892976760864258,0.98101806640625,0.9979660511016846,1.4501556506729685e-05,62.16295623779297,-5.649279594421387,ofzrndo9,7,0.0
557850.0,542700,0.0,0.0,0.2924991846084595,0.0,0.7173247933387756,8.182424545288086,14.351387023925781,0.9669189453125,0.9979474544525146,1.405760212946916e-05,62.02644348144531,-7.67401123046875,ofzrndo9,7,0.0
567900.0,552750,0.0,0.0,0.30141299962997437,0.0,0.7205544710159302,8.150524139404297,14.087979316711426,0.9710693359375,0.9980158805847168,1.6425781723228283e-05,68.59750366210938,-7.481842517852783,ofzrndo9,7,0.0
578700.0,562800,0.0,0.0,0.2981545627117157,0.0,0.7411946058273315,8.095013618469238,15.300393104553223,0.9622802734375,0.9979541301727295,1.4626715710619465e-05,80.01258850097656,-6.717701435089111,ofzrndo9,7,0.0
588450.0,572850,0.0,0.0,0.3016357421875,0.0,0.7478318214416504,8.024203300476074,14.270927429199219,0.967529296875,0.9979465007781982,1.54470053530531e-05,66.00440216064453,-8.011954307556152,ofzrndo9,7,0.0
597900.0,582900,0.0,0.0,0.2921764850616455,0.0,0.7656275629997253,8.144119262695312,13.51804256439209,0.95245361328125,0.9979093074798584,1.4241177268559113e-05,60.54032897949219,-7.166149139404297,ofzrndo9,7,0.0
608100.0,592950,0.0,0.0,0.3165113925933838,0.0,0.845062792301178,8.047540664672852,16.37816047668457,0.9627685546875,0.9979090690612793,1.333365980826784e-05,104.20707702636719,-7.700191497802734,ofzrndo9,7,0.0
618150.0,603000,0.0,0.0,0.29319483041763306,0.0,0.8662591576576233,7.99699592590332,16.13341522216797,0.96844482421875,0.9979298114776611,1.4863382602925412e-05,98.00843811035156,-5.803646087646484,ofzrndo9,7,0.0
628200.0,613050,0.0,0.0,0.3141595125198364,0.0,0.8412549495697021,8.042492866516113,16.358036041259766,0.97113037109375,0.9979479312896729,1.434875503036892e-05,103.23524475097656,-5.9674272537231445,ofzrndo9,7,0.0
638100.0,623100,0.0,0.0,0.3120691776275635,0.0,0.8694050312042236,7.983733177185059,15.60662841796875,0.9814453125,0.9980106353759766,1.4875291526550427e-05,95.94161987304688,-5.292803764343262,ofzrndo9,7,0.0
649650.0,633150,0.0,0.0,0.31065165996551514,0.0,0.7990994453430176,7.9971394538879395,15.31246566772461,0.96563720703125,0.997943639755249,1.241571044374723e-05,93.65135192871094,-6.686525821685791,ofzrndo9,7,0.0
659250.0,643200,0.0,0.0,0.30609840154647827,0.0,0.7620635032653809,7.945861339569092,16.197784423828125,0.97454833984375,0.9979922771453857,1.5678437193855643e-05,95.34684753417969,-5.7753119468688965,ofzrndo9,7,0.0
668400.0,653250,0.0,0.0,0.30177199840545654,0.0,0.8098372220993042,7.978579521179199,14.763520240783691,0.97705078125,0.9979724884033203,1.3762869457423221e-05,80.98845672607422,-6.789525985717773,ofzrndo9,7,0.0
679050.0,663300,0.0,0.0,0.3054468333721161,0.0,0.7135471701622009,7.966601848602295,14.848384857177734,0.98309326171875,0.9980361461639404,1.553189940750599e-05,85.53495788574219,-5.8199357986450195,ofzrndo9,7,0.0
689100.0,673350,0.0,0.0,0.29492443799972534,0.0,0.7847464084625244,7.8501973152160645,15.116291046142578,0.97369384765625,0.9980101585388184,1.4208650100044906e-05,77.30306243896484,-6.626504421234131,ofzrndo9,7,0.0
698550.0,683400,0.0,0.0,0.2946712374687195,0.0,0.6725534200668335,7.866869926452637,13.665938377380371,0.98388671875,0.9980590343475342,1.4817102055530995e-05,69.01080322265625,-5.095993995666504,ofzrndo9,7,0.0
708600.0,693450,0.0,0.0,0.30127304792404175,0.0,0.7235724925994873,7.858723163604736,13.86286735534668,0.97216796875,0.9979932308197021,1.626339326321613e-05,78.71179962158203,-5.4961676597595215,ofzrndo9,7,0.0
718350.0,703500,0.0,0.0,0.30029547214508057,0.0,0.7129668593406677,7.781911849975586,13.088312149047852,0.97607421875,0.9980189800262451,1.3392421351454686e-05,64.47410583496094,-4.704318523406982,ofzrndo9,7,0.0
729600.0,713550,0.0,0.0,0.28304383158683777,0.0,0.777369499206543,7.767667770385742,12.46197509765625,0.96588134765625,0.9979333877563477,1.2983560736756772e-05,50.87273025512695,-6.215190410614014,ofzrndo9,7,0.0
739950.0,723600,0.0,0.0,0.31650471687316895,0.0,0.8146541118621826,7.809082508087158,15.939621925354004,0.97894287109375,0.9980106353759766,1.3815690181218088e-05,101.33717346191406,-6.081857681274414,ofzrndo9,7,0.0
749550.0,733650,0.0,0.0,0.2888118028640747,0.0,0.7616114020347595,7.735530853271484,11.94501781463623,0.9720458984375,0.9979991912841797,1.3431852494250052e-05,52.411346435546875,-5.901277542114258,ofzrndo9,7,0.0
759900.0,743700,0.0,0.0,0.2912926971912384,0.0,0.7602219581604004,7.791342735290527,13.387157440185547,0.9749755859375,0.9979925155639648,1.4971414202591404e-05,70.7645034790039,-5.570723533630371,ofzrndo9,7,0.0
769650.0,753750,0.0,0.0,0.3115311563014984,0.0,0.8502333760261536,7.780869960784912,16.144641876220703,0.98150634765625,0.9980266094207764,1.1180545698152855e-05,109.06105041503906,-6.452317237854004,ofzrndo9,7,0.0
779400.0,763800,0.0,0.0,0.31231236457824707,0.0,0.8351291418075562,7.701998233795166,16.005512237548828,0.98101806640625,0.9979960918426514,1.3645975741383154e-05,100.51364135742188,-6.21674919128418,ofzrndo9,7,0.0
790350.0,773850,0.0,0.0,0.3087628483772278,0.0,0.7895601987838745,7.751585960388184,15.386857986450195,0.97149658203125,0.9979515075683594,1.3278714504849631e-05,93.55873107910156,-7.415585517883301,ofzrndo9,7,0.0
798750.0,783900,0.0,0.0,0.30350521206855774,0.0,0.6584580540657043,7.709738731384277,14.35244083404541,0.977783203125,0.9979774951934814,1.2269429134903476e-05,80.42962646484375,-5.867208003997803,ofzrndo9,7,0.0
808950.0,793950,0.0,0.0,0.3038609027862549,0.0,0.7390651106834412,7.6474504470825195,13.935344696044922,0.98223876953125,0.9980266094207764,1.2769137356372084e-05,84.13111877441406,-5.924030303955078,ofzrndo9,7,0.0
818400.0,804000,0.0,0.0,0.3114157021045685,0.0,0.6946924924850464,7.601981163024902,15.077554702758789,0.98828125,0.9980497360229492,1.1562117833818775e-05,88.85607147216797,-7.321540355682373,ofzrndo9,7,0.0
828600.0,814050,0.0,0.0,0.31353238224983215,0.0,0.7323132753372192,7.607419490814209,15.132257461547852,0.9837646484375,0.9979968070983887,1.2547812730190344e-05,93.69600677490234,-6.221776485443115,ofzrndo9,7,0.0
839100.0,824100,0.0,0.0,0.3093278706073761,0.0,0.7769031524658203,7.662313461303711,14.753519058227539,0.9840087890625,0.9980151653289795,1.186788358609192e-05,88.86835479736328,-5.723721027374268,ofzrndo9,7,0.0
849450.0,834150,0.0,0.0,0.31415024399757385,0.0,0.7557781934738159,7.5555806159973145,14.990623474121094,0.97845458984375,0.997983455657959,1.1881536920554936e-05,93.82532501220703,-6.273179054260254,ofzrndo9,7,0.0
858750.0,844200,0.0,0.0,0.30556344985961914,0.0,0.7120892405509949,7.571210861206055,13.667173385620117,0.98162841796875,0.9979984760284424,1.1671798347379081e-05,75.30474853515625,-4.962108612060547,ofzrndo9,7,0.0
868650.0,854250,0.0,0.0,0.3114931583404541,0.0,0.6623747944831848,7.608157157897949,15.759481430053711,0.98040771484375,0.9979989528656006,1.2887529010185972e-05,94.15892028808594,-5.439566135406494,ofzrndo9,7,0.0
878850.0,864300,0.0,0.0,0.30389130115509033,0.0,0.7128914594650269,7.552855014801025,14.090404510498047,0.98138427734375,0.9980342388153076,1.4269262464949861e-05,84.49227142333984,-6.558852672576904,ofzrndo9,7,0.0
888750.0,874350,0.0,0.0,0.3054623305797577,0.0,0.6692889928817749,7.554386138916016,13.885568618774414,0.9830322265625,0.9980082511901855,1.1004689440596849e-05,78.84728240966797,-5.869737148284912,ofzrndo9,7,0.0
901050.0,884400,0.0,0.0,0.2994092106819153,0.0,0.6812713742256165,7.4488372802734375,14.011652946472168,0.97967529296875,0.9980049133300781,1.0623611160553992e-05,76.49443817138672,-5.763710975646973,ofzrndo9,7,0.0
910650.0,894450,0.0,0.0,0.3005426526069641,0.0,0.7763330936431885,7.419986724853516,13.228646278381348,0.9771728515625,0.9979681968688965,1.1955105946981348e-05,68.76953125,-6.571452617645264,ofzrndo9,7,0.0
921000.0,904500,0.0,0.0,0.28350985050201416,0.0,0.6090292930603027,7.519181251525879,11.795761108398438,0.977294921875,0.997967004776001,1.1797503248089924e-05,55.423805236816406,-5.2301130294799805,ofzrndo9,7,0.0
930600.0,914550,0.0,0.0,0.31413087248802185,0.0,0.8108295202255249,7.513545036315918,14.79289436340332,0.9910888671875,0.9980626106262207,1.2235376743774395e-05,92.21722412109375,-6.062184810638428,ofzrndo9,7,0.0
940200.0,924600,0.0,0.0,0.31032776832580566,0.0,0.7707737684249878,7.515908241271973,14.716529846191406,0.97833251953125,0.99800705909729,1.0643636414897628e-05,91.77247619628906,-5.680757522583008,ofzrndo9,7,0.0
951150.0,934650,0.0,0.0,0.2954743504524231,0.0,0.7217073440551758,7.423789024353027,14.560400009155273,0.9752197265625,0.9979963302612305,1.0664603905752301e-05,88.60188293457031,-6.031494617462158,ofzrndo9,7,0.0
961350.0,944700,0.0,0.0,0.2920430898666382,0.0,0.7338345050811768,7.423511981964111,12.764737129211426,0.981201171875,0.998023509979248,1.1260286555625498e-05,64.84866333007812,-5.34713077545166,ofzrndo9,7,0.0
971250.0,954750,0.0,0.0,0.2888146638870239,0.0,0.6555324196815491,7.403992652893066,13.32583999633789,0.98455810546875,0.9980652332305908,1.0901039786403999e-05,73.54387664794922,-5.80821418762207,ofzrndo9,7,0.0
981450.0,964800,0.0,0.0,0.3154072165489197,0.0,0.812899649143219,7.482248306274414,15.21524429321289,0.97772216796875,0.9980010986328125,1.0937162187474314e-05,96.04386138916016,-6.665866374969482,ofzrndo9,7,0.0
990750.0,974850,0.0,0.0,0.3166281580924988,0.0,0.6822832226753235,7.432096481323242,15.119009971618652,0.9923095703125,0.9980769157409668,1.1329331755405292e-05,94.456298828125,-6.22658109664917,ofzrndo9,7,0.0
1000200.0,984900,0.0,0.0,0.3105776309967041,0.0,0.6421264410018921,7.429889678955078,13.504006385803223,0.984130859375,0.9980056285858154,9.483137546340004e-06,75.3340835571289,-5.434602737426758,ofzrndo9,7,0.0
24450.0,10050,0.0,0.0,0.183828204870224,0.0,1.4506715536117554,15.210565567016602,10.33738899230957,0.5867919921875,0.9961738586425781,4.769673978444189e-05,23.501562118530273,1.4512455463409424,x3243e9i,5,0.0
36450.0,20100,0.0,0.0,0.1181817501783371,0.0,1.4413831233978271,15.027758598327637,11.857309341430664,0.6761474609375,0.9964804649353027,4.8588073696009815e-05,43.405517578125,-3.3078250885009766,x3243e9i,5,0.0
46350.0,30150,0.0,0.0,0.17103545367717743,0.0,1.2995333671569824,14.382757186889648,12.89773941040039,0.68682861328125,0.996612548828125,5.159179272595793e-05,31.27484130859375,-5.529579162597656,x3243e9i,5,0.0
56550.0,40200,0.0,0.0,0.15163645148277283,0.0,1.2056196928024292,13.759809494018555,14.078681945800781,0.77581787109375,0.9969677925109863,4.2971714719897136e-05,50.19099426269531,-8.53195571899414,x3243e9i,5,0.0
66751.0,50250,0.0,0.0,0.12883692979812622,0.0,1.1884745359420776,12.962163925170898,14.768884658813477,0.7994384765625,0.9971380233764648,4.390205867821351e-05,60.27397918701172,-11.051135063171387,x3243e9i,5,0.0
75750.0,60300,0.0,0.0,0.1472921520471573,0.0,1.1393343210220337,12.487751007080078,15.864558219909668,0.837646484375,0.9973158836364746,4.721999721368775e-05,63.69061279296875,-9.731379508972168,x3243e9i,5,0.0
86850.0,70350,0.0,0.0,0.1782100349664688,0.0,1.8085215091705322,12.01681900024414,15.123315811157227,0.7615966796875,0.996931791305542,4.820949834538624e-05,50.72029113769531,-8.435689926147461,x3243e9i,5,0.0
95100.0,80400,0.0,0.0,0.1788601577281952,0.0,1.196716070175171,11.556131362915039,17.139511108398438,0.845703125,0.9973828792572021,4.354015254648402e-05,72.37504577636719,-8.280376434326172,x3243e9i,5,0.0
105450.0,90450,0.0,0.0,0.18559570610523224,0.0,1.0431342124938965,11.205507278442383,17.468658447265625,0.8662109375,0.9974014759063721,4.0409933717455715e-05,60.49340057373047,-8.186927795410156,x3243e9i,5,0.0
116101.0,100500,0.0,0.0,0.16693058609962463,0.0,1.0791858434677124,10.999401092529297,17.299591064453125,0.88397216796875,0.9975571632385254,4.093447932973504e-05,73.92984008789062,-7.820269584655762,x3243e9i,5,0.0
126450.0,110550,0.0,0.0,0.17815154790878296,0.0,1.0448943376541138,10.673185348510742,18.568389892578125,0.89825439453125,0.9975769519805908,3.86196916224435e-05,79.44144439697266,-7.183235168457031,x3243e9i,5,0.0
136800.0,120600,0.0,0.0,0.26076996326446533,0.0,1.2013607025146484,10.536226272583008,13.972620010375977,0.8382568359375,0.9971699714660645,4.184682256891392e-05,31.089290618896484,-8.955846786499023,x3243e9i,5,0.0
146400.0,130650,0.0,0.0,0.19138240814208984,0.0,1.0672056674957275,10.357034683227539,19.314102172851562,0.89501953125,0.9975736141204834,3.6855210055364296e-05,84.53260803222656,-9.030909538269043,x3243e9i,5,0.0
156300.0,140700,0.0,0.0,0.22373323142528534,0.0,0.9734456539154053,10.283365249633789,18.22610092163086,0.90704345703125,0.9976153373718262,3.4481901820981875e-05,76.09173583984375,-6.754926681518555,x3243e9i,5,0.0
166051.0,150750,0.0,0.0,0.19590216875076294,0.0,1.0877128839492798,10.066425323486328,19.462434768676758,0.91766357421875,0.9976787567138672,3.30813491018489e-05,92.29667663574219,-7.919221878051758,x3243e9i,5,0.0
175950.0,160800,0.0,0.0,0.2094186246395111,0.0,0.9960851073265076,10.059249877929688,19.23326301574707,0.93402099609375,0.9977860450744629,3.0021888960618526e-05,86.25101470947266,-7.526799201965332,x3243e9i,5,0.0
186150.0,170850,0.0,0.0,0.2120368778705597,0.0,0.993074893951416,9.844600677490234,20.407222747802734,0.9100341796875,0.9976818561553955,3.3177748264279217e-05,95.30361938476562,-9.548189163208008,x3243e9i,5,0.0
196350.0,180900,0.0,0.0,0.21861866116523743,0.0,0.8741787672042847,9.670241355895996,19.33877944946289,0.898681640625,0.9976356029510498,3.616797039285302e-05,77.88936614990234,-5.5487751960754395,x3243e9i,5,0.0
205500.0,190950,0.0,0.0,0.24119414389133453,0.0,0.8856638073921204,9.674714088439941,19.272525787353516,0.92218017578125,0.9977238178253174,3.163244400639087e-05,80.51951599121094,-6.277302265167236,x3243e9i,5,0.0
217051.0,201000,0.0,0.0,0.26661890745162964,0.0,1.0343191623687744,9.546870231628418,14.788009643554688,0.88250732421875,0.9975218772888184,3.1578536436427385e-05,42.273529052734375,-10.316286087036133,x3243e9i,5,0.0
226650.0,211050,0.0,0.0,0.24134011566638947,0.0,0.898688018321991,9.589363098144531,19.136436462402344,0.93951416015625,0.9978072643280029,2.8019236196996644e-05,86.44422912597656,-6.008520603179932,x3243e9i,5,0.0
235650.0,221100,0.0,0.0,0.22872038185596466,0.0,0.9191861152648926,9.513019561767578,19.85540008544922,0.94061279296875,0.9977848529815674,3.0080693250056356e-05,98.78881072998047,-6.641296863555908,x3243e9i,5,0.0
247800.0,231150,0.0,0.0,0.2355588972568512,0.0,0.8018149137496948,9.368780136108398,18.838520050048828,0.9285888671875,0.9977388381958008,2.7668847906170413e-05,95.4876708984375,-6.736822605133057,x3243e9i,5,0.0
256050.0,241200,0.0,0.0,0.23687833547592163,0.0,0.9000965356826782,9.333671569824219,20.248933792114258,0.945556640625,0.9978222846984863,2.5026571165653877e-05,104.98480224609375,-6.893814563751221,x3243e9i,5,0.0
266401.0,251250,0.0,0.0,0.2449512481689453,0.0,0.8995660543441772,9.389360427856445,19.870447158813477,0.95184326171875,0.99786376953125,2.340959690627642e-05,95.8886947631836,-7.415989398956299,x3243e9i,5,0.0
276150.0,261300,0.0,0.0,0.29109087586402893,0.0,3.3590164184570312,9.223827362060547,16.369848251342773,0.80859375,0.9969274997711182,2.395595220150426e-05,49.25563430786133,-8.939743995666504,x3243e9i,5,0.0
287550.0,271350,0.0,0.0,0.2461090087890625,0.0,4.656495094299316,9.165750503540039,19.680999755859375,0.8116455078125,0.9970188140869141,2.381725425948389e-05,105.55780029296875,-9.261270523071289,x3243e9i,5,0.0
295950.0,281400,0.0,0.0,0.3017588257789612,0.0,0.8679118752479553,9.20713996887207,16.036849975585938,0.9462890625,0.9978771209716797,2.456721631460823e-05,53.72578811645508,-8.75460147857666,x3243e9i,5,0.0
306300.0,291450,0.0,0.0,0.2504003643989563,0.0,0.8353912830352783,9.063600540161133,19.29773712158203,0.94049072265625,0.9978303909301758,2.309931005584076e-05,103.27125549316406,-10.650979042053223,x3243e9i,5,0.0
317700.0,301500,0.0,0.0,0.24718384444713593,0.0,0.9211954474449158,9.069673538208008,20.095165252685547,0.9522705078125,0.9978973865509033,2.3857315682107583e-05,110.99258422851562,-9.771529197692871,x3243e9i,5,0.0
325800.0,311550,0.0,0.0,0.25412896275520325,0.0,1.0006446838378906,8.996997833251953,20.398887634277344,0.9520263671875,0.9978580474853516,2.251283876830712e-05,119.3433837890625,-7.813352584838867,x3243e9i,5,0.0
336150.0,321600,0.0,0.0,0.2671443819999695,0.0,0.9113010764122009,8.90705680847168,20.10865592956543,0.959716796875,0.9979069232940674,2.46853414864745e-05,118.99130249023438,-6.750965118408203,x3243e9i,5,0.0
347250.0,331650,0.0,0.0,0.2977006435394287,0.0,0.8118025064468384,8.941883087158203,16.611406326293945,0.96282958984375,0.9979715347290039,2.0749146642629057e-05,70.15144348144531,-6.673636436462402,x3243e9i,5,0.0
357300.0,341700,0.0,0.0,0.27629297971725464,0.0,0.8061245679855347,8.913820266723633,18.97863006591797,0.947265625,0.997809886932373,1.9712977518793195e-05,101.10845184326172,-6.966827392578125,x3243e9i,5,0.0
366751.0,351750,0.0,0.0,0.2743278741836548,0.0,0.741514265537262,8.812417984008789,19.14360809326172,0.9456787109375,0.997828483581543,2.339833736186847e-05,93.40266418457031,-7.792780876159668,x3243e9i,5,0.0
376050.0,361800,0.0,0.0,0.28720802068710327,0.0,0.8542618751525879,8.821465492248535,19.10275650024414,0.9630126953125,0.9979331493377686,2.0378756744321436e-05,100.23916625976562,-6.862929344177246,x3243e9i,5,0.0
386700.0,371850,0.0,0.0,0.2783085107803345,0.0,0.889698326587677,8.81554889678955,19.978702545166016,0.94281005859375,0.9978361129760742,2.2226529836189002e-05,106.69436645507812,-6.762510299682617,x3243e9i,5,0.0
397200.0,381900,0.0,0.0,0.29573774337768555,0.0,0.8449164032936096,8.758430480957031,19.313289642333984,0.96923828125,0.9979326725006104,2.1921568986726925e-05,105.03343200683594,-6.454680442810059,x3243e9i,5,0.0
408450.0,391950,0.0,0.0,0.2789939343929291,0.0,0.7767770290374756,8.675537109375,20.12145233154297,0.9775390625,0.9979932308197021,2.2140189685160294e-05,99.237060546875,-8.001487731933594,x3243e9i,5,0.0
417750.0,402000,0.0,0.0,0.29616492986679077,0.0,0.868538498878479,8.779561996459961,19.378671646118164,0.94329833984375,0.9978182315826416,1.942143717315048e-05,111.25970458984375,-6.504189968109131,x3243e9i,5,0.0
427650.0,412050,0.0,0.0,0.2869965434074402,0.0,0.8922808170318604,8.684020042419434,20.36504364013672,0.95257568359375,0.9978697299957275,2.0371615391923115e-05,111.74557495117188,-7.179769515991211,x3243e9i,5,0.0
437400.0,422100,0.0,0.0,0.2990063726902008,0.0,0.7708467245101929,8.643468856811523,19.54787826538086,0.9906005859375,0.9980731010437012,1.8840939446818084e-05,107.491455078125,-8.467907905578613,x3243e9i,5,0.0
447000.0,432150,0.0,0.0,0.2876209616661072,0.0,0.9582784175872803,8.598297119140625,19.735061645507812,0.95867919921875,0.9979138374328613,1.8735299818217754e-05,108.58009338378906,-7.270820617675781,x3243e9i,5,0.0
456900.0,442200,0.0,0.0,0.29193010926246643,0.0,0.7875977754592896,8.600830078125,18.951522827148438,0.97564697265625,0.9979803562164307,1.828100357670337e-05,104.47810363769531,-8.036840438842773,x3243e9i,5,0.0
467551.0,452250,0.0,0.0,0.2893715798854828,0.0,0.8674641251564026,8.475163459777832,20.093109130859375,0.982177734375,0.997978925704956,1.9608598449849524e-05,112.64881896972656,-11.501079559326172,x3243e9i,5,0.0
477600.0,462300,0.0,0.0,0.3150831460952759,0.0,0.747887134552002,8.4450101852417,19.029842376708984,0.96173095703125,0.9979431629180908,2.1137289877515286e-05,102.34149932861328,-8.245475769042969,x3243e9i,5,0.0
487050.0,472350,0.0,0.0,0.30705973505973816,0.0,0.7455991506576538,8.576286315917969,18.55764389038086,0.97076416015625,0.9979434013366699,1.9575798432924785e-05,103.35505676269531,-8.912559509277344,x3243e9i,5,0.0
496800.0,482400,0.0,0.0,0.31174182891845703,0.0,0.758349597454071,8.516342163085938,17.370805740356445,0.95367431640625,0.9978952407836914,1.9892277123290114e-05,83.85604858398438,-9.973283767700195,x3243e9i,5,0.0
508800.0,492450,0.0,0.0,0.31734976172447205,0.0,0.9275049567222595,8.426324844360352,20.25510025024414,0.96063232421875,0.9979565143585205,1.968725337064825e-05,115.24606323242188,-7.566864013671875,x3243e9i,5,0.0
517950.0,502500,0.0,0.0,0.3206091523170471,0.0,5.347043514251709,8.465452194213867,17.199527740478516,0.78167724609375,0.9968032836914062,1.645453812670894e-05,80.43610382080078,-11.924301147460938,x3243e9i,5,0.0
527700.0,512550,0.0,0.0,0.31536465883255005,0.0,0.8871289491653442,8.393816947937012,20.278640747070312,0.96600341796875,0.9979081153869629,1.681839785305783e-05,119.9386215209961,-8.2912015914917,x3243e9i,5,0.0
537300.0,522600,0.0,0.0,0.3107476532459259,0.0,0.8511204123497009,8.444061279296875,19.769336700439453,0.9642333984375,0.9979386329650879,1.778617843228858e-05,107.464111328125,-8.928247451782227,x3243e9i,5,0.0
548700.0,532650,0.0,0.0,0.3314328193664551,0.0,0.8462969064712524,8.427444458007812,19.012496948242188,0.96337890625,0.9979293346405029,1.933181738422718e-05,106.93238830566406,-9.01411247253418,x3243e9i,5,0.0
558450.0,542700,0.0,0.0,0.32741379737854004,0.0,0.7561460733413696,8.339237213134766,20.35147476196289,0.97528076171875,0.9980013370513916,1.692450859991368e-05,117.30793762207031,-7.359858512878418,x3243e9i,5,0.0
568500.0,552750,0.0,0.0,0.3160717487335205,0.0,0.8515928983688354,8.373163223266602,19.933866500854492,0.9686279296875,0.9979462623596191,1.8298658687854186e-05,127.09628295898438,-7.290572166442871,x3243e9i,5,0.0
579000.0,562800,0.0,0.0,0.3138079047203064,0.0,0.8258774280548096,8.37134075164795,20.25782012939453,0.97149658203125,0.9979605674743652,1.802820770535618e-05,124.5093765258789,-7.581324577331543,x3243e9i,5,0.0
588450.0,572850,0.0,0.0,0.316168874502182,0.0,0.776803731918335,8.338008880615234,19.021411895751953,0.97210693359375,0.9979827404022217,1.7243310139747337e-05,98.83860778808594,-9.111648559570312,x3243e9i,5,0.0
598200.0,582900,0.0,0.0,0.32735687494277954,0.0,0.6980305314064026,8.315633773803711,17.416868209838867,0.97125244140625,0.9979987144470215,1.642719507799484e-05,86.33531188964844,-8.596988677978516,x3243e9i,5,0.0
608400.0,592950,0.0,0.0,0.3257526755332947,0.0,0.7886724472045898,8.334026336669922,18.65822982788086,0.9786376953125,0.9980053901672363,1.7618596757529303e-05,98.71408081054688,-9.265945434570312,x3243e9i,5,0.0
618450.0,603000,0.0,0.0,0.3239699602127075,0.0,0.7805101871490479,8.265607833862305,19.159523010253906,0.97247314453125,0.997990608215332,1.9110439097858034e-05,113.25196838378906,-7.903713703155518,x3243e9i,5,0.0
628050.0,613050,0.0,0.0,0.3236752152442932,0.0,0.782850444316864,8.277189254760742,18.47893714904785,0.9752197265625,0.9979836940765381,2.0991757992305793e-05,103.45130920410156,-7.757679462432861,x3243e9i,5,0.0
637800.0,623100,0.0,0.0,0.3291917145252228,0.0,0.7000505328178406,8.26235580444336,16.634872436523438,0.96868896484375,0.9980020523071289,1.6572001186432317e-05,91.76239013671875,-8.17542839050293,x3243e9i,5,0.0
647550.0,633150,0.0,0.0,0.3257797956466675,0.0,0.6934012174606323,8.295862197875977,17.94235610961914,0.9814453125,0.9980041980743408,1.5936037016217597e-05,100.06861877441406,-9.33512020111084,x3243e9i,5,0.0
659400.0,643200,0.0,0.0,0.32411354780197144,0.0,0.7087883353233337,8.201568603515625,18.132064819335938,0.96832275390625,0.9979567527770996,1.8699820429901592e-05,94.8661117553711,-7.774513244628906,x3243e9i,5,0.0
668700.0,653250,0.0,0.0,0.3245390057563782,0.0,0.7474328279495239,8.214200973510742,18.81009864807129,0.9769287109375,0.9980230331420898,1.6272311768261716e-05,109.11371612548828,-7.899837493896484,x3243e9i,5,0.0
679800.0,663300,0.0,0.0,0.34200984239578247,0.0,0.7026557922363281,8.21575927734375,17.117061614990234,0.956787109375,0.9979202747344971,1.687560506979935e-05,92.96771240234375,-8.469488143920898,x3243e9i,5,0.0
689250.0,673350,0.0,0.0,0.3373267650604248,0.0,0.6872266530990601,8.139937400817871,17.504152297973633,0.97991943359375,0.998023509979248,1.6508080079802312e-05,85.94429016113281,-7.059405326843262,x3243e9i,5,0.0
698850.0,683400,0.0,0.0,0.3420855402946472,0.0,0.6904733777046204,8.14720344543457,15.608509063720703,0.96954345703125,0.9980030059814453,1.6101781511679292e-05,74.1080093383789,-7.474725723266602,x3243e9i,5,0.0
708900.0,693450,0.0,0.0,0.33148306608200073,0.0,0.8833321332931519,8.13949966430664,14.13530158996582,0.9615478515625,0.9979557991027832,1.6927468095673248e-05,58.56559753417969,-11.104805946350098,x3243e9i,5,0.0
718650.0,703500,0.0,0.0,0.32605594396591187,0.0,0.8712091445922852,8.163021087646484,20.191425323486328,0.987548828125,0.9980201721191406,1.6298838090733625e-05,128.90029907226562,-6.704860687255859,x3243e9i,5,0.0
730050.0,713550,0.0,0.0,0.34008824825286865,0.0,0.8908352851867676,8.15866470336914,19.875953674316406,0.97119140625,0.9979653358459473,1.6575784684391692e-05,122.97132873535156,-7.493896484375,x3243e9i,5,0.0
739800.0,723600,0.0,0.0,0.3258906602859497,0.0,0.8949003219604492,8.071739196777344,20.227664947509766,0.97406005859375,0.9979538917541504,1.583360426593572e-05,122.52143096923828,-6.825827121734619,x3243e9i,5,0.0
749700.0,733650,0.0,0.0,0.3369852304458618,0.0,0.754267692565918,8.057077407836914,19.941410064697266,0.98065185546875,0.9980030059814453,1.667519609327428e-05,119.17524719238281,-7.130753040313721,x3243e9i,5,0.0
759900.0,743700,0.0,0.0,0.3418690860271454,0.0,0.7910366654396057,8.108214378356934,18.58092498779297,0.97735595703125,0.997992992401123,1.3611455869977362e-05,107.7890625,-7.829860687255859,x3243e9i,5,0.0
769650.0,753750,0.0,0.0,0.32409533858299255,0.0,0.740058422088623,8.020427703857422,18.67109489440918,0.96893310546875,0.9979462623596191,1.4553508663084358e-05,113.3977279663086,-6.434385299682617,x3243e9i,5,0.0
779550.0,763800,0.0,0.0,0.3443712592124939,0.0,0.6656836271286011,8.040035247802734,16.92091941833496,0.9820556640625,0.9980864524841309,1.3816435966873541e-05,87.33708953857422,-7.197502613067627,x3243e9i,5,0.0
788100.0,773850,0.0,0.0,0.33694392442703247,0.0,0.8568334579467773,8.01572322845459,15.422191619873047,0.96380615234375,0.9979100227355957,1.6006644727895036e-05,65.06942749023438,-9.099576950073242,x3243e9i,5,0.0
798900.0,783900,0.0,0.0,0.3362702429294586,0.0,0.7710973620414734,7.99955940246582,20.699462890625,0.978271484375,0.9979925155639648,1.6174879419850186e-05,122.05772399902344,-7.52517032623291,x3243e9i,5,0.0
809250.0,793950,0.0,0.0,0.32626473903656006,0.0,0.8345652222633362,7.978816032409668,18.67475700378418,0.977783203125,0.9980192184448242,1.3104587196721695e-05,115.44406127929688,-8.417095184326172,x3243e9i,5,0.0
818550.0,804000,0.0,0.0,0.3352378010749817,0.0,0.6801301836967468,7.974492073059082,19.412220001220703,0.97991943359375,0.9979755878448486,1.326670462731272e-05,123.927490234375,-8.040693283081055,x3243e9i,5,0.0
828750.0,814050,0.0,0.0,0.3345683217048645,0.0,0.6983407735824585,7.936349868774414,18.946914672851562,0.9844970703125,0.9980165958404541,1.3621489415527321e-05,114.9774169921875,-9.118719100952148,x3243e9i,5,0.0
839550.0,824100,0.0,0.0,0.3245875835418701,0.0,0.7383111715316772,7.94309139251709,18.684127807617188,0.986083984375,0.998051643371582,1.3696080713998526e-05,108.16401672363281,-7.962832450866699,x3243e9i,5,0.0
849150.0,834150,0.0,0.0,0.34472814202308655,0.0,0.6118481159210205,7.9331865310668945,18.10570526123047,0.9793701171875,0.9980137348175049,1.3876358934794553e-05,108.92533111572266,-7.906391143798828,x3243e9i,5,0.0
860850.0,844200,0.0,0.0,0.33623623847961426,0.0,0.7245161533355713,7.895914077758789,17.492015838623047,0.968017578125,0.9979524612426758,1.5180859918473288e-05,87.8023910522461,-8.787775039672852,x3243e9i,5,0.0
870150.0,854250,0.0,0.0,0.34008538722991943,0.0,0.6322617530822754,7.807783126831055,16.651397705078125,0.983642578125,0.9980483055114746,1.594013156136498e-05,88.20695495605469,-10.57339859008789,x3243e9i,5,0.0
879900.0,864300,0.0,0.0,0.33560240268707275,0.0,0.6272907853126526,7.865675926208496,18.563190460205078,0.97283935546875,0.99794602394104,1.2831850654038135e-05,100.55522155761719,-8.943672180175781,x3243e9i,5,0.0
889950.0,874350,0.0,0.0,0.3398171365261078,0.0,0.6572871804237366,7.862308502197266,16.23857879638672,0.96856689453125,0.9979734420776367,1.2660739230341278e-05,83.94804382324219,-9.667745590209961,x3243e9i,5,0.0
899700.0,884400,0.0,0.0,0.3384952247142792,0.0,0.750761866569519,7.82362174987793,15.113506317138672,0.97705078125,0.9980144500732422,1.2836493624490686e-05,65.42127990722656,-8.729628562927246,x3243e9i,5,0.0
909750.0,894450,0.0,0.0,0.3244568705558777,0.0,0.8029805421829224,7.852393627166748,19.694358825683594,0.98187255859375,0.9979963302612305,1.3232750461611431e-05,123.80595397949219,-8.092095375061035,x3243e9i,5,0.0
919650.0,904500,0.0,0.0,0.3367030620574951,0.0,0.6603796482086182,7.833921909332275,17.458749771118164,0.9788818359375,0.9979672431945801,1.2568102647492196e-05,92.89788055419922,-7.517366886138916,x3243e9i,5,0.0
929400.0,914550,0.0,0.0,0.3431110382080078,0.0,0.7322837114334106,7.797776222229004,16.87701416015625,0.9661865234375,0.9979367256164551,1.534083639853634e-05,86.29582214355469,-8.974953651428223,x3243e9i,5,0.0
939900.0,924600,0.0,0.0,0.3273499011993408,0.0,0.7125167846679688,7.707207202911377,19.55271339416504,0.98876953125,0.9980816841125488,1.4270856809162069e-05,117.75850677490234,-9.058988571166992,x3243e9i,5,0.0
950400.0,934650,0.0,0.0,0.3301166594028473,0.0,0.6498944163322449,7.757786273956299,19.0916748046875,0.982666015625,0.9980041980743408,1.1192900274181738e-05,114.0561752319336,-8.01072883605957,x3243e9i,5,0.0
960150.0,944700,0.0,0.0,0.34635671973228455,0.0,0.6637697219848633,7.723184585571289,17.607776641845703,0.980712890625,0.9981069564819336,1.2235206668265164e-05,90.13563537597656,-8.34176254272461,x3243e9i,5,0.0
970050.0,954750,0.0,0.0,0.3327450752258301,0.0,0.7657143473625183,7.708767414093018,20.4136962890625,0.98779296875,0.9980518817901611,1.2619692824955564e-05,128.74658203125,-7.892264366149902,x3243e9i,5,0.0
979950.0,964800,0.0,0.0,0.3355261981487274,0.0,0.7073594331741333,7.655997276306152,17.368505477905273,0.9820556640625,0.997992992401123,1.2526856153272092e-05,106.46481323242188,-8.930719375610352,x3243e9i,5,0.0
989700.0,974850,0.0,0.0,0.31593218445777893,0.0,0.6595557332038879,7.677977561950684,17.643421173095703,0.9869384765625,0.9980483055114746,1.3209079043008387e-05,93.70269775390625,-7.329207897186279,x3243e9i,5,0.0
999450.0,984900,0.0,0.0,0.32520759105682373,0.0,0.8255531191825867,7.658282279968262,15.317472457885742,0.983154296875,0.9980425834655762,1.2426272405718919e-05,69.9869155883789,-8.951915740966797,x3243e9i,5,0.0
24600.0,10050,0.0,0.0,0.08176519721746445,0.0,1.5358281135559082,11.808303833007812,8.671685218811035,0.57720947265625,0.9961936473846436,5.978196713840589e-05,15.569601058959961,1.3727214336395264,z8ajsuvz,6,0.0
36750.0,20100,0.0,0.0,0.14369285106658936,0.0,1.502244472503662,11.788501739501953,11.063070297241211,0.6705322265625,0.9964263439178467,5.6661163398530334e-05,38.707801818847656,-3.5318715572357178,z8ajsuvz,6,0.0
46650.0,30150,0.0,0.0,0.17484179139137268,0.0,1.337624430656433,11.405935287475586,11.746764183044434,0.68182373046875,0.9965875148773193,5.7696495787240565e-05,31.382978439331055,-7.054470062255859,z8ajsuvz,6,0.0
56850.0,40200,0.0,0.0,0.18204215168952942,0.0,1.3097079992294312,10.706432342529297,12.878877639770508,0.789306640625,0.9970192909240723,7.160061795730144e-05,46.188140869140625,-10.103373527526855,z8ajsuvz,6,0.0
66900.0,50250,0.0,0.0,0.19291141629219055,0.0,1.3666298389434814,10.393350601196289,10.97684383392334,0.7813720703125,0.9970088005065918,7.170207391027361e-05,34.59559631347656,-10.492021560668945,z8ajsuvz,6,0.0
76650.0,60300,0.0,0.0,0.20648601651191711,0.0,1.2571253776550293,9.901432991027832,14.15483570098877,0.785400390625,0.9971060752868652,7.582500984426588e-05,54.933921813964844,-10.492826461791992,z8ajsuvz,6,0.0
85050.0,70350,0.0,0.0,0.21786798536777496,0.0,1.2122383117675781,9.670195579528809,11.65184211730957,0.84014892578125,0.9973089694976807,6.53489405522123e-05,41.481048583984375,-6.364110469818115,z8ajsuvz,6,0.0
95550.0,80400,0.0,0.0,0.2276190221309662,0.0,1.1210240125656128,9.315244674682617,15.636727333068848,0.85052490234375,0.9973876476287842,5.0738759455271065e-05,63.42198944091797,-5.407717227935791,z8ajsuvz,6,0.0
105900.0,90450,0.0,0.0,0.24065330624580383,0.0,1.084160566329956,9.108870506286621,14.595677375793457,0.871337890625,0.997427225112915,5.8055204135598615e-05,54.141876220703125,-7.266173362731934,z8ajsuvz,6,0.0
117000.0,100500,0.0,0.0,0.24512065947055817,0.0,1.0334233045578003,8.948122024536133,15.793079376220703,0.85748291015625,0.9974584579467773,5.4491836635861546e-05,74.59758758544922,-7.99184513092041,z8ajsuvz,6,0.0
125100.0,110550,0.0,0.0,0.2520145773887634,0.0,1.0217111110687256,8.83062744140625,15.250263214111328,0.85455322265625,0.9974260330200195,5.786347537650727e-05,67.30630493164062,-12.030198097229004,z8ajsuvz,6,0.0
135600.0,120600,0.0,0.0,0.24908368289470673,0.0,1.0926542282104492,8.623859405517578,15.978620529174805,0.8936767578125,0.9975979328155518,5.500425322679803e-05,80.96015930175781,-8.910921096801758,z8ajsuvz,6,0.0
145200.0,130650,0.0,0.0,0.2419394552707672,0.0,1.0480239391326904,8.523120880126953,16.262224197387695,0.8895263671875,0.9975478649139404,5.329774648998864e-05,83.16312408447266,-6.291120529174805,z8ajsuvz,6,0.0
154950.0,140700,0.0,0.0,0.245061993598938,0.0,1.0435301065444946,8.438410758972168,15.848791122436523,0.91510009765625,0.9976696968078613,4.7676741814939305e-05,80.57196807861328,-7.457287311553955,z8ajsuvz,6,0.0
167100.0,150750,0.0,0.0,0.2350354641675949,0.0,0.9398255348205566,8.2969970703125,17.255390167236328,0.91375732421875,0.997654914855957,4.5146494812797755e-05,78.35722351074219,-4.132570266723633,z8ajsuvz,6,0.0
175050.0,160800,0.0,0.0,0.24983751773834229,0.0,1.0045862197875977,8.322578430175781,18.032264709472656,0.91204833984375,0.9976274967193604,4.6933870180509984e-05,85.21967315673828,-5.161932945251465,z8ajsuvz,6,0.0
185250.0,170850,0.0,0.0,0.23839005827903748,0.0,0.8779582977294922,8.141572952270508,12.9152250289917,0.9124755859375,0.9977138042449951,4.470121712074615e-05,49.85710144042969,-8.012054443359375,z8ajsuvz,6,0.0
195900.0,180900,0.0,0.0,0.2496868222951889,0.0,0.9038487672805786,8.067008018493652,17.667213439941406,0.9251708984375,0.9977362155914307,4.73171858175192e-05,72.71146392822266,-5.284521102905273,z8ajsuvz,6,0.0
207150.0,190950,0.0,0.0,0.25586265325546265,0.0,1.0892364978790283,7.947227478027344,17.1949405670166,0.91534423828125,0.9977006912231445,4.604908463079482e-05,88.63626098632812,-4.979597091674805,z8ajsuvz,6,0.0
216601.0,201000,0.0,0.0,0.2506292462348938,0.0,0.9036473631858826,8.021577835083008,15.478263854980469,0.9324951171875,0.9977915287017822,3.5950273741036654e-05,63.35444641113281,-5.78046989440918,z8ajsuvz,6,0.0
226800.0,211050,0.0,0.0,0.27565068006515503,0.0,1.0278856754302979,7.838446617126465,17.693552017211914,0.9351806640625,0.9977869987487793,3.7946832890156657e-05,96.05738830566406,-4.1025543212890625,z8ajsuvz,6,0.0
236400.0,221100,0.0,0.0,0.2523190975189209,0.0,0.8722633123397827,7.89426326751709,11.45785140991211,0.921630859375,0.9977200031280518,3.3752025046851486e-05,42.322235107421875,-12.007034301757812,z8ajsuvz,6,0.0
245700.0,231150,0.0,0.0,0.2549983859062195,0.0,0.9274061918258667,7.708850383758545,17.985157012939453,0.93902587890625,0.997809648513794,3.673339233500883e-05,99.55958557128906,-5.8961896896362305,z8ajsuvz,6,0.0
256650.0,241200,0.0,0.0,0.2754184305667877,0.0,0.906391978263855,7.76814603805542,17.66036033630371,0.92413330078125,0.997736930847168,4.014209844172001e-05,90.06368255615234,-4.602514266967773,z8ajsuvz,6,0.0
267151.0,251250,0.0,0.0,0.25802797079086304,0.0,0.9659351110458374,7.674990653991699,16.13811492919922,0.9449462890625,0.997830867767334,4.061974323121831e-05,94.41513061523438,-8.403573989868164,z8ajsuvz,6,0.0
276900.0,261300,0.0,0.0,0.25799989700317383,0.0,0.917201042175293,7.567934989929199,18.000347137451172,0.958984375,0.9978761672973633,3.8276582927210256e-05,88.01139068603516,-6.788189888000488,z8ajsuvz,6,0.0
287850.0,271350,0.0,0.0,0.26008471846580505,0.0,1.003074049949646,7.487640380859375,16.95203399658203,0.94219970703125,0.9978132247924805,3.699057560879737e-05,103.60521697998047,-6.893036365509033,z8ajsuvz,6,0.0
296100.0,281400,0.0,0.0,0.23342004418373108,0.0,0.9232909083366394,7.5021257400512695,11.110522270202637,0.92645263671875,0.9977655410766602,3.127178206341341e-05,38.09221267700195,-10.371458053588867,z8ajsuvz,6,0.0
306600.0,291450,0.0,0.0,0.25981205701828003,0.0,0.828180193901062,7.5065155029296875,14.751426696777344,0.9439697265625,0.9978456497192383,3.594801819417626e-05,56.56796646118164,-12.45931339263916,z8ajsuvz,6,0.0
318000.0,301500,0.0,0.0,0.25141990184783936,0.0,0.8424814343452454,7.5002665519714355,16.189571380615234,0.94708251953125,0.9978587627410889,3.3308348065475e-05,82.96336364746094,-8.356319427490234,z8ajsuvz,6,0.0
326250.0,311550,0.0,0.0,0.26637884974479675,0.0,0.9821028709411621,7.391975402832031,18.581966400146484,0.9547119140625,0.9978809356689453,3.367726458236575e-05,106.15861511230469,-6.2540388107299805,z8ajsuvz,6,0.0
336600.0,321600,0.0,0.0,0.25275206565856934,0.0,0.8257894515991211,7.381927490234375,14.443157196044922,0.9737548828125,0.9979887008666992,2.998563832079526e-05,60.83415222167969,-11.657752990722656,z8ajsuvz,6,0.0
347700.0,331650,0.0,0.0,0.27001872658729553,0.0,0.9916861057281494,7.2486090660095215,16.374950408935547,0.94866943359375,0.9978461265563965,3.657261186162941e-05,95.30810546875,-9.408347129821777,z8ajsuvz,6,0.0
357450.0,341700,0.0,0.0,0.2527511715888977,0.0,0.8347165584564209,7.262051105499268,17.381717681884766,0.9495849609375,0.9978337287902832,3.414541424717754e-05,97.31271362304688,-8.520895004272461,z8ajsuvz,6,0.0
367201.0,351750,0.0,0.0,0.24299275875091553,0.0,0.8593161106109619,7.292048454284668,16.238161087036133,0.95281982421875,0.9978675842285156,2.929762013081927e-05,95.85969543457031,-5.63451623916626,z8ajsuvz,6,0.0
376650.0,361800,0.0,0.0,0.24723535776138306,0.0,0.8064283132553101,7.270919322967529,17.723949432373047,0.97113037109375,0.9979805946350098,3.163767541991547e-05,96.11182403564453,-4.425144195556641,z8ajsuvz,6,0.0
387300.0,371850,0.0,0.0,0.2489096224308014,0.0,0.9467096924781799,7.1665167808532715,16.138559341430664,0.96026611328125,0.9978904724121094,2.9181626814533956e-05,103.42078399658203,-5.9507341384887695,z8ajsuvz,6,0.0
397800.0,381900,0.0,0.0,0.24659478664398193,0.0,0.9117759466171265,7.1689581871032715,15.926692008972168,0.95037841796875,0.9978485107421875,3.393265069462359e-05,91.88542175292969,-7.43463134765625,z8ajsuvz,6,0.0
406200.0,391950,0.0,0.0,0.2547258138656616,0.0,0.8038843870162964,7.096912384033203,18.38953399658203,0.96087646484375,0.9978997707366943,3.0965111363912e-05,107.86012268066406,-5.710424423217773,z8ajsuvz,6,0.0
418050.0,402000,0.0,0.0,0.24948817491531372,0.0,0.8281320333480835,7.104038238525391,16.26396942138672,0.962646484375,0.9979238510131836,3.2417941838502884e-05,93.8355484008789,-7.311048984527588,z8ajsuvz,6,0.0
427650.0,412050,0.0,0.0,0.262956440448761,0.0,0.822067141532898,7.07139778137207,18.431785583496094,0.96240234375,0.9979288578033447,3.03435208479641e-05,101.86811065673828,-6.293644428253174,z8ajsuvz,6,0.0
437100.0,422100,0.0,0.0,0.253678560256958,0.0,0.8400455117225647,7.121868133544922,16.25102996826172,0.97320556640625,0.9979557991027832,2.9852175430278294e-05,100.39025115966797,-6.622706890106201,z8ajsuvz,6,0.0
447150.0,432150,0.0,0.0,0.24481865763664246,0.0,0.7547786235809326,7.061800956726074,11.99321460723877,0.94671630859375,0.9977881908416748,3.0358820367837325e-05,49.163734436035156,-7.088604927062988,z8ajsuvz,6,0.0
456750.0,442200,0.0,0.0,0.25362369418144226,0.0,0.7774677872657776,7.043384552001953,14.599296569824219,0.95855712890625,0.997882604598999,2.5810690203798003e-05,82.87411499023438,-6.00480318069458,z8ajsuvz,6,0.0
467401.0,452250,0.0,0.0,0.26631829142570496,0.0,0.9170976281166077,6.9429826736450195,17.987276077270508,0.968505859375,0.9979729652404785,2.494443833711557e-05,101.58162689208984,-6.112870216369629,z8ajsuvz,6,0.0
477300.0,462300,0.0,0.0,0.24878206849098206,0.0,0.8548879027366638,6.942014694213867,16.12428855895996,0.977294921875,0.9979870319366455,2.853262958524283e-05,101.16213989257812,-5.031400680541992,z8ajsuvz,6,0.0
486900.0,472350,0.0,0.0,0.2470894157886505,0.0,0.764242947101593,6.883327007293701,10.114731788635254,0.9564208984375,0.9979021549224854,2.822588248818647e-05,38.63456344604492,-7.391246318817139,z8ajsuvz,6,0.0
499050.0,482400,0.0,0.0,0.2599982023239136,0.0,0.7895946502685547,6.962157249450684,17.39229965209961,0.96356201171875,0.9978926181793213,2.44057118834462e-05,96.06080627441406,-6.609696388244629,z8ajsuvz,6,0.0
508500.0,492450,0.0,0.0,0.23888081312179565,0.0,0.7489673495292664,6.891293048858643,13.773040771484375,0.95928955078125,0.9979033470153809,2.674620736797806e-05,74.95777893066406,-7.228050231933594,z8ajsuvz,6,0.0
517800.0,502500,0.0,0.0,0.25518909096717834,0.0,0.8229064345359802,6.888470649719238,17.765819549560547,0.95928955078125,0.9979150295257568,2.7895248422282748e-05,103.83537292480469,-6.945437431335449,z8ajsuvz,6,0.0
527550.0,512550,0.0,0.0,0.24306148290634155,0.0,0.7327577471733093,6.844588279724121,10.799981117248535,0.96563720703125,0.9979898929595947,2.915380900958553e-05,51.043907165527344,-8.293191909790039,z8ajsuvz,6,0.0
539100.0,522600,0.0,0.0,0.23965740203857422,0.0,0.8054701089859009,6.816475868225098,15.416617393493652,0.96636962890625,0.9979126453399658,2.5030360120581463e-05,72.79349517822266,-7.42658805847168,z8ajsuvz,6,0.0
548400.0,532650,0.0,0.0,0.25407278537750244,0.0,0.8047744035720825,6.867186069488525,16.81975555419922,0.97186279296875,0.997988224029541,2.3395472453557886e-05,96.08201599121094,-8.740255355834961,z8ajsuvz,6,0.0
557850.0,542700,0.0,0.0,0.2595657706260681,0.0,0.9296855330467224,6.841997146606445,16.858074188232422,0.9600830078125,0.9979245662689209,2.3708284061285667e-05,103.18909454345703,-7.847787857055664,z8ajsuvz,6,0.0
568200.0,552750,0.0,0.0,0.24673086404800415,0.0,0.805945098400116,6.836320877075195,9.796151161193848,0.95916748046875,0.9979000091552734,2.6098710804944858e-05,39.00666046142578,-7.628195762634277,z8ajsuvz,6,0.0
578550.0,562800,0.0,0.0,0.26277607679367065,0.0,0.8177061080932617,6.791513919830322,15.592796325683594,0.9697265625,0.9979636669158936,2.6233008611598052e-05,97.20310974121094,-8.353339195251465,z8ajsuvz,6,0.0
587850.0,572850,0.0,0.0,0.24820730090141296,0.0,0.8710032105445862,6.807069301605225,15.836573600769043,0.9720458984375,0.9979565143585205,2.6919828087557107e-05,105.3023681640625,-7.650801658630371,z8ajsuvz,6,0.0
597900.0,582900,0.0,0.0,0.2560564875602722,0.0,0.7968321442604065,6.736665725708008,17.17021942138672,0.97900390625,0.9979977607727051,2.5411722162971273e-05,108.04765319824219,-7.75972318649292,z8ajsuvz,6,0.0
608100.0,592950,0.0,0.0,0.265034556388855,0.0,0.7890293598175049,6.706080913543701,14.932229995727539,0.9752197265625,0.9979598522186279,2.657562799868174e-05,95.44499206542969,-8.986284255981445,z8ajsuvz,6,0.0
618000.0,603000,0.0,0.0,0.26769933104515076,0.0,0.8296844959259033,6.719925403594971,16.13156509399414,0.96942138671875,0.997936487197876,2.1994492271915078e-05,99.64408874511719,-8.717588424682617,z8ajsuvz,6,0.0
627600.0,613050,0.0,0.0,0.23300834000110626,0.0,0.7230523824691772,6.755876541137695,13.005675315856934,0.97332763671875,0.997992992401123,2.6737243388197385e-05,73.44471740722656,-8.19976806640625,z8ajsuvz,6,0.0
639450.0,623100,0.0,0.0,0.237280011177063,0.0,0.778668224811554,6.676424503326416,12.263093948364258,0.9688720703125,0.9979658126831055,2.2652198822470382e-05,59.47394943237305,-7.482189178466797,z8ajsuvz,6,0.0
648600.0,633150,0.0,0.0,0.2265339493751526,0.0,0.6669975519180298,6.771560192108154,12.12331771850586,0.96112060546875,0.9979119300842285,2.199524169554934e-05,62.9114990234375,-7.613901138305664,z8ajsuvz,6,0.0
657750.0,643200,0.0,0.0,0.26648131012916565,0.0,0.7921617031097412,6.681180000305176,16.874019622802734,0.982421875,0.9980113506317139,2.2023232304491103e-05,105.00028228759766,-6.808318138122559,z8ajsuvz,6,0.0
669750.0,653250,0.0,0.0,0.25872185826301575,0.0,0.8212177753448486,6.693085670471191,14.667617797851562,0.97705078125,0.9979870319366455,2.2627718863077462e-05,94.27651977539062,-7.188167572021484,z8ajsuvz,6,0.0
678000.0,663300,0.0,0.0,0.2673640847206116,0.0,0.7302216291427612,6.597449779510498,14.414278984069824,0.975341796875,0.9979665279388428,2.6795452868100256e-05,90.80358123779297,-7.068940162658691,z8ajsuvz,6,0.0
689700.0,673350,0.0,0.0,0.26273906230926514,0.0,0.661893904209137,6.6831231117248535,13.005327224731445,0.96978759765625,0.9980316162109375,2.5078377802856266e-05,73.40835571289062,-6.710155010223389,z8ajsuvz,6,0.0
699450.0,683400,0.0,0.0,0.23840360343456268,0.0,0.655872106552124,6.6373090744018555,12.557382583618164,0.9691162109375,0.9979689121246338,2.2077030735090375e-05,70.44361114501953,-7.186784744262695,z8ajsuvz,6,0.0
709800.0,693450,0.0,0.0,0.24198783934116364,0.0,0.6839169263839722,6.701330184936523,13.951234817504883,0.98248291015625,0.997997522354126,2.0811701688217e-05,86.80754852294922,-6.7526445388793945,z8ajsuvz,6,0.0
719850.0,703500,0.0,0.0,0.2558176517486572,0.0,0.7669452428817749,6.608293533325195,14.293907165527344,0.9693603515625,0.997917652130127,2.3194683308247477e-05,93.3602294921875,-8.080430030822754,z8ajsuvz,6,0.0
728100.0,713550,0.0,0.0,0.25622010231018066,0.0,0.6217496991157532,6.595180511474609,13.86622428894043,0.98828125,0.998058557510376,1.862684075604193e-05,85.5863037109375,-6.8852081298828125,z8ajsuvz,6,0.0
739950.0,723600,0.0,0.0,0.2735207676887512,0.0,0.9336618781089783,6.668281555175781,15.186123847961426,0.98065185546875,0.9980089664459229,2.19273533730302e-05,102.48216247558594,-6.540185451507568,z8ajsuvz,6,0.0
750000.0,733650,0.0,0.0,0.2583131790161133,0.0,0.7531037926673889,6.536053657531738,14.933691024780273,0.98114013671875,0.9979984760284424,2.3493990738643333e-05,92.75022888183594,-6.845812797546387,z8ajsuvz,6,0.0
759900.0,743700,0.0,0.0,0.26314979791641235,0.0,0.7693662643432617,6.579712867736816,14.639347076416016,0.9805908203125,0.9980182647705078,2.0003797544632107e-05,100.02508544921875,-6.111387252807617,z8ajsuvz,6,0.0
769350.0,753750,0.0,0.0,0.27462273836135864,0.0,0.6280062198638916,6.587248802185059,14.335905075073242,0.983154296875,0.9980692863464355,1.7194379324791953e-05,91.62959289550781,-5.625236511230469,z8ajsuvz,6,0.0
780000.0,763800,0.0,0.0,0.27592599391937256,0.0,0.6336261630058289,6.546130180358887,13.941948890686035,0.9810791015625,0.9980192184448242,2.1917978301644325e-05,78.09539794921875,-5.935164451599121,z8ajsuvz,6,0.0
788550.0,773850,0.0,0.0,0.26141923666000366,0.0,0.6719433069229126,6.593655586242676,12.229901313781738,0.97723388671875,0.997992753982544,1.9940402125939727e-05,69.74610137939453,-4.835350036621094,z8ajsuvz,6,0.0
799050.0,783900,0.0,0.0,0.2885599136352539,0.0,0.6926469802856445,6.527721405029297,13.176780700683594,0.96624755859375,0.9979429244995117,2.190925442846492e-05,75.08781433105469,-5.308911323547363,z8ajsuvz,6,0.0
809100.0,793950,0.0,0.0,0.2693626284599304,0.0,0.7694074511528015,6.540894508361816,12.867818832397461,0.96990966796875,0.997983455657959,2.2506255845655687e-05,68.58485412597656,-5.322149753570557,z8ajsuvz,6,0.0
818400.0,804000,0.0,0.0,0.26200491189956665,0.0,0.7279907464981079,6.612112522125244,14.667478561401367,0.98681640625,0.9980230331420898,1.757954669301398e-05,100.37538146972656,-5.713966369628906,z8ajsuvz,6,0.0
828900.0,814050,0.0,0.0,0.25675851106643677,0.0,0.7451093196868896,6.577742576599121,14.352754592895508,0.9732666015625,0.9979770183563232,1.930493635882158e-05,95.92308044433594,-5.785628318786621,z8ajsuvz,6,0.0
839400.0,824100,0.0,0.0,0.27573245763778687,0.0,0.7891578674316406,6.546523094177246,14.73811149597168,0.97509765625,0.997960090637207,1.837747186073102e-05,98.75214385986328,-5.508086681365967,z8ajsuvz,6,0.0
850650.0,834150,0.0,0.0,0.25969597697257996,0.0,0.5871827602386475,6.556839466094971,13.662603378295898,0.99005126953125,0.9980719089508057,1.990452437894419e-05,83.21405029296875,-6.19207763671875,z8ajsuvz,6,0.0
858450.0,844200,0.0,0.0,0.2635478675365448,0.0,0.7136495113372803,6.5506696701049805,13.052167892456055,0.97821044921875,0.998002290725708,2.1374209609348327e-05,72.337646484375,-6.484942436218262,z8ajsuvz,6,0.0
870900.0,854250,0.0,0.0,0.2693159580230713,0.0,0.7057465314865112,6.522771835327148,15.117013931274414,0.9874267578125,0.9980497360229492,1.677532600297127e-05,110.1966552734375,-5.98180627822876,z8ajsuvz,6,0.0
880950.0,864300,0.0,0.0,0.26129093766212463,0.0,0.7414571046829224,6.479952812194824,14.738424301147461,0.98333740234375,0.9979889392852783,1.946999691426754e-05,99.70903015136719,-5.690258026123047,z8ajsuvz,6,0.0
890550.0,874350,0.0,0.0,0.27753597497940063,0.0,0.7835591435432434,6.49778938293457,14.938735961914062,0.98248291015625,0.9980230331420898,1.7990500055020675e-05,106.14043426513672,-5.234715461730957,z8ajsuvz,6,0.0
900000.0,884400,0.0,0.0,0.2611771821975708,0.0,0.6947710514068604,6.475726127624512,13.674848556518555,0.98553466796875,0.998060941696167,1.666862954152748e-05,88.08038330078125,-6.1522111892700195,z8ajsuvz,6,0.0
910650.0,894450,0.0,0.0,0.275718092918396,0.0,0.7098249197006226,6.491105079650879,13.77457046508789,0.9791259765625,0.9980168342590332,1.9545363102224655e-05,88.76068878173828,-6.118736267089844,z8ajsuvz,6,0.0
919950.0,904500,0.0,0.0,0.23843640089035034,0.0,0.5933116674423218,6.517207145690918,13.154947280883789,0.97479248046875,0.9979896545410156,1.886733662104234e-05,75.8213882446289,-6.428063869476318,z8ajsuvz,6,0.0
929700.0,914550,0.0,0.0,0.267883837223053,0.0,0.6509506702423096,6.495970249176025,12.57863998413086,0.9884033203125,0.998082160949707,2.0156847313046455e-05,72.6961441040039,-5.737188339233398,z8ajsuvz,6,0.0
940650.0,924600,0.0,0.0,0.26174476742744446,0.0,0.6306062936782837,6.491128921508789,12.256828308105469,0.9801025390625,0.9980545043945312,1.9059119949815795e-05,69.00407409667969,-6.239370346069336,z8ajsuvz,6,0.0
950400.0,934650,0.0,0.0,0.2757919430732727,0.0,0.6889091730117798,6.433744430541992,14.652441024780273,0.98193359375,0.9980103969573975,1.543045073049143e-05,102.92791748046875,-6.657015800476074,z8ajsuvz,6,0.0
960600.0,944700,0.0,0.0,0.2708437442779541,0.0,0.6883525848388672,6.452816486358643,14.910072326660156,0.98260498046875,0.9980132579803467,1.6280697309412062e-05,108.60408020019531,-7.418315410614014,z8ajsuvz,6,0.0
970350.0,954750,0.0,0.0,0.25956660509109497,0.0,0.6686055064201355,6.430697441101074,13.987656593322754,0.99066162109375,0.9980618953704834,1.7951435438590124e-05,93.21075439453125,-6.7154154777526855,z8ajsuvz,6,0.0
979950.0,964800,0.0,0.0,0.2839193344116211,0.0,0.6472110748291016,6.428053855895996,13.9254789352417,0.9835205078125,0.9979968070983887,1.776513090590015e-05,89.44869995117188,-5.676872253417969,z8ajsuvz,6,0.0
989400.0,974850,0.0,0.0,0.26291707158088684,0.0,0.6250582933425903,6.400020599365234,12.618851661682129,0.98138427734375,0.9980559349060059,1.990383316297084e-05,73.12720489501953,-6.213465690612793,z8ajsuvz,6,0.0
998700.0,984900,0.0,0.0,0.2714243233203888,0.0,0.5919178128242493,6.424393177032471,12.654449462890625,0.98895263671875,0.9980649948120117,1.4762699720449746e-05,78.08441162109375,-6.279740333557129,z8ajsuvz,6,0.0
25200.0,10050,0.4949265718460083,2.734628438949585,-0.05505213886499405,44.922515869140625,45.558807373046875,59.97984313964844,5.483772277832031,0.6905517578125,0.9965059757232666,5.273452552501112e-05,70.07523345947266,1.389802098274231,z096oju3,5,0.25
35850.0,20100,0.4963286817073822,2.8189821243286133,-0.04141102731227875,47.92481231689453,48.4482421875,63.785545349121094,5.658022403717041,0.74383544921875,0.9967606067657471,5.217298894422129e-05,78.72975158691406,-0.49427032470703125,z096oju3,5,0.25
45450.0,30150,0.4980927109718323,2.884500503540039,-0.03490079939365387,59.115928649902344,59.49055480957031,67.52582550048828,5.854503631591797,0.81494140625,0.9970924854278564,6.124201172497123e-05,95.50201416015625,-4.138165473937988,z096oju3,5,0.25
54600.0,40200,0.49755650758743286,2.8372833728790283,-0.012462603859603405,50.51832962036133,50.90623092651367,66.22955322265625,5.840839385986328,0.805419921875,0.9970991611480713,6.014457903802395e-05,87.46278381347656,-7.128330230712891,z096oju3,5,0.25
66900.0,50250,0.49814414978027344,2.9526543617248535,0.03370334953069687,58.98299789428711,59.326602935791016,68.49927520751953,5.807406902313232,0.82098388671875,0.9972395896911621,6.247157580219209e-05,107.43452453613281,-7.078149795532227,z096oju3,5,0.25
76350.0,60300,0.4984729290008545,3.0462493896484375,0.047536615282297134,56.158485412597656,56.43801498413086,68.47235870361328,5.630321502685547,0.85113525390625,0.9973843097686768,6.140106415841728e-05,102.17852783203125,-7.869014739990234,z096oju3,5,0.25
85950.0,70350,0.4987606108188629,3.1759626865386963,0.05651623010635376,67.36074829101562,67.61871337890625,72.37962341308594,5.70583438873291,0.87103271484375,0.9974386692047119,6.873284291941673e-05,136.54647827148438,-7.8779215812683105,z096oju3,5,0.25
95100.0,80400,0.4988071918487549,3.282963275909424,0.07662072032690048,68.49476623535156,68.7602767944336,73.26414489746094,5.585935592651367,0.85723876953125,0.997403621673584,6.520185706904158e-05,149.9340057373047,-8.824535369873047,z096oju3,5,0.25
106350.0,90450,0.49912959337234497,3.3784236907958984,0.09196928143501282,76.24263763427734,76.46342468261719,74.66899108886719,5.5335187911987305,0.87847900390625,0.9975447654724121,7.614259811816737e-05,165.3582305908203,-8.149276733398438,z096oju3,5,0.25
117000.0,100500,0.4990413188934326,3.507962226867676,0.07962685823440552,71.34693145751953,71.56749725341797,76.71809387207031,5.478253364562988,0.88818359375,0.9975764751434326,6.409348134184256e-05,160.5791015625,-8.052555084228516,z096oju3,5,0.25
126450.0,110550,0.49932995438575745,3.6549322605133057,0.09102895855903625,76.08901977539062,76.23851013183594,79.0928955078125,5.414721488952637,0.933349609375,0.9977340698242188,6.365839362842962e-05,184.47625732421875,-7.5777692794799805,z096oju3,5,0.25
135750.0,120600,0.499394953250885,3.694491386413574,0.0950070470571518,75.4864730834961,75.65052032470703,78.96952056884766,5.350304126739502,0.9158935546875,0.9976742267608643,5.697470987797715e-05,187.25257873535156,-7.41799259185791,z096oju3,5,0.25
146850.0,130650,0.49938690662384033,3.714176893234253,0.09973807632923126,72.59679412841797,72.74359130859375,78.6500015258789,5.309072971343994,0.9312744140625,0.9977462291717529,6.533768464578316e-05,189.97451782226562,-8.023582458496094,z096oju3,5,0.25
155250.0,140700,0.4993134140968323,3.790847063064575,0.12427589297294617,74.96717071533203,75.13006591796875,77.919189453125,5.152379035949707,0.91192626953125,0.9976508617401123,6.624032539548352e-05,184.87594604492188,-7.806487083435059,z096oju3,5,0.25
167250.0,150750,0.49932658672332764,3.9292068481445312,0.1331828385591507,71.866455078125,72.02110290527344,79.19506072998047,5.063642978668213,0.92901611328125,0.9977467060089111,6.28557099844329e-05,174.27206420898438,-7.638786315917969,z096oju3,5,0.25
175800.0,160800,0.49937355518341064,3.9155726432800293,0.12235758453607559,65.90558624267578,66.04933166503906,78.85839080810547,5.0589680671691895,0.92041015625,0.9977130889892578,5.5142932978924364e-05,184.2432403564453,-8.008386611938477,z096oju3,5,0.25
186450.0,170850,0.4991849660873413,4.216448783874512,0.131713405251503,75.4918212890625,75.71455383300781,82.41873168945312,4.902805328369141,0.88104248046875,0.9974930286407471,5.9003388741984963e-05,197.03309631347656,-9.251874923706055,z096oju3,5,0.25
197550.0,180900,0.4994920492172241,4.146739959716797,0.1336972415447235,71.06123352050781,71.17362213134766,80.43359375,4.871838092803955,0.94256591796875,0.9978127479553223,5.9745019825641066e-05,194.09767150878906,-8.792463302612305,z096oju3,5,0.25
206400.0,190950,0.498096764087677,3.1381070613861084,0.1379755288362503,32.95863723754883,33.176292419433594,58.067386627197266,4.677140712738037,0.90667724609375,0.9975728988647461,5.892865010537207e-05,84.53678894042969,-5.756139755249023,z096oju3,5,0.25
216301.0,201000,0.49946606159210205,4.358380317687988,0.15841995179653168,74.59637451171875,74.75491333007812,81.89085388183594,4.717621803283691,0.923583984375,0.9977355003356934,5.514391523320228e-05,214.80221557617188,-8.103754043579102,z096oju3,5,0.25
227250.0,211050,0.4994117021560669,3.9434237480163574,0.1321471929550171,55.10028076171875,55.2137565612793,76.2007827758789,4.87867546081543,0.949951171875,0.9978117942810059,6.109859532443807e-05,165.14881896972656,-7.985993385314941,z096oju3,5,0.25
237600.0,221100,0.49956950545310974,4.561001300811768,0.16763228178024292,68.63407897949219,68.72732543945312,81.92559814453125,4.517906188964844,0.94757080078125,0.9978313446044922,5.343076918506995e-05,213.9322052001953,-8.397846221923828,z096oju3,5,0.25
247200.0,231150,0.4996491074562073,4.6362080574035645,0.16189277172088623,66.7030029296875,66.78497314453125,81.08364868164062,4.416906356811523,0.96380615234375,0.9978954792022705,5.67757488170173e-05,219.74343872070312,-7.778280735015869,z096oju3,5,0.25
256350.0,241200,0.4994623064994812,4.146783828735352,0.1547672301530838,53.49706268310547,53.59597396850586,75.75782775878906,4.624628067016602,0.95159912109375,0.9978606700897217,5.943620271864347e-05,175.71414184570312,-7.830982685089111,z096oju3,5,0.25
267900.0,251250,0.49968037009239197,4.802051067352295,0.1450110375881195,69.12855529785156,69.20508575439453,83.25983428955078,4.363438129425049,0.962158203125,0.9978952407836914,5.8621422795113176e-05,218.29638671875,-8.28283977508545,z096oju3,5,0.25
277500.0,261300,0.4995887875556946,4.811626434326172,0.15013843774795532,68.37654876708984,68.4744644165039,82.65253448486328,4.342496871948242,0.95599365234375,0.9978630542755127,5.8606361562851816e-05,233.66937255859375,-7.889006614685059,z096oju3,5,0.25
286800.0,271350,0.4992176294326782,4.24368143081665,0.12980854511260986,51.14284896850586,51.280311584472656,76.26313781738281,4.559620380401611,0.9349365234375,0.9977707862854004,6.085223867557943e-05,162.99124145507812,-7.165220260620117,z096oju3,5,0.25
298050.0,281400,0.49944791197776794,4.869686603546143,0.1495206654071808,61.482383728027344,61.594146728515625,81.15328979492188,4.2094035148620605,0.9454345703125,0.9978148937225342,5.756779864896089e-05,206.84039306640625,-8.771941184997559,z096oju3,5,0.25
307650.0,291450,0.4996345341205597,4.979225158691406,0.14548930525779724,62.983009338378906,63.06045913696289,82.1871337890625,4.170906066894531,0.96832275390625,0.9979202747344971,5.785563917015679e-05,241.07261657714844,-8.311193466186523,z096oju3,5,0.25
317400.0,301500,0.49936389923095703,4.608729839324951,0.1408642828464508,49.71035385131836,49.816749572753906,77.70861053466797,4.277604103088379,0.94744873046875,0.9978547096252441,5.6731725635472685e-05,199.83816528320312,-8.636667251586914,z096oju3,5,0.25
326700.0,311550,0.4991598129272461,3.9745595455169678,0.14170494675636292,36.4066162109375,36.500972747802734,66.77103424072266,4.3095808029174805,0.95538330078125,0.9978904724121094,5.507915193447843e-05,135.01072692871094,-7.221472263336182,z096oju3,5,0.25
337650.0,321600,0.49952927231788635,5.15825080871582,0.13297928869724274,56.42634201049805,56.518028259277344,81.22856903076172,4.01224946975708,0.9508056640625,0.9978485107421875,5.667524237651378e-05,224.10128784179688,-8.633403778076172,z096oju3,5,0.25
346800.0,331650,0.49958908557891846,5.283272743225098,0.14953917264938354,52.560325622558594,52.62941360473633,80.1492691040039,3.8590621948242188,0.9639892578125,0.9979276657104492,6.26553301117383e-05,213.10458374023438,-8.857093811035156,z096oju3,5,0.25
357750.0,341700,0.49919116497039795,4.546052932739258,0.14814135432243347,37.779563903808594,37.88566589355469,70.09642791748047,3.9310996532440186,0.95428466796875,0.9978556632995605,5.7632587413536385e-05,154.07000732421875,-7.051871299743652,z096oju3,5,0.25
367500.0,351750,0.4996335506439209,5.699618339538574,0.15026485919952393,52.81425094604492,52.878868103027344,81.85877227783203,3.6489362716674805,0.96783447265625,0.9979288578033447,5.7469995226711035e-05,231.92556762695312,-8.9671049118042,z096oju3,5,0.25
375750.0,361800,0.499464750289917,5.5119218826293945,0.14584766328334808,47.943946838378906,48.0291748046875,79.87674713134766,3.7126352787017822,0.9573974609375,0.9978694915771484,5.528465044335462e-05,210.83607482910156,-9.731746673583984,z096oju3,5,0.25
387150.0,371850,0.4990650713443756,3.899674415588379,0.16299742460250854,25.48889923095703,25.56912612915039,57.8999137878418,3.8418874740600586,0.96710205078125,0.9979329109191895,5.57932180527132e-05,105.0635986328125,-7.078952312469482,z096oju3,5,0.25
396750.0,381900,0.49949729442596436,5.839885711669922,0.13722553849220276,48.90058135986328,48.97969436645508,82.02229309082031,3.6179821491241455,0.962158203125,0.9978971481323242,6.42952072666958e-05,233.46420288085938,-8.480918884277344,z096oju3,5,0.25
406800.0,391950,0.49949273467063904,5.916298866271973,0.15221555531024933,42.823829650878906,42.899776458740234,79.73790740966797,3.4708311557769775,0.9603271484375,0.9979143142700195,5.26519215782173e-05,217.17208862304688,-7.922169208526611,z096oju3,5,0.25
417451.0,402000,0.49945104122161865,5.410778999328613,0.14725837111473083,38.47654724121094,38.54680633544922,74.96729278564453,3.5712761878967285,0.9696044921875,0.9979534149169922,5.3892967116553336e-05,191.04666137695312,-8.993292808532715,z096oju3,5,0.25
428700.0,412050,0.4995904564857483,6.1609296798706055,0.15780052542686462,45.512062072753906,45.575897216796875,79.87675476074219,3.2994253635406494,0.97216796875,0.9979472160339355,6.113506969995797e-05,229.17884826660156,-8.254325866699219,z096oju3,5,0.25
438600.0,422100,0.49924319982528687,5.763874053955078,0.15400159358978271,35.74933624267578,35.84130096435547,76.31173706054688,3.4035024642944336,0.9537353515625,0.997875452041626,6.364803266478702e-05,194.89175415039062,-7.999588966369629,z096oju3,5,0.25
447150.0,432150,0.49939247965812683,5.411083698272705,0.137919083237648,30.331405639648438,30.395780563354492,70.83454895019531,3.370542049407959,0.97076416015625,0.9979748725891113,6.28343696007505e-05,172.35308837890625,-7.908417701721191,z096oju3,5,0.25
458550.0,442200,0.49959346652030945,6.540465354919434,0.14485038816928864,38.64248275756836,38.68389892578125,78.53012084960938,3.073911190032959,0.9783935546875,0.9979817867279053,5.527932444238104e-05,226.42333984375,-9.199274063110352,z096oju3,5,0.25
468300.0,452250,0.49918705224990845,6.6892409324646,0.14062099158763885,35.024269104003906,35.11839294433594,78.81619262695312,3.0608887672424316,0.94793701171875,0.9978387355804443,6.302070687524974e-05,227.10769653320312,-8.506791114807129,z096oju3,5,0.25
478200.0,462300,0.4993303418159485,5.501492023468018,0.14099539816379547,25.392822265625,25.449657440185547,68.40016174316406,3.2565808296203613,0.97479248046875,0.997990608215332,5.366597179090604e-05,162.94271850585938,-7.929750442504883,z096oju3,5,0.25
487950.0,472350,0.49885204434394836,5.113185882568359,0.15510466694831848,20.635005950927734,20.720014572143555,62.35330581665039,3.200152635574341,0.96173095703125,0.9979262351989746,5.405522824730724e-05,131.40773010253906,-6.912978172302246,z096oju3,5,0.25
498150.0,482400,0.49934840202331543,7.140036582946777,0.13544169068336487,31.429092407226562,31.48904037475586,77.64176940917969,2.878479242324829,0.96484375,0.9979109764099121,5.563635932048783e-05,221.5667266845703,-8.30874252319336,z096oju3,5,0.25
507900.0,492450,0.49918511509895325,6.127565383911133,0.1323995590209961,24.256446838378906,24.318038940429688,72.477294921875,3.2270290851593018,0.9759521484375,0.997957706451416,5.363996751839295e-05,192.02365112304688,-7.439877033233643,z096oju3,5,0.25
517651.0,502500,0.4977448284626007,4.985690116882324,0.17838841676712036,13.202535629272461,13.301872253417969,55.37279510498047,2.9040467739105225,0.95892333984375,0.9979169368743896,6.204712553881109e-05,98.06452178955078,-6.694512367248535,z096oju3,5,0.25
527550.0,512550,0.4994860887527466,7.551961898803711,0.13466650247573853,25.606781005859375,25.647558212280273,76.07130432128906,2.662151336669922,0.97869873046875,0.9979815483093262,5.9245787269901484e-05,211.82579040527344,-7.54461145401001,z096oju3,5,0.25
538350.0,522600,0.498992919921875,7.265486717224121,0.12069827318191528,22.487096786499023,22.553579330444336,75.0279541015625,2.706148624420166,0.968994140625,0.997943639755249,5.7500015827827156e-05,209.82046508789062,-7.772168159484863,z096oju3,5,0.25
548100.0,532650,0.49866941571235657,5.564366340637207,0.154811829328537,13.632684707641602,13.686829566955566,59.5151252746582,2.8760409355163574,0.98077392578125,0.9980454444885254,5.283501377562061e-05,129.86862182617188,-6.793658256530762,z096oju3,5,0.25
559350.0,542700,0.4992644190788269,8.321710586547852,0.13404349982738495,21.913223266601562,21.960603713989258,75.97477722167969,2.4076099395751953,0.97308349609375,0.9979705810546875,5.156097904546186e-05,211.6177978515625,-6.7195916175842285,z096oju3,5,0.25
568350.0,552750,0.49843060970306396,6.656609535217285,0.13539080321788788,15.147531509399414,15.216161727905273,67.75505828857422,2.738786458969116,0.96240234375,0.9979028701782227,5.3990203014109284e-05,166.06382751464844,-8.038434982299805,z096oju3,5,0.25
578400.0,562800,0.4967983365058899,5.470052719116211,0.14684803783893585,9.4976806640625,9.585302352905273,55.147762298583984,2.803234338760376,0.96685791015625,0.9979574680328369,5.836882701260038e-05,103.3615951538086,-6.596302032470703,z096oju3,5,0.25
588000.0,572850,0.4985567629337311,9.10717487335205,0.13073188066482544,16.70054817199707,16.768115997314453,74.8726806640625,2.1803231239318848,0.9676513671875,0.9979202747344971,5.7962399296229705e-05,206.38946533203125,-7.6744465827941895,z096oju3,5,0.25
598200.0,582900,0.4980986714363098,6.987159729003906,0.13258975744247437,12.129508972167969,12.188627243041992,66.3454360961914,2.6017260551452637,0.970947265625,0.9979660511016846,5.5631157010793686e-05,170.0479736328125,-7.534409999847412,z096oju3,5,0.25
608550.0,592950,0.49894678592681885,8.318897247314453,0.12258972972631454,15.051481246948242,15.086740493774414,72.389404296875,2.39499568939209,0.9881591796875,0.9980149269104004,5.3491090511670336e-05,211.29441833496094,-8.882383346557617,z096oju3,5,0.25
618300.0,603000,0.4984320402145386,8.669185638427734,0.13102565705776215,13.36813735961914,13.41494083404541,72.33827209472656,2.2868359088897705,0.97723388671875,0.9979705810546875,5.968058030703105e-05,204.84674072265625,-8.042060852050781,z096oju3,5,0.25
628500.0,613050,0.4973876476287842,5.751970291137695,0.1458926647901535,8.283403396606445,8.352605819702148,57.87794494628906,2.6968109607696533,0.97125244140625,0.9979603290557861,4.5867862354498357e-05,123.3411865234375,-6.344738006591797,z096oju3,5,0.25
639600.0,623100,0.4984651803970337,9.235857963562012,0.12094418704509735,13.363357543945312,13.417972564697266,74.90145874023438,2.182738780975342,0.96978759765625,0.9979550838470459,5.193195102037862e-05,213.94598388671875,-7.106807708740234,z096oju3,5,0.25
649200.0,633150,0.4979626536369324,6.048644065856934,0.13618211448192596,8.157758712768555,8.198833465576172,60.372100830078125,2.7329916954040527,0.983642578125,0.9980340003967285,4.863952926825732e-05,132.0479278564453,-6.665833473205566,z096oju3,5,0.25
658650.0,643200,0.4873816967010498,9.113083839416504,0.12980365753173828,11.130735397338867,11.185877799987793,71.8432388305664,2.2006144523620605,0.88970947265625,0.9974257946014404,5.61127089895308e-05,201.83631896972656,-7.66640567779541,z096oju3,5,0.25
669000.0,653250,0.49807190895080566,9.12045669555664,0.13359490036964417,11.256032943725586,11.308853149414062,72.59068298339844,2.2384963035583496,0.972412109375,0.9979324340820312,5.370992221287452e-05,204.82313537597656,-7.20733118057251,z096oju3,5,0.25
677400.0,663300,0.4975503087043762,7.1087846755981445,0.1397893726825714,8.084135055541992,8.144577026367188,65.0785903930664,2.5276854038238525,0.974609375,0.9979817867279053,4.9533227866049856e-05,157.46432495117188,-7.223165512084961,z096oju3,5,0.25
688200.0,673350,0.4977548122406006,10.064087867736816,0.11748658865690231,10.709807395935059,10.766117095947266,73.30743408203125,2.0548148155212402,0.9698486328125,0.9979403018951416,5.8141791669186205e-05,214.1789093017578,-7.9077653884887695,z096oju3,5,0.25
698550.0,683400,0.49789807200431824,8.359573364257812,0.11805087327957153,9.444276809692383,9.49207878112793,71.74110412597656,2.3841872215270996,0.979736328125,0.9979684352874756,5.9130834415555e-05,203.74172973632812,-7.251023292541504,z096oju3,5,0.25
710100.0,693450,0.4941156506538391,6.243144512176514,0.1558137983083725,4.773751258850098,4.827521324157715,55.500606536865234,2.462522029876709,0.97674560546875,0.9980654716491699,4.8526555474381894e-05,112.88970947265625,-6.622132301330566,z096oju3,5,0.25
719550.0,703500,0.49643874168395996,10.080036163330078,0.13259175419807434,9.45628833770752,9.522254943847656,74.16549682617188,1.9895119667053223,0.9691162109375,0.9979250431060791,5.122581933392212e-05,206.39466857910156,-8.021760940551758,z096oju3,5,0.25
729450.0,713550,0.4967731237411499,7.5178608894348145,0.12799599766731262,7.032763481140137,7.07626485824585,65.19947814941406,2.4437179565429688,0.98095703125,0.997988224029541,5.299771873978898e-05,160.17709350585938,-7.620028972625732,z096oju3,5,0.25
740100.0,723600,0.49771127104759216,4.166489124298096,0.13935334980487823,2.3632240295410156,2.3918161392211914,46.10284423828125,3.2159667015075684,0.97698974609375,0.9980275630950928,5.09967103425879e-05,80.14961242675781,-6.72176456451416,z096oju3,5,0.25
749400.0,733650,0.4970424175262451,8.960044860839844,0.12483065575361252,7.890478134155273,7.932687282562256,68.36004638671875,2.122070789337158,0.982177734375,0.9979946613311768,5.58851970708929e-05,185.76795959472656,-7.057863235473633,z096oju3,5,0.25
760050.0,743700,0.4968228042125702,7.550233840942383,0.13280421495437622,6.169000148773193,6.201315402984619,65.08153533935547,2.3695297241210938,0.9873046875,0.9980442523956299,5.220630919211544e-05,166.00814819335938,-7.007450103759766,z096oju3,5,0.25
768300.0,753750,0.49812352657318115,9.578426361083984,0.12462624162435532,7.453086853027344,7.477651596069336,71.29566955566406,2.052612781524658,0.98974609375,0.9980347156524658,5.113446241011843e-05,200.80441284179688,-7.534529685974121,z096oju3,5,0.25
779700.0,763800,0.49750232696533203,9.224908828735352,0.13363289833068848,6.944706439971924,6.974593162536621,69.7156982421875,2.102285861968994,0.987548828125,0.9980423450469971,4.6918707084842026e-05,196.740966796875,-7.065481185913086,z096oju3,5,0.25
788250.0,773850,0.4946162700653076,6.5273237228393555,0.12183047086000443,4.73255729675293,4.786273002624512,60.54582977294922,2.5587856769561768,0.97430419921875,0.9979872703552246,5.029081512475386e-05,144.51605224609375,-6.561051845550537,z096oju3,5,0.25
799500.0,783900,0.497038871049881,10.081062316894531,0.1232910305261612,6.977502346038818,7.018157482147217,71.71377563476562,1.9108080863952637,0.9796142578125,0.9980013370513916,4.803380943485536e-05,194.5377197265625,-7.5529022216796875,z096oju3,5,0.25
810300.0,793950,0.496856689453125,8.111522674560547,0.11907275021076202,6.209680080413818,6.244180679321289,68.62232208251953,2.3378753662109375,0.9842529296875,0.9980342388153076,5.144872557139024e-05,189.23898315429688,-7.093818664550781,z096oju3,5,0.25
820350.0,804000,0.4965251088142395,5.068519592285156,0.1412171572446823,2.878005266189575,2.9188718795776367,52.27092361450195,2.8623714447021484,0.9691162109375,0.9979538917541504,5.01905451528728e-05,97.72576141357422,-6.720196723937988,z096oju3,5,0.25
828900.0,814050,0.4959266185760498,9.192100524902344,0.11364658176898956,6.561758995056152,6.60963249206543,70.2406997680664,2.0851128101348877,0.980712890625,0.9980072975158691,4.871613055001944e-05,202.17202758789062,-7.144733905792236,z096oju3,5,0.25
839700.0,824100,0.495159775018692,5.982762336730957,0.133818119764328,4.172798156738281,4.212919235229492,57.83161926269531,2.698784828186035,0.98065185546875,0.9980292320251465,4.943921521771699e-05,130.08604431152344,-6.406462669372559,z096oju3,5,0.25
849450.0,834150,0.49632591009140015,9.138675689697266,0.12417492270469666,6.391432285308838,6.4237470626831055,69.02700805664062,2.04744815826416,0.9873046875,0.99802565574646,5.1614817493828014e-05,187.1207275390625,-7.144317626953125,z096oju3,5,0.25
858600.0,844200,0.4955604076385498,8.565757751464844,0.11796630918979645,5.730072975158691,5.768208980560303,67.49754333496094,2.2133052349090576,0.98004150390625,0.998011589050293,4.8139314458239824e-05,190.15435791015625,-7.358124732971191,z096oju3,5,0.25
869100.0,854250,0.4967324137687683,5.229202747344971,0.11837993562221527,3.3421945571899414,3.3595728874206543,53.883060455322266,2.922978401184082,0.990966796875,0.9980900287628174,4.876339153270237e-05,103.32701110839844,-6.424847602844238,z096oju3,5,0.25
878850.0,864300,0.49582144618034363,9.481752395629883,0.12887528538703918,6.287299633026123,6.320124626159668,69.96976470947266,1.986487627029419,0.984619140625,0.9980056285858154,5.0440870836609975e-05,205.51876831054688,-7.220340251922607,z096oju3,5,0.25
889500.0,874350,0.49769437313079834,5.530937671661377,0.14187169075012207,3.3894450664520264,3.4109277725219727,53.333099365234375,2.7365221977233887,0.99224853515625,0.9980533123016357,4.1099003283306956e-05,102.95050811767578,-6.709808826446533,z096oju3,5,0.25
900900.0,884400,0.4968275725841522,9.375813484191895,0.1142171174287796,6.236827850341797,6.261009693145752,70.06088256835938,2.0603866577148438,0.98504638671875,0.9980416297912598,4.6323955757543445e-05,209.02734375,-6.713946342468262,z096oju3,5,0.25
909450.0,894450,0.4958909749984741,6.742257595062256,0.1260724663734436,4.833959579467773,4.859476089477539,61.10529327392578,2.5668702125549316,0.9903564453125,0.9980518817901611,4.9967129598371685e-05,151.5848388671875,-6.9250102043151855,z096oju3,5,0.25
919500.0,904500,0.4986841082572937,4.6571574211120605,0.1257927417755127,2.020413637161255,2.032311201095581,49.471168518066406,2.9743332862854004,0.97705078125,0.9980361461639404,4.655958036892116e-05,95.18425750732422,-6.460736274719238,z096oju3,5,0.25
929700.0,914550,0.4942971467971802,8.320688247680664,0.12806615233421326,5.365531921386719,5.40133810043335,66.85595703125,2.1689319610595703,0.98236083984375,0.998009443283081,4.680818528868258e-05,188.57701110839844,-7.051244735717773,z096oju3,5,0.25
940350.0,924600,0.4929943084716797,5.132266044616699,0.13455793261528015,3.186079502105713,3.2236685752868652,54.045772552490234,2.9203505516052246,0.9718017578125,0.9980032444000244,4.524226096691564e-05,110.68584442138672,-5.923937797546387,z096oju3,5,0.25
950250.0,934650,0.4957627058029175,8.573999404907227,0.11084545403718948,5.546366214752197,5.5853657722473145,67.6119613647461,2.1939258575439453,0.980712890625,0.9979968070983887,5.434726699604653e-05,193.58096313476562,-7.269134521484375,z096oju3,5,0.25
960450.0,944700,0.4951205551624298,7.92811393737793,0.11231813579797745,4.890989780426025,4.920493125915527,64.70145416259766,2.2469863891601562,0.9857177734375,0.9980275630950928,4.678559344029054e-05,167.1228485107422,-6.9518914222717285,z096oju3,5,0.25
968700.0,954750,0.49512791633605957,8.412484169006348,0.10558536648750305,5.42561674118042,5.4686994552612305,67.60163116455078,2.2175381183624268,0.9805908203125,0.9979784488677979,4.548141441773623e-05,188.5126953125,-7.445181846618652,z096oju3,5,0.25
980100.0,964800,0.4962461590766907,7.632928371429443,0.11898258328437805,4.975315093994141,5.000903129577637,64.240966796875,2.3237714767456055,0.9859619140625,0.998058557510376,5.0153299525845796e-05,163.68576049804688,-7.0483551025390625,z096oju3,5,0.25
991500.0,974850,0.5046091079711914,5.083010673522949,0.1256622076034546,2.3400964736938477,2.325265407562256,51.186546325683594,2.8001909255981445,0.986083984375,0.998089075088501,4.3431798985693604e-05,104.19842529296875,-6.363587856292725,z096oju3,5,0.25
999450.0,984900,0.49632900953292847,8.52452278137207,0.11597923934459686,5.445333480834961,5.470372200012207,67.38677978515625,2.1855881214141846,0.98870849609375,0.9980502128601074,4.493468441069126e-05,178.19493103027344,-6.173271179199219,z096oju3,5,0.25
25050.0,10050,0.49365121126174927,3.468325138092041,0.015042869374155998,34.214759826660156,34.91714859008789,89.06686401367188,6.415088176727295,0.66156005859375,0.9964854717254639,5.405836782301776e-05,55.869598388671875,1.1724231243133545,blc5muho,7,0.25
35550.0,20100,0.49593162536621094,3.202373504638672,0.01365564577281475,40.33861541748047,40.89626693725586,87.81122589111328,6.859069347381592,0.73345947265625,0.9967291355133057,5.1868686568923295e-05,64.09253692626953,-0.9090890884399414,blc5muho,7,0.25
45300.0,30150,0.4968389868736267,3.1596226692199707,0.010196555405855179,43.879722595214844,44.358306884765625,85.98916625976562,6.817191123962402,0.76654052734375,0.996931791305542,5.329136911313981e-05,77.58787536621094,-4.382272720336914,blc5muho,7,0.25
55050.0,40200,0.4975045621395111,3.1273980140686035,0.019902551546692848,47.36487579345703,47.75741195678711,84.81549072265625,6.800915718078613,0.812255859375,0.9970986843109131,5.8543017075862736e-05,82.110595703125,-7.728452682495117,blc5muho,7,0.25
64951.0,50250,0.4983099102973938,3.1369476318359375,0.02909553423523903,55.21986770629883,55.54653549194336,85.5483169555664,6.836470603942871,0.83538818359375,0.9972808361053467,5.787317786598578e-05,97.48641967773438,-8.657628059387207,blc5muho,7,0.25
76800.0,60300,0.4987353980541229,3.1708030700683594,0.03371166065335274,62.465797424316406,62.75547790527344,85.84190368652344,6.787956714630127,0.85101318359375,0.9973297119140625,5.912817141506821e-05,110.4922866821289,-8.188841819763184,blc5muho,7,0.25
86550.0,70350,0.4987661838531494,3.2828969955444336,0.036648206412792206,67.1165771484375,67.42347717285156,88.84693908691406,6.781256675720215,0.845703125,0.99733567237854,6.315376958809793e-05,135.18853759765625,-8.566203117370605,blc5muho,7,0.25
96150.0,80400,0.499093621969223,3.5069456100463867,0.048811353743076324,65.56221771240234,65.77777099609375,89.07279968261719,6.374702453613281,0.89300537109375,0.9975399971008301,6.830823258496821e-05,141.7701416015625,-7.638643264770508,blc5muho,7,0.25
105450.0,90450,0.4985829293727875,3.2662429809570312,0.0698590874671936,48.875221252441406,49.1205940246582,78.27769470214844,6.026202201843262,0.877685546875,0.9975032806396484,6.168539403006434e-05,101.5141830444336,-6.577685356140137,blc5muho,7,0.25
116401.0,100500,0.4992970824241638,3.5424652099609375,0.07779727876186371,72.03182983398438,72.21540832519531,87.82109832763672,6.215858459472656,0.91156005859375,0.9976277351379395,6.950787792447954e-05,155.51174926757812,-8.699142456054688,blc5muho,7,0.25
126000.0,110550,0.49909326434135437,3.5726077556610107,0.08200643956661224,67.48106384277344,67.7015151977539,84.49994659423828,5.9424967765808105,0.88677978515625,0.9975230693817139,7.398994785035029e-05,146.0006103515625,-8.053277969360352,blc5muho,7,0.25
135300.0,120600,0.4982680380344391,3.377300262451172,0.09444572031497955,41.825618743896484,42.09047317504883,70.98883056640625,5.289127349853516,0.885009765625,0.997495174407959,5.908000821364112e-05,90.47500610351562,-7.45451545715332,blc5muho,7,0.25
146250.0,130650,0.49932920932769775,3.748056411743164,0.11533377319574356,72.60723876953125,72.78368377685547,84.84687805175781,5.67757511138916,0.90875244140625,0.9976339340209961,7.035091402940452e-05,181.86753845214844,-8.360830307006836,blc5muho,7,0.25
154800.0,140700,0.4992833137512207,4.188627243041992,0.11406609416007996,69.37503051757812,69.55349731445312,88.19818115234375,5.283501625061035,0.9107666015625,0.9976494312286377,7.269759225891903e-05,179.2296142578125,-8.174997329711914,blc5muho,7,0.25
167100.0,150750,0.4993225634098053,3.895245313644409,0.12268885225057602,57.659027099609375,57.79932403564453,79.38629150390625,5.1337666511535645,0.9298095703125,0.9977681636810303,6.491974636446685e-05,147.92111206054688,-8.026042938232422,blc5muho,7,0.25
176850.0,160800,0.4995006322860718,4.214355945587158,0.13113081455230713,74.44732666015625,74.57765197753906,86.10282135009766,5.1276092529296875,0.93597412109375,0.9977455139160156,6.309256423264742e-05,209.37060546875,-9.205850601196289,blc5muho,7,0.25
187200.0,170850,0.4993988871574402,4.471375465393066,0.1522119790315628,69.4946517944336,69.64197540283203,85.73698425292969,4.819344520568848,0.9337158203125,0.9977400302886963,6.79042495903559e-05,203.5670166015625,-7.886493682861328,blc5muho,7,0.25
196650.0,180900,0.49926042556762695,4.513558864593506,0.1455068439245224,66.55686950683594,66.73324584960938,83.73396301269531,4.671062469482422,0.9080810546875,0.9976444244384766,6.50695146759972e-05,202.41183471679688,-9.095111846923828,blc5muho,7,0.25
205650.0,190950,0.4995008409023285,4.587098121643066,0.16001780331134796,67.3968734741211,67.51457977294922,82.85231018066406,4.5475850105285645,0.942626953125,0.9977798461914062,7.527389971073717e-05,208.43264770507812,-8.138647079467773,blc5muho,7,0.25
217200.0,201000,0.49939805269241333,4.473322868347168,0.17032699286937714,57.70723342895508,57.835174560546875,77.11105346679688,4.353738307952881,0.92999267578125,0.9977772235870361,6.811091589042917e-05,180.8109130859375,-8.21243667602539,blc5muho,7,0.25
226950.0,211050,0.49931204319000244,4.198697090148926,0.16917183995246887,49.1273307800293,49.24749755859375,69.80311584472656,4.207548141479492,0.9462890625,0.9978444576263428,6.317997758742422e-05,148.3173828125,-7.128727912902832,blc5muho,7,0.25
236850.0,221100,0.49946802854537964,4.901792049407959,0.17396780848503113,66.19657135009766,66.32833862304688,81.31953430175781,4.180744171142578,0.94158935546875,0.9977524280548096,6.895732076372951e-05,220.3035888671875,-8.551950454711914,blc5muho,7,0.25
246750.0,231150,0.4994664788246155,5.088125228881836,0.18214038014411926,61.71958923339844,61.837432861328125,80.98446655273438,4.016401290893555,0.94000244140625,0.9978153705596924,6.713916809530929e-05,213.109130859375,-8.19832992553711,blc5muho,7,0.25
256500.0,241200,0.49922192096710205,4.494489669799805,0.17529456317424774,45.14756393432617,45.271751403808594,68.59607696533203,3.8828511238098145,0.94305419921875,0.9978234767913818,6.727159779984504e-05,154.67100524902344,-7.574467658996582,blc5muho,7,0.25
266251.0,251250,0.4994610548019409,5.335850715637207,0.17619957029819489,62.07318115234375,62.1927490234375,81.0022201538086,3.8395941257476807,0.93902587890625,0.9977855682373047,7.515402103308588e-05,225.42242431640625,-8.577156066894531,blc5muho,7,0.25
277650.0,261300,0.4994816780090332,5.199358940124512,0.1920461356639862,60.19377899169922,60.30120086669922,78.56033325195312,3.8174736499786377,0.94940185546875,0.9978554248809814,6.47386914351955e-05,223.8667755126953,-8.95202922821045,blc5muho,7,0.25
287100.0,271350,0.4994979202747345,5.159071922302246,0.18213748931884766,50.645668029785156,50.73643112182617,73.26252746582031,3.590975284576416,0.956298828125,0.9978909492492676,6.731782195856795e-05,190.48092651367188,-8.140093803405762,blc5muho,7,0.25
296400.0,281400,0.49936169385910034,5.092793941497803,0.1824871152639389,44.55833435058594,44.65626525878906,69.00779724121094,3.4490816593170166,0.95355224609375,0.9978504180908203,6.267614662647247e-05,168.01063537597656,-8.039647102355957,blc5muho,7,0.25
308100.0,291450,0.49957549571990967,5.726585388183594,0.19807970523834229,54.26009750366211,54.338134765625,76.90350341796875,3.4034786224365234,0.95953369140625,0.9978921413421631,6.483736069640145e-05,221.68313598632812,-9.550914764404297,blc5muho,7,0.25
318150.0,301500,0.49970000982284546,5.821743965148926,0.1876729130744934,51.30949401855469,51.360252380371094,76.776123046875,3.361356019973755,0.97967529296875,0.9979619979858398,7.35265712137334e-05,209.6388397216797,-8.749479293823242,blc5muho,7,0.25
328050.0,311550,0.4994986355304718,6.159612655639648,0.1933320164680481,50.978248596191406,51.06578826904297,78.06329345703125,3.197951555252075,0.9586181640625,0.9978647232055664,8.396984776481986e-05,224.21141052246094,-8.399724960327148,blc5muho,7,0.25
337500.0,321600,0.4992416501045227,5.79853630065918,0.19745777547359467,44.89471435546875,45.01119613647461,72.3702392578125,3.1784801483154297,0.942138671875,0.9978234767913818,6.496564310509712e-05,191.58993530273438,-8.624716758728027,blc5muho,7,0.25
347250.0,331650,0.499274343252182,5.295031547546387,0.20558030903339386,36.97334671020508,37.061866760253906,64.29618835449219,3.0972580909729004,0.962158203125,0.9978799819946289,6.566230877069756e-05,159.8345947265625,-7.87978982925415,blc5muho,7,0.25
356400.0,341700,0.49947330355644226,6.199057102203369,0.20091766119003296,47.91607666015625,48.006935119628906,75.1117935180664,3.088756561279297,0.95074462890625,0.9978604316711426,5.7676144933793694e-05,210.47865295410156,-8.661516189575195,blc5muho,7,0.25
367800.0,351750,0.49939364194869995,6.71198844909668,0.2031886726617813,43.941532135009766,44.030914306640625,75.95083618164062,2.8795735836029053,0.95733642578125,0.997856616973877,6.114630377851427e-05,218.90240478515625,-8.838825225830078,blc5muho,7,0.25
378150.0,361800,0.4992561638355255,6.4518141746521,0.19737373292446136,39.05803298950195,39.158809661865234,71.99170684814453,2.8549110889434814,0.95257568359375,0.9978725910186768,6.665964610874653e-05,196.07305908203125,-8.381465911865234,blc5muho,7,0.25
386700.0,371850,0.4991454482078552,5.934628963470459,0.21010209619998932,30.5732364654541,30.666927337646484,63.70404052734375,2.744281530380249,0.95379638671875,0.9978983402252197,6.521286559291184e-05,165.6215057373047,-8.44093132019043,blc5muho,7,0.25
397800.0,381900,0.49946409463882446,6.905224323272705,0.21865177154541016,39.149410247802734,39.21775817871094,71.75416564941406,2.6355719566345215,0.96441650390625,0.9979162216186523,6.321209366433322e-05,223.04750061035156,-8.504769325256348,blc5muho,7,0.25
407100.0,391950,0.4994339942932129,6.679247856140137,0.21331629157066345,35.70004653930664,35.76507568359375,69.03868103027344,2.6565895080566406,0.97149658203125,0.9979443550109863,6.533389387186617e-05,209.2751922607422,-7.870824337005615,blc5muho,7,0.25
417600.0,402000,0.4989551901817322,5.845814228057861,0.20021575689315796,24.44718360900879,24.529319763183594,60.310951232910156,2.683655261993408,0.96185302734375,0.9978692531585693,6.360605038935319e-05,143.2613983154297,-7.812204360961914,blc5muho,7,0.25
427800.0,412050,0.4992287755012512,7.229152679443359,0.20719248056411743,34.3040771484375,34.38732147216797,70.44367980957031,2.489243507385254,0.95892333984375,0.997901201248169,6.985161599004641e-05,213.13778686523438,-7.661081314086914,blc5muho,7,0.25
437250.0,422100,0.49923592805862427,7.276729583740234,0.1918865293264389,30.294235229492188,30.37003517150879,69.18376159667969,2.4518520832061768,0.96466064453125,0.9979305267333984,6.42799714114517e-05,187.00485229492188,-8.668659210205078,blc5muho,7,0.25
447300.0,432150,0.49871566891670227,6.800556182861328,0.1853407472372055,23.31854820251465,23.41744613647461,63.77996826171875,2.4448421001434326,0.9552001953125,0.9978489875793457,6.113408016972244e-05,161.7100830078125,-7.738055229187012,blc5muho,7,0.25
458700.0,442200,0.4740949273109436,4.0226664543151855,0.1959649622440338,10.9668607711792,11.442157745361328,44.756797790527344,3.106137275695801,0.80517578125,0.9966251850128174,7.449649274349213e-05,79.39248657226562,-12.656645774841309,blc5muho,7,0.25
467251.0,452250,0.49921083450317383,7.687711715698242,0.19637224078178406,24.36008071899414,24.41350555419922,67.73938751220703,2.289553642272949,0.97589111328125,0.9979829788208008,5.950214108452201e-05,201.96266174316406,-7.889073371887207,blc5muho,7,0.25
476700.0,462300,0.49864935874938965,6.148270606994629,0.19519758224487305,15.119684219360352,15.181943893432617,53.077972412109375,2.2557406425476074,0.97479248046875,0.9979808330535889,5.466468428494409e-05,112.73414611816406,-7.265644073486328,blc5muho,7,0.25
489000.0,472350,0.4989531636238098,8.781791687011719,0.19168391823768616,23.013221740722656,23.08789825439453,71.91954040527344,2.1790497303009033,0.964111328125,0.997896671295166,6.564774957951158e-05,219.78204345703125,-8.851280212402344,blc5muho,7,0.25
496800.0,482400,0.4985746741294861,8.610877990722656,0.18271476030349731,20.81011390686035,20.899307250976562,68.55770111083984,2.088273048400879,0.9583740234375,0.9978511333465576,6.476831913460046e-05,194.71131896972656,-8.815718650817871,blc5muho,7,0.25
507000.0,492450,0.49884283542633057,8.29725170135498,0.17157956957817078,18.405277252197266,18.467782974243164,65.68936157226562,2.0888962745666504,0.97039794921875,0.9979381561279297,6.0901555116288364e-05,193.8791046142578,-8.862106323242188,blc5muho,7,0.25
518700.0,502500,0.49772268533706665,7.461519718170166,0.1707269549369812,12.217716217041016,12.29433536529541,57.694374084472656,2.06200909614563,0.96783447265625,0.9979290962219238,6.290543387876824e-05,142.3409423828125,-7.232809066772461,blc5muho,7,0.25
528300.0,512550,0.49889904260635376,9.719066619873047,0.1800001561641693,17.29821014404297,17.339481353759766,67.52247619628906,1.834740400314331,0.9857177734375,0.9980242252349854,6.352108903229237e-05,196.88394165039062,-8.551507949829102,blc5muho,7,0.25
539250.0,522600,0.49829208850860596,8.88505744934082,0.1846712827682495,13.40226936340332,13.461252212524414,61.93978500366211,1.856941819190979,0.974609375,0.9979526996612549,5.950492777628824e-05,177.78271484375,-7.959914684295654,blc5muho,7,0.25
547200.0,532650,0.4968383312225342,7.387990951538086,0.1652131974697113,9.732075691223145,9.819692611694336,54.273033142089844,1.9790149927139282,0.96270751953125,0.9979310035705566,5.6058492191368714e-05,131.89877319335938,-7.914546966552734,blc5muho,7,0.25
559050.0,542700,0.4978548586368561,11.138534545898438,0.17830953001976013,14.01384162902832,14.090141296386719,69.280029296875,1.6779711246490479,0.97003173828125,0.9979188442230225,6.114589632488787e-05,213.61160278320312,-7.94381046295166,blc5muho,7,0.25
567900.0,552750,0.4980907440185547,11.020973205566406,0.16706904768943787,12.611270904541016,12.664095878601074,68.30010223388672,1.6416075229644775,0.977783203125,0.99798583984375,6.492894317489117e-05,208.26986694335938,-8.021398544311523,blc5muho,7,0.25
577350.0,562800,0.4979315996170044,10.155162811279297,0.1788145750761032,11.755365371704102,11.812362670898438,65.46472930908203,1.7301514148712158,0.9732666015625,0.9979503154754639,6.0726226365659386e-05,191.5667724609375,-9.573280334472656,blc5muho,7,0.25
587250.0,572850,0.4975384771823883,9.83740520477295,0.17016372084617615,10.039117813110352,10.097593307495117,62.176998138427734,1.6858439445495605,0.97503662109375,0.9979934692382812,6.105528882471845e-05,170.83155822753906,-7.142797946929932,blc5muho,7,0.25
599100.0,582900,0.49805936217308044,11.206185340881348,0.172685444355011,11.634490966796875,11.678388595581055,64.86054992675781,1.5993282794952393,0.976806640625,0.997952938079834,5.831469752592966e-05,188.736572265625,-8.957504272460938,blc5muho,7,0.25
607200.0,592950,0.4975448250770569,10.013439178466797,0.1686214655637741,9.683773040771484,9.733558654785156,61.49281311035156,1.674543023109436,0.9810791015625,0.9979808330535889,6.267122807912529e-05,164.1508026123047,-7.919243812561035,blc5muho,7,0.25
619050.0,603000,0.4901179075241089,7.152369976043701,0.1494349241256714,5.30936336517334,5.413141250610352,48.894676208496094,1.8829283714294434,0.95947265625,0.9979054927825928,6.463473982876167e-05,103.60961151123047,-7.317967891693115,blc5muho,7,0.25
629550.0,613050,0.497636616230011,10.969829559326172,0.17452411353588104,10.580924987792969,10.63390064239502,65.63851165771484,1.6036194562911987,0.9765625,0.9979610443115234,5.5027048802003264e-05,193.2061767578125,-8.084816932678223,blc5muho,7,0.25
637350.0,623100,0.4972679018974304,8.167499542236328,0.17470920085906982,9.042486190795898,9.094651222229004,56.92498779296875,1.9113988876342773,0.981201171875,0.9979543685913086,5.997594416840002e-05,159.92916870117188,-7.359759330749512,blc5muho,7,0.25
648450.0,633150,0.4975307881832123,9.436467170715332,0.16522526741027832,8.80588436126709,8.856304168701172,60.57841873168945,1.7595462799072266,0.9798583984375,0.9979991912841797,5.308376785251312e-05,174.55068969726562,-6.9603095054626465,blc5muho,7,0.25
657900.0,643200,0.494390606880188,6.230005264282227,0.15948137640953064,5.980399131774902,6.052793025970459,46.89757537841797,2.0711817741394043,0.9691162109375,0.9979374408721924,5.53262943867594e-05,103.21046447753906,-7.148574352264404,blc5muho,7,0.25
669300.0,653250,0.4967009723186493,11.256194114685059,0.1809467077255249,9.712514877319336,9.767810821533203,63.42102813720703,1.4999778270721436,0.9788818359375,0.9980072975158691,6.441257573897019e-05,179.45413208007812,-7.4723687171936035,blc5muho,7,0.25
677850.0,663300,0.4976917505264282,10.333961486816406,0.16066229343414307,9.197470664978027,9.240686416625977,62.63625717163086,1.6383051872253418,0.9835205078125,0.9980189800262451,5.7595749240135774e-05,174.6415557861328,-7.591480255126953,blc5muho,7,0.25
688800.0,673350,0.4968540072441101,8.828457832336426,0.1683914065361023,8.157611846923828,8.212545394897461,55.37691879272461,1.6843340396881104,0.9739990234375,0.9979772567749023,5.8883575547952205e-05,151.849609375,-7.98982048034668,blc5muho,7,0.25
699750.0,683400,0.49704623222351074,7.97388219833374,0.1514757126569748,7.442358493804932,7.486492156982422,51.86228942871094,1.773053765296936,0.98321533203125,0.998089075088501,5.313856672728434e-05,132.52676391601562,-7.107874393463135,blc5muho,7,0.25
709350.0,693450,0.49723106622695923,12.112536430358887,0.17307083308696747,10.454889297485352,10.518637657165527,66.59690856933594,1.4663770198822021,0.97198486328125,0.9979543685913086,5.987426629872061e-05,211.25405883789062,-8.514145851135254,blc5muho,7,0.25
718350.0,703500,0.4972243309020996,9.642206192016602,0.1738489866256714,9.163188934326172,9.214542388916016,60.12767791748047,1.7105377912521362,0.97705078125,0.9980020523071289,6.473493704106659e-05,177.03509521484375,-8.551867485046387,blc5muho,7,0.25
728100.0,713550,0.4962572455406189,7.28248405456543,0.16136831045150757,6.951068878173828,7.000185966491699,51.21211242675781,1.8845486640930176,0.978759765625,0.9980418682098389,6.163521902635694e-05,124.71636962890625,-7.237547397613525,blc5muho,7,0.25
738150.0,723600,0.4977738857269287,10.833932876586914,0.16906672716140747,10.3159818649292,10.347949981689453,64.01528930664062,1.5966297388076782,0.985107421875,0.9980168342590332,6.023490277584642e-05,207.89828491210938,-7.675098419189453,blc5muho,7,0.25
748350.0,733650,0.49762576818466187,8.46329116821289,0.16521084308624268,8.849929809570312,8.890554428100586,58.251319885253906,1.8754024505615234,0.98016357421875,0.9980108737945557,5.610949301626533e-05,160.25180053710938,-7.380934715270996,blc5muho,7,0.25
760350.0,743700,0.49436068534851074,6.817770481109619,0.15116000175476074,5.979800224304199,6.035987854003906,48.03965377807617,1.908523678779602,0.97998046875,0.9980013370513916,5.479518586071208e-05,106.82232666015625,-7.8369460105896,blc5muho,7,0.25
768300.0,753750,0.49782878160476685,10.984576225280762,0.16066287457942963,10.13945484161377,10.180338859558105,63.92462921142578,1.5569610595703125,0.98187255859375,0.9980149269104004,5.6841541663743556e-05,196.5802001953125,-8.09267807006836,blc5muho,7,0.25
779700.0,763800,0.49693846702575684,9.445242881774902,0.15037915110588074,9.451051712036133,9.508268356323242,61.071624755859375,1.780240774154663,0.97650146484375,0.9979798793792725,5.819109355797991e-05,193.13113403320312,-7.929038047790527,blc5muho,7,0.25
788250.0,773850,0.49660271406173706,7.1703057289123535,0.14397963881492615,7.7338714599609375,7.7979583740234375,51.69118118286133,1.9290047883987427,0.97662353515625,0.9979965686798096,5.9669779147952795e-05,132.44924926757812,-7.241707801818848,blc5muho,7,0.25
799650.0,783900,0.49833422899246216,10.144573211669922,0.16144590079784393,10.6055269241333,10.627457618713379,62.646148681640625,1.6650712490081787,0.99005126953125,0.9980626106262207,5.7818870118353516e-05,193.2025146484375,-8.262247085571289,blc5muho,7,0.25
808200.0,793950,0.49667441844940186,6.695423603057861,0.14476510882377625,7.725377559661865,7.78631591796875,51.37611770629883,2.094517707824707,0.97320556640625,0.998023271560669,5.874141788808629e-05,134.59707641601562,-6.573748588562012,blc5muho,7,0.25
818400.0,804000,0.49653080105781555,4.731838226318359,0.13153895735740662,4.469575881958008,4.527668476104736,40.216827392578125,2.3166651725769043,0.96466064453125,0.9979102611541748,6.29357309662737e-05,80.59514617919922,-8.374807357788086,blc5muho,7,0.25
829200.0,814050,0.498025119304657,8.879661560058594,0.1596064567565918,9.20203971862793,9.232555389404297,57.61894226074219,1.7810670137405396,0.9871826171875,0.9980494976043701,5.742215580539778e-05,149.2645263671875,-7.621967792510986,blc5muho,7,0.25
840600.0,824100,0.4964165687561035,5.484657287597656,0.13241708278656006,6.272531509399414,6.304529190063477,46.398048400878906,2.3030481338500977,0.9888916015625,0.9981071949005127,5.817044439027086e-05,100.45086669921875,-6.309676170349121,blc5muho,7,0.25
850800.0,834150,0.4977589547634125,9.434972763061523,0.16187308728694916,9.860021591186523,9.89204216003418,60.9052848815918,1.7953202724456787,0.98834228515625,0.9980278015136719,6.174757436383516e-05,178.49798583984375,-7.518113613128662,blc5muho,7,0.25
860250.0,844200,0.4975756108760834,8.771464347839355,0.15516333281993866,9.274349212646484,9.317054748535156,59.89931106567383,1.8604795932769775,0.98419189453125,0.9980125427246094,5.885899008717388e-05,172.28305053710938,-7.20881986618042,blc5muho,7,0.25
869250.0,854250,0.4964783787727356,8.182344436645508,0.15409225225448608,8.31033706665039,8.392959594726562,55.50822830200195,1.8462709188461304,0.96221923828125,0.9978761672973633,5.883479389012791e-05,151.89016723632812,-7.194728851318359,blc5muho,7,0.25
879750.0,864300,0.497441828250885,9.40919017791748,0.15571679174900055,9.898279190063477,9.944512367248535,60.79042434692383,1.7424533367156982,0.9769287109375,0.997988224029541,6.464461330324411e-05,180.91629028320312,-7.132390975952148,blc5muho,7,0.25
889650.0,874350,0.49671366810798645,7.851556301116943,0.15222330391407013,8.960430145263672,9.017470359802246,57.828285217285156,2.020423173904419,0.9752197265625,0.9979634284973145,6.11055875197053e-05,166.44873046875,-7.505592346191406,blc5muho,7,0.25
900900.0,884400,0.493563711643219,5.980192184448242,0.1479366421699524,5.621861457824707,5.687135696411133,46.46527862548828,2.093555450439453,0.9736328125,0.9980137348175049,5.71255550312344e-05,108.20980834960938,-6.967550277709961,blc5muho,7,0.25
909450.0,894450,0.49759623408317566,9.219874382019043,0.17202313244342804,9.852228164672852,9.893397331237793,58.48542022705078,1.7505505084991455,0.980224609375,0.9979887008666992,5.765438618254848e-05,175.187744140625,-7.843350410461426,blc5muho,7,0.25
920250.0,904500,0.4973210096359253,7.186811447143555,0.15661756694316864,7.780014991760254,7.821371078491211,52.8389778137207,2.03530216217041,0.983154296875,0.998002290725708,5.875327769899741e-05,131.05091857910156,-6.2900214195251465,blc5muho,7,0.25
930750.0,914550,0.49702322483062744,5.6913275718688965,0.15039294958114624,6.50758171081543,6.532282829284668,45.64443588256836,2.146984338760376,0.99090576171875,0.9981300830841064,5.5784417781978846e-05,108.34805297851562,-6.678801536560059,blc5muho,7,0.25
941100.0,924600,0.49733656644821167,8.95117473602295,0.15140977501869202,9.990211486816406,10.042167663574219,59.63642883300781,1.77858304977417,0.97869873046875,0.9979875087738037,5.7761841162573546e-05,177.8202667236328,-7.024199485778809,blc5muho,7,0.25
949200.0,934650,0.49704480171203613,8.839183807373047,0.15949171781539917,8.993980407714844,9.03581428527832,59.91978454589844,1.8082612752914429,0.98211669921875,0.9979908466339111,5.6948756537167355e-05,164.8175048828125,-7.340676307678223,blc5muho,7,0.25
958950.0,944700,0.4970231354236603,7.230503082275391,0.15262548625469208,7.582013130187988,7.623251914978027,53.495914459228516,1.9993391036987305,0.98236083984375,0.9980192184448242,5.5494198022643104e-05,137.4796142578125,-6.995833396911621,blc5muho,7,0.25
969000.0,954750,0.49598801136016846,9.791650772094727,0.1521887183189392,9.844572067260742,9.874755859375,63.69947052001953,1.7704269886016846,0.98211669921875,0.997976541519165,5.869621963938698e-05,190.72540283203125,-7.460673809051514,blc5muho,7,0.25
980400.0,964800,0.4973941743373871,8.375201225280762,0.1475580483675003,9.462581634521484,9.502198219299316,58.49121856689453,1.8866547346115112,0.985595703125,0.9980082511901855,5.64643632969819e-05,172.75115966796875,-7.074704647064209,blc5muho,7,0.25
988950.0,974850,0.4972626566886902,6.6099443435668945,0.14005042612552643,8.356142044067383,8.412439346313477,52.8846435546875,2.2145872116088867,0.976806640625,0.9980158805847168,5.457800943986513e-05,136.08090209960938,-6.24058723449707,blc5muho,7,0.25
1000200.0,984900,0.5124880075454712,7.671513557434082,0.14871613681316376,9.715126037597656,8.671987533569336,57.76386260986328,2.4748778343200684,0.8465576171875,0.9972937107086182,7.307199120987207e-05,162.3126220703125,-7.006304740905762,blc5muho,7,0.25
25050.0,10050,0.49520620703697205,2.610536813735962,-0.21897387504577637,73.96356964111328,74.70856475830078,63.326995849609375,6.085409164428711,0.6458740234375,0.9961826801300049,7.814622222213075e-05,82.95662689208984,2.046177387237549,fjkzg68o,6,0.25
35550.0,20100,0.4971597194671631,2.593094825744629,-0.22680342197418213,89.85076904296875,90.38880920410156,65.80116271972656,6.365024566650391,0.73638916015625,0.9967038631439209,7.404501957353204e-05,111.447265625,-0.5187867879867554,fjkzg68o,6,0.25
45300.0,30150,0.4968404173851013,2.5271148681640625,-0.22328028082847595,96.30821990966797,96.70917510986328,66.45342254638672,6.5912370681762695,0.8072509765625,0.9970738887786865,7.737636042293161e-05,126.01856994628906,-2.663985013961792,fjkzg68o,6,0.25
54750.0,40200,0.4975419342517853,2.513643264770508,-0.22615760564804077,92.9366683959961,93.40736389160156,66.9920883178711,6.68251895904541,0.774169921875,0.9969406127929688,7.576964708277956e-05,115.63079833984375,-5.479342937469482,fjkzg68o,6,0.25
66900.0,50250,0.49792927503585815,2.384146213531494,-0.20521113276481628,72.7999267578125,73.12120056152344,65.21342468261719,6.880301475524902,0.8392333984375,0.997248649597168,7.440876652253792e-05,101.33490753173828,-5.531737327575684,fjkzg68o,6,0.25
76500.0,60300,0.4988304376602173,2.5349960327148438,-0.1950656771659851,111.71623229980469,112.03874969482422,69.66970825195312,6.903207778930664,0.83837890625,0.9971919059753418,7.48591119190678e-05,158.43992614746094,-5.715250492095947,fjkzg68o,6,0.25
86250.0,70350,0.4985544681549072,2.4569640159606934,-0.1668662577867508,112.35603332519531,112.70237731933594,68.37802124023438,7.012697696685791,0.8216552734375,0.997166633605957,7.62176641728729e-05,165.04562377929688,-5.727945804595947,fjkzg68o,6,0.25
95400.0,80400,0.49911147356033325,2.5435397624969482,-0.16353195905685425,121.55609130859375,121.798095703125,70.79817199707031,6.997112274169922,0.8839111328125,0.9974546432495117,7.339258445426822e-05,170.66720581054688,-5.021843910217285,fjkzg68o,6,0.25
106500.0,90450,0.4993034601211548,2.47951602935791,-0.14257682859897614,121.31270599365234,121.5118179321289,70.13835144042969,7.112060546875,0.8995361328125,0.9975214004516602,7.499132334487513e-05,177.10552978515625,-6.127161026000977,fjkzg68o,6,0.25
117150.0,100500,0.49895724654197693,2.263023614883423,-0.1203555017709732,89.3145751953125,89.56546020507812,67.13306427001953,7.469438552856445,0.87701416015625,0.9974949359893799,7.328663923544809e-05,134.79647827148438,-6.315913200378418,fjkzg68o,6,0.25
126450.0,110550,0.4994378685951233,2.470806360244751,-0.12474582344293594,129.8701629638672,130.0638885498047,71.35920715332031,7.267106056213379,0.900634765625,0.997539758682251,7.987725985003635e-05,200.7059783935547,-7.66925573348999,fjkzg68o,6,0.25
135750.0,120600,0.49958640336990356,2.5256571769714355,-0.12913881242275238,137.0762939453125,137.26260375976562,73.38973236083984,7.299264907836914,0.90045166015625,0.9975953102111816,8.184782200260088e-05,202.93661499023438,-6.195119380950928,fjkzg68o,6,0.25
146850.0,130650,0.499538779258728,2.4782047271728516,-0.11291717737913132,133.87860107421875,134.0435791015625,71.87589263916016,7.294705390930176,0.91455078125,0.9976346492767334,7.40068280720152e-05,196.5858917236328,-6.745587348937988,fjkzg68o,6,0.25
155250.0,140700,0.4996389150619507,2.444329261779785,-0.0830499529838562,137.2470245361328,137.3956298828125,72.22428894042969,7.42915153503418,0.92181396484375,0.9976787567138672,7.955362525535747e-05,224.08602905273438,-7.090631484985352,fjkzg68o,6,0.25
167100.0,150750,0.49964872002601624,2.481077194213867,-0.08746728301048279,137.3302001953125,137.49783325195312,73.33485412597656,7.4529547691345215,0.91412353515625,0.9976730346679688,8.452991460217163e-05,239.1850128173828,-7.974672794342041,fjkzg68o,6,0.25
176250.0,160800,0.4996582567691803,2.415311098098755,-0.06981827318668365,131.5011749267578,131.6644287109375,71.89947509765625,7.496642589569092,0.9168701171875,0.9976871013641357,7.528821879532188e-05,205.61514282226562,-8.52340316772461,fjkzg68o,6,0.25
186900.0,170850,0.49964091181755066,2.4033823013305664,-0.06057453528046608,120.09764099121094,120.24891662597656,70.78150177001953,7.431301116943359,0.92620849609375,0.997668981552124,7.389731763396412e-05,202.21194458007812,-7.732254981994629,fjkzg68o,6,0.25
195900.0,180900,0.4996311068534851,2.35758900642395,-0.06322725117206573,110.5197525024414,110.68453979492188,70.94071960449219,7.583147048950195,0.917236328125,0.9976809024810791,6.644644599873573e-05,178.6466064453125,-7.859960079193115,fjkzg68o,6,0.25
205350.0,190950,0.49975112080574036,2.5018863677978516,-0.04922018200159073,145.08123779296875,145.19308471679688,74.20185089111328,7.472052097320557,0.939208984375,0.9977784156799316,8.224861812777817e-05,245.78431701660156,-9.028470039367676,fjkzg68o,6,0.25
217200.0,201000,0.499695360660553,2.4135777950286865,-0.0390482023358345,131.1364288330078,131.26907348632812,72.03523254394531,7.520339488983154,0.93231201171875,0.9977431297302246,7.630680920556188e-05,223.10906982421875,-8.332670211791992,fjkzg68o,6,0.25
226800.0,211050,0.4996964931488037,2.5331358909606934,-0.03543727844953537,140.21058654785156,140.34490966796875,74.31169128417969,7.399251937866211,0.93341064453125,0.9977219104766846,7.905554230092093e-05,261.6564636230469,-8.86750602722168,fjkzg68o,6,0.25
237150.0,221100,0.4998118579387665,2.5915279388427734,-0.04405267909169197,146.63125610351562,146.73849487304688,75.01376342773438,7.29752254486084,0.95037841796875,0.9978158473968506,8.089344191830605e-05,246.52645874023438,-9.013660430908203,fjkzg68o,6,0.25
247050.0,231150,0.4998495280742645,2.4279394149780273,-0.03168356046080589,127.15934753417969,127.236328125,72.4140853881836,7.534759521484375,0.9617919921875,0.9979157447814941,7.752203964628279e-05,228.96847534179688,-8.169517517089844,fjkzg68o,6,0.25
256350.0,241200,0.49980849027633667,2.6133179664611816,-0.029601020738482475,147.84326171875,147.94271850585938,74.8923110961914,7.231081962585449,0.94769287109375,0.997793436050415,7.120443478925154e-05,262.83953857421875,-7.848699569702148,fjkzg68o,6,0.25
267900.0,251250,0.49974286556243896,2.5375118255615234,-0.022398751229047775,134.50112915039062,134.61312866210938,73.52984619140625,7.305782318115234,0.94073486328125,0.9977948665618896,7.916813774500042e-05,246.07254028320312,-8.624022483825684,fjkzg68o,6,0.25
277650.0,261300,0.49978476762771606,2.3946287631988525,-0.0184354055672884,119.36835479736328,119.45913696289062,71.32197570800781,7.5129828453063965,0.9583740234375,0.9978618621826172,7.911480497568846e-05,208.28326416015625,-8.305352210998535,fjkzg68o,6,0.25
286800.0,271350,0.49986955523490906,2.583604335784912,-0.016496051102876663,141.0194854736328,141.0847930908203,73.91032409667969,7.223534107208252,0.9644775390625,0.9979078769683838,7.359658775385469e-05,264.3023986816406,-9.393388748168945,fjkzg68o,6,0.25
296100.0,281400,0.4997698962688446,2.6361000537872314,-0.006625404581427574,139.84774780273438,139.9555206298828,74.7524185180664,7.146027565002441,0.94464111328125,0.9977855682373047,7.625897706020623e-05,268.92724609375,-8.025690078735352,fjkzg68o,6,0.25
307500.0,291450,0.4997718334197998,2.5688538551330566,-0.0018612321000546217,132.32962036132812,132.4365234375,73.06422424316406,7.169651985168457,0.94171142578125,0.9978513717651367,7.385275966953486e-05,261.6649169921875,-9.00834846496582,fjkzg68o,6,0.25
317550.0,301500,0.4995518624782562,2.3684656620025635,-0.002539164386689663,84.84322357177734,84.98109436035156,69.26402282714844,7.395241737365723,0.93084716796875,0.9977476596832275,7.335367990890518e-05,159.79690551757812,-8.025858879089355,fjkzg68o,6,0.25
326550.0,311550,0.4998443126678467,2.768754482269287,-0.00280572148039937,138.7598876953125,138.83657836914062,75.13214111328125,6.838045120239258,0.96002197265625,0.9978551864624023,7.529364665970206e-05,273.67962646484375,-7.256584644317627,fjkzg68o,6,0.25
338100.0,321600,0.49985671043395996,2.7215099334716797,-0.002724196296185255,131.44390869140625,131.51136779785156,74.07090759277344,6.868191719055176,0.96142578125,0.997875452041626,7.381827890640125e-05,267.9867248535156,-7.97408390045166,fjkzg68o,6,0.25
347250.0,331650,0.49980008602142334,2.606947898864746,-0.003044195007532835,116.1148910522461,116.20042419433594,71.73558807373047,6.963507652282715,0.9595947265625,0.9979026317596436,7.693457882851362e-05,228.490966796875,-7.316312789916992,fjkzg68o,6,0.25
356400.0,341700,0.49983251094818115,2.713172435760498,0.003971769008785486,137.2758026123047,137.35397338867188,73.81988525390625,6.875328063964844,0.96221923828125,0.9979152679443359,7.765230839140713e-05,281.96417236328125,-7.5679779052734375,fjkzg68o,6,0.25
368250.0,351750,0.49982696771621704,2.798269033432007,0.001123773748986423,135.77493286132812,135.86524963378906,74.26426696777344,6.708555221557617,0.9560546875,0.9978306293487549,7.974154141265899e-05,275.65570068359375,-7.111085414886475,fjkzg68o,6,0.25
376350.0,361800,0.4998405873775482,2.765928030014038,0.0017031196039170027,122.64353942871094,122.71585083007812,73.4486083984375,6.709657669067383,0.9580078125,0.9979147911071777,7.373568951152265e-05,260.7170715332031,-6.959053993225098,fjkzg68o,6,0.25
387750.0,371850,0.49960416555404663,2.368574857711792,0.016501139849424362,76.58900451660156,76.70152282714844,66.59342956542969,7.147530555725098,0.94598388671875,0.9978091716766357,6.664433749392629e-05,148.8172607421875,-7.024534702301025,fjkzg68o,6,0.25
398100.0,381900,0.499817818403244,2.699646234512329,0.01543457806110382,129.45140075683594,129.53338623046875,72.58757019042969,6.807427406311035,0.9591064453125,0.9978971481323242,7.52962805563584e-05,278.9211120605469,-7.244733810424805,fjkzg68o,6,0.25
407550.0,391950,0.49988609552383423,2.6346254348754883,0.016542021185159683,113.5535888671875,113.60218811035156,71.77611541748047,6.893531799316406,0.98089599609375,0.9980134963989258,7.365225610556081e-05,234.88525390625,-7.698853969573975,fjkzg68o,6,0.25
417750.0,402000,0.499917209148407,2.9099597930908203,0.013000322505831718,132.520751953125,132.56341552734375,74.65068817138672,6.467230796813965,0.982421875,0.9980196952819824,7.808675582055002e-05,291.5123596191406,-8.215126037597656,fjkzg68o,6,0.25
426900.0,412050,0.4998282492160797,2.910379409790039,0.018702523782849312,129.50979614257812,129.59500122070312,73.82719421386719,6.419776439666748,0.95751953125,0.9978785514831543,7.509924762416631e-05,288.90875244140625,-8.276664733886719,fjkzg68o,6,0.25
436650.0,422100,0.499734491109848,2.504490613937378,0.024888817220926285,98.17658996582031,98.27301025390625,67.06431579589844,6.826811790466309,0.94989013671875,0.9978516101837158,8.17994587123394e-05,198.89767456054688,-7.489068031311035,fjkzg68o,6,0.25
447600.0,432150,0.49967697262763977,2.441960334777832,0.022743601351976395,76.37437438964844,76.46612548828125,64.37043762207031,6.755692481994629,0.96051025390625,0.9978933334350586,7.119857764337212e-05,157.60772705078125,-7.039156913757324,fjkzg68o,6,0.25
456150.0,442200,0.4998700022697449,2.852130889892578,0.030116604641079903,126.7445068359375,126.81151580810547,71.79772186279297,6.389077186584473,0.96978759765625,0.9979476928710938,6.936953286640346e-05,281.1444091796875,-8.003742218017578,fjkzg68o,6,0.25
467401.0,452250,0.4998417794704437,2.617713451385498,0.019817199558019638,107.33505249023438,107.39579010009766,68.69574737548828,6.674490451812744,0.97137451171875,0.9979057312011719,7.521834049839526e-05,238.3622589111328,-7.1432037353515625,fjkzg68o,6,0.25
477150.0,462300,0.49978238344192505,2.353553056716919,0.033385634422302246,74.30902862548828,74.36895751953125,63.43334197998047,6.8997039794921875,0.9776611328125,0.9980068206787109,6.834855594206601e-05,166.97622680664062,-7.062615871429443,fjkzg68o,6,0.25
489000.0,472350,0.49985000491142273,2.7905263900756836,0.028897695243358612,119.53068542480469,119.59373474121094,70.5492935180664,6.3977370262146,0.96966552734375,0.9979305267333984,8.080355473794043e-05,271.91204833984375,-9.357561111450195,fjkzg68o,6,0.25
497100.0,482400,0.4998554587364197,2.7316412925720215,0.024321533739566803,111.78176879882812,111.84259033203125,69.487060546875,6.486374855041504,0.976806640625,0.9979465007781982,7.150013698264956e-05,253.5746307373047,-8.1259126663208,fjkzg68o,6,0.25
506850.0,492450,0.49963319301605225,2.460604429244995,0.0282214917242527,74.01054382324219,74.11875915527344,63.650718688964844,6.611988067626953,0.94677734375,0.9978570938110352,7.22034164937213e-05,173.83016967773438,-9.838092803955078,fjkzg68o,6,0.25
518700.0,502500,0.4998399019241333,2.9768126010894775,0.02824229560792446,121.47886657714844,121.5498046875,72.14155578613281,6.184380054473877,0.962890625,0.9979283809661865,7.371675746981055e-05,272.3279113769531,-7.650080680847168,fjkzg68o,6,0.25
528600.0,512550,0.4997348487377167,2.4499833583831787,0.032264139503240585,85.2061538696289,85.29092407226562,65.69715118408203,6.8850555419921875,0.9617919921875,0.9979195594787598,6.679170473944396e-05,206.18048095703125,-8.160390853881836,fjkzg68o,6,0.25
536700.0,522600,0.4998854398727417,2.9309821128845215,0.035213544964790344,118.4393310546875,118.48614501953125,70.40396118164062,6.073648929595947,0.97796630859375,0.9979476928710938,6.539005698869005e-05,275.12933349609375,-8.107378005981445,fjkzg68o,6,0.25
547050.0,532650,0.4998173713684082,2.8972983360290527,0.032991617918014526,112.09119415283203,112.16316223144531,68.69093322753906,6.040469169616699,0.96856689453125,0.9979455471038818,6.937983562238514e-05,256.8930358886719,-9.125371932983398,fjkzg68o,6,0.25
559050.0,542700,0.4998280107975006,2.533836603164673,0.028416700661182404,87.61783599853516,87.67147827148438,63.53111267089844,6.4929986000061035,0.982666015625,0.9979891777038574,6.384190055541694e-05,217.72914123535156,-8.383027076721191,fjkzg68o,6,0.25
567900.0,552750,0.49985644221305847,3.085808753967285,0.02562776952981949,113.54955291748047,113.61152648925781,70.45616912841797,5.785210609436035,0.96917724609375,0.9979274272918701,7.074650784488767e-05,271.6445007324219,-9.244651794433594,fjkzg68o,6,0.25
577200.0,562800,0.4999072551727295,3.0712313652038574,0.03813048452138901,112.42880249023438,112.4686508178711,70.03799438476562,5.808053970336914,0.98419189453125,0.9980008602142334,6.904422480147332e-05,271.961181640625,-6.916347503662109,fjkzg68o,6,0.25
589200.0,572850,0.4998776912689209,2.907282590866089,0.029606617987155914,104.66627502441406,104.7166748046875,67.93861389160156,5.954023838043213,0.97265625,0.9979507923126221,6.644913810305297e-05,249.43511962890625,-8.812057495117188,fjkzg68o,6,0.25
599400.0,582900,0.49980655312538147,2.5433270931243896,0.03661556541919708,73.82254028320312,73.87487030029297,62.831748962402344,6.345543384552002,0.9779052734375,0.998032808303833,6.920269515831023e-05,173.03868103027344,-8.037891387939453,fjkzg68o,6,0.25
607500.0,592950,0.4998583495616913,3.0836620330810547,0.03580686077475548,108.66227722167969,108.71937561035156,69.95858764648438,5.761838912963867,0.97210693359375,0.9979672431945801,6.991148256929591e-05,271.51409912109375,-7.548595428466797,fjkzg68o,6,0.25
619500.0,603000,0.49973776936531067,2.7245535850524902,0.026267070323228836,91.0704345703125,91.16047668457031,65.2423095703125,6.133449554443359,0.95672607421875,0.9978814125061035,6.930818199180067e-05,221.21449279785156,-7.830581188201904,fjkzg68o,6,0.25
627300.0,613050,0.4998757243156433,3.12859845161438,0.026299912482500076,108.9490966796875,109.00276947021484,70.759765625,5.773891448974609,0.9776611328125,0.9979496002197266,7.561301026726142e-05,268.847412109375,-6.969497203826904,fjkzg68o,6,0.25
637950.0,623100,0.49988996982574463,3.100158214569092,0.033079348504543304,106.22915649414062,106.2733154296875,68.54393005371094,5.633596897125244,0.98089599609375,0.998021125793457,7.531068695243448e-05,267.72869873046875,-7.478297233581543,fjkzg68o,6,0.25
648450.0,633150,0.49988335371017456,2.7673768997192383,0.04972720891237259,85.28739929199219,85.32618713378906,64.93270874023438,6.090861797332764,0.98846435546875,0.9980440139770508,6.595002196263522e-05,216.69900512695312,-7.7073974609375,fjkzg68o,6,0.25
657750.0,643200,0.49989619851112366,3.134554862976074,0.04913278669118881,106.5207290649414,106.56179809570312,68.21756744384766,5.564657211303711,0.9769287109375,0.9979815483093262,6.534175190608948e-05,285.0240783691406,-8.579792022705078,fjkzg68o,6,0.25
669900.0,653250,0.4998554289340973,3.120832920074463,0.044642895460128784,103.44268798828125,103.50306701660156,68.81703186035156,5.698246002197266,0.97369384765625,0.9979393482208252,6.864283204777166e-05,280.9490966796875,-7.327767848968506,fjkzg68o,6,0.25
678450.0,663300,0.4996259808540344,2.3947267532348633,0.0429285392165184,58.06081771850586,58.14585876464844,56.79759979248047,6.172872066497803,0.9638671875,0.9979181289672852,6.961217877687886e-05,159.9212646484375,-8.125839233398438,fjkzg68o,6,0.25
689100.0,673350,0.49982720613479614,3.0103163719177246,0.04899062216281891,99.3299789428711,99.39350891113281,65.92860412597656,5.650674819946289,0.97125244140625,0.997929573059082,7.744152389932424e-05,266.5234375,-7.133792400360107,fjkzg68o,6,0.25
699900.0,683400,0.49987566471099854,3.012847423553467,0.043156079947948456,93.16947937011719,93.21392059326172,66.21331024169922,5.677699089050293,0.981201171875,0.9979729652404785,6.934741395525634e-05,247.82720947265625,-7.044711112976074,fjkzg68o,6,0.25
708750.0,693450,0.4998658299446106,3.133553981781006,0.037140168249607086,103.6909408569336,103.74449920654297,68.31476593017578,5.575409889221191,0.969970703125,0.9979581832885742,7.272043148986995e-05,270.375732421875,-8.664215087890625,fjkzg68o,6,0.25
718200.0,703500,0.499841570854187,3.014409065246582,0.04315881431102753,94.44094848632812,94.49544525146484,65.95763397216797,5.6831865310668945,0.9722900390625,0.9979255199432373,7.17016082489863e-05,255.6878662109375,-8.987491607666016,fjkzg68o,6,0.25
730200.0,713550,0.49970972537994385,2.2616329193115234,0.04948212206363678,51.40175247192383,51.465858459472656,52.97671127319336,6.119235038757324,0.97637939453125,0.9979705810546875,6.911944365128875e-05,142.42803955078125,-6.7856903076171875,fjkzg68o,6,0.25
738000.0,723600,0.49989640712738037,3.079519748687744,0.049231261014938354,91.36331176757812,91.39969635009766,65.39236450195312,5.523331642150879,0.98272705078125,0.9980137348175049,7.422416820190847e-05,265.3113098144531,-8.231966018676758,fjkzg68o,6,0.25
749400.0,733650,0.49980390071868896,2.7964115142822266,0.04981037974357605,71.35328674316406,71.40391540527344,59.5556640625,5.564213752746582,0.97735595703125,0.9980101585388184,6.854312232462689e-05,198.65904235839844,-8.190743446350098,fjkzg68o,6,0.25
759600.0,743700,0.499687522649765,2.4016056060791016,0.05836011469364166,56.109947204589844,56.17805480957031,55.37169647216797,6.123475551605225,0.97412109375,0.9980003833770752,6.859959103167057e-05,155.44015502929688,-7.785391807556152,fjkzg68o,6,0.25
770400.0,753750,0.49985840916633606,3.2055633068084717,0.05065903812646866,91.42243957519531,91.47071075439453,66.24034118652344,5.397856712341309,0.982421875,0.9979836940765381,7.016737072262913e-05,275.012451171875,-8.102012634277344,fjkzg68o,6,0.25
778950.0,763800,0.4998975098133087,3.0011203289031982,0.047683365643024445,80.69999694824219,80.7276382446289,63.15050506591797,5.50661563873291,0.9874267578125,0.9980545043945312,7.573902985313907e-05,244.74945068359375,-7.9476704597473145,fjkzg68o,6,0.25
790350.0,773850,0.49963581562042236,2.5128931999206543,0.04772728681564331,52.225318908691406,52.29497528076172,54.28337097167969,5.784143447875977,0.97314453125,0.9979763031005859,7.903334335424006e-05,152.7751922607422,-7.845132827758789,fjkzg68o,6,0.25
798900.0,783900,0.4998326897621155,3.0543458461761475,0.050035085529088974,84.7168960571289,84.77055358886719,63.49305725097656,5.467409610748291,0.9786376953125,0.9979729652404785,6.938881415408105e-05,256.798095703125,-8.730107307434082,fjkzg68o,6,0.25
809700.0,793950,0.4997531771659851,2.676607608795166,0.044018350541591644,64.50733947753906,64.56910705566406,58.05677795410156,5.78061580657959,0.97491455078125,0.9979829788208008,6.737773946952075e-05,199.692138671875,-7.849074363708496,fjkzg68o,6,0.25
819600.0,804000,0.4998392164707184,3.0290775299072266,0.05325061455368996,71.04718017578125,71.09550476074219,60.868141174316406,5.263516902923584,0.9788818359375,0.9980475902557373,7.347531209234148e-05,217.58126831054688,-8.370487213134766,fjkzg68o,6,0.25
828150.0,814050,0.4996780455112457,2.6801650524139404,0.04186325892806053,48.204551696777344,48.261295318603516,52.02641296386719,5.107982635498047,0.97991943359375,0.997990608215332,7.652700878679752e-05,138.55621337890625,-7.797267913818359,fjkzg68o,6,0.25
839250.0,824100,0.499844491481781,3.153822898864746,0.038788504898548126,78.86424255371094,78.90998840332031,64.87935638427734,5.490410327911377,0.97802734375,0.9979438781738281,7.135339546948671e-05,251.36651611328125,-8.75285816192627,fjkzg68o,6,0.25
849000.0,834150,0.49984675645828247,3.1212267875671387,0.05088556185364723,69.96470642089844,70.00843811035156,62.53340530395508,5.27556037902832,0.9786376953125,0.9980082511901855,7.384602940874174e-05,215.22764587402344,-8.128995895385742,fjkzg68o,6,0.25
860250.0,844200,0.49966615438461304,2.7932910919189453,0.04775146022439003,55.75648498535156,55.82667541503906,56.4442253112793,5.359630107879639,0.9649658203125,0.9979925155639648,7.22642507753335e-05,172.3896484375,-8.476749420166016,fjkzg68o,6,0.25
870450.0,854250,0.49981701374053955,3.408956527709961,0.042343638837337494,81.31202697753906,81.36868286132812,64.96615600585938,4.97564697265625,0.972900390625,0.9979395866394043,7.69776088418439e-05,261.81011962890625,-7.9168009757995605,fjkzg68o,6,0.25
880200.0,864300,0.4997684359550476,3.11519193649292,0.04701365903019905,74.22074890136719,74.28511047363281,61.94984817504883,5.236231803894043,0.96942138671875,0.9979114532470703,7.719571294728667e-05,234.30978393554688,-7.574830532073975,fjkzg68o,6,0.25
890700.0,874350,0.49983352422714233,3.3531653881073,0.05294739827513695,80.33137512207031,80.38204193115234,65.72412109375,5.217065811157227,0.97869873046875,0.9979844093322754,7.3988463554997e-05,271.0971374511719,-12.265461921691895,fjkzg68o,6,0.25
899250.0,884400,0.4998590350151062,3.0799264907836914,0.0537070631980896,68.4801254272461,68.51790618896484,61.951541900634766,5.386446475982666,0.981201171875,0.9980258941650391,7.644192373845726e-05,234.69549560546875,-9.517926216125488,fjkzg68o,6,0.25
910650.0,894450,0.4996500611305237,2.5983080863952637,0.05343899875879288,50.24089050292969,50.30840301513672,53.982513427734375,5.598533630371094,0.968994140625,0.9979727268218994,7.63631978770718e-05,169.62237548828125,-7.902040004730225,fjkzg68o,6,0.25
918600.0,904500,0.4998909831047058,3.552205801010132,0.05420789122581482,71.90997314453125,71.93577575683594,63.54289627075195,4.6619648933410645,0.9903564453125,0.9980683326721191,7.618988456670195e-05,257.7308349609375,-8.290855407714844,fjkzg68o,6,0.25
928800.0,914550,0.4998170733451843,3.3377597332000732,0.04827224463224411,70.5042724609375,70.55313110351562,61.80109786987305,4.911994934082031,0.98358154296875,0.9979748725891113,7.81159324105829e-05,259.5803527832031,-9.362165451049805,fjkzg68o,6,0.25
939300.0,924600,0.4996515214443207,2.666383981704712,0.0631781816482544,49.5467414855957,49.60901641845703,54.514488220214844,5.540726184844971,0.97393798828125,0.997992753982544,7.223545253509656e-05,170.02085876464844,-7.496689796447754,fjkzg68o,6,0.25
949500.0,934650,0.4998735785484314,3.399688482284546,0.0565192736685276,72.50990295410156,72.54376220703125,64.72370910644531,5.120477199554443,0.98394775390625,0.9979991912841797,7.36595902708359e-05,255.2811737060547,-8.461524963378906,fjkzg68o,6,0.25
959400.0,944700,0.49969857931137085,2.8873777389526367,0.05000866949558258,51.392494201660156,51.45094299316406,56.14775848388672,5.25385856628418,0.97784423828125,0.9980106353759766,7.496628677472472e-05,188.42538452148438,-7.389256477355957,fjkzg68o,6,0.25
970050.0,954750,0.4998377561569214,3.6921041011810303,0.05595588684082031,70.88160705566406,70.923583984375,65.2125473022461,4.610058784484863,0.97900390625,0.9979958534240723,7.438240572810173e-05,259.50146484375,-8.461085319519043,fjkzg68o,6,0.25
981450.0,964800,0.49975281953811646,3.2159361839294434,0.0444161519408226,57.37852478027344,57.434383392333984,58.15729522705078,4.827881813049316,0.97772216796875,0.9979679584503174,8.129620255203918e-05,214.36996459960938,-8.140236854553223,fjkzg68o,6,0.25
990000.0,974850,0.49976879358291626,3.1494712829589844,0.04868125170469284,54.80049133300781,54.84845733642578,59.160831451416016,5.108662128448486,0.9791259765625,0.998016357421875,7.721685688011348e-05,212.74627685546875,-8.164098739624023,fjkzg68o,6,0.25
1000950.0,984900,0.49986374378204346,3.723632335662842,0.05737357586622238,66.73006439208984,66.76139831542969,65.03455352783203,4.604869842529297,0.98223876953125,0.9979941844940186,6.911854143254459e-05,260.94677734375,-8.234794616699219,fjkzg68o,6,0.25
24900.0,10050,0.4858729839324951,6.310678482055664,-0.01197315938770771,16.110713958740234,16.7823429107666,24.150447845458984,5.743120193481445,0.67669677734375,0.9964854717254639,4.7635912778787315e-05,89.94705200195312,2.178679943084717,zzmh3x9x,5,1.5
34500.0,20100,0.48884305357933044,6.74701452255249,0.005995902232825756,16.639680862426758,17.129398345947266,24.43634033203125,5.443090438842773,0.760009765625,0.9968276023864746,4.592820187099278e-05,97.97264099121094,0.8020827770233154,zzmh3x9x,5,1.5
46350.0,30150,0.49191349744796753,7.047060489654541,0.03145083785057068,18.070825576782227,18.545360565185547,24.86983299255371,5.302365303039551,0.76531982421875,0.9969305992126465,4.986979911336675e-05,109.00182342529297,-2.0477914810180664,zzmh3x9x,5,1.5
55500.0,40200,0.494110107421875,7.384812355041504,0.06642188131809235,19.24367904663086,19.609580993652344,25.08926773071289,5.108015537261963,0.807373046875,0.9971086978912354,5.4085518058855087e-05,131.42478942871094,-5.580476760864258,zzmh3x9x,5,1.5
65101.0,50250,0.4859302341938019,6.610013484954834,0.03960002213716507,10.494098663330078,10.978534698486328,21.140750885009766,4.95956563949585,0.76953125,0.9968862533569336,6.246323027880862e-05,72.60844421386719,-5.181406497955322,zzmh3x9x,5,1.5
75450.0,60300,0.49472251534461975,8.164464950561523,0.07076112926006317,18.52334976196289,18.838056564331055,25.585845947265625,4.737000942230225,0.82745361328125,0.9971966743469238,6.160767952678725e-05,150.0758819580078,-7.166064739227295,zzmh3x9x,5,1.5
85350.0,70350,0.49293699860572815,7.591965675354004,0.04700513929128647,13.070965766906738,13.363077163696289,23.831043243408203,4.884624481201172,0.850830078125,0.9973495006561279,5.8592126151779667e-05,115.79264831542969,-6.229355335235596,zzmh3x9x,5,1.5
96900.0,80400,0.4955529570579529,8.858964920043945,0.07130266726016998,16.821388244628906,17.04689598083496,25.951385498046875,4.458003520965576,0.8828125,0.997485876083374,6.075385317672044e-05,157.7730712890625,-6.611513137817383,zzmh3x9x,5,1.5
106950.0,90450,0.49228110909461975,7.5349860191345215,0.04800355061888695,10.008556365966797,10.241878509521484,22.291229248046875,4.626411437988281,0.8868408203125,0.9974699020385742,6.073072290746495e-05,110.60150146484375,-5.841055870056152,zzmh3x9x,5,1.5
116701.0,100500,0.49535071849823,9.170034408569336,0.05802234262228012,14.072160720825195,14.253217697143555,25.93225860595703,4.342235088348389,0.90618896484375,0.9976074695587158,6.343597488012165e-05,175.80389404296875,-7.84440279006958,zzmh3x9x,5,1.5
125550.0,110550,0.49274975061416626,9.041692733764648,0.05194031447172165,11.045343399047852,11.250359535217285,24.523643493652344,4.1892194747924805,0.89703369140625,0.9975578784942627,6.114984716987237e-05,157.29556274414062,-6.474145412445068,zzmh3x9x,5,1.5
135150.0,120600,0.4938737750053406,10.174836158752441,0.06438129395246506,11.226642608642578,11.402865409851074,25.627941131591797,3.892418384552002,0.91326904296875,0.9976363182067871,6.504665361717343e-05,190.52886962890625,-6.874650955200195,zzmh3x9x,5,1.5
146850.0,130650,0.49393442273139954,10.254070281982422,0.06799151003360748,9.447816848754883,9.582683563232422,25.515953063964844,3.849839448928833,0.9288330078125,0.9977226257324219,6.755656067980453e-05,182.8271484375,-7.426261901855469,zzmh3x9x,5,1.5
156450.0,140700,0.49220892786979675,12.14108943939209,0.07049211114645004,9.509300231933594,9.689061164855957,26.02951431274414,3.343259811401367,0.9073486328125,0.9976634979248047,6.405870954040438e-05,211.65570068359375,-7.1236186027526855,zzmh3x9x,5,1.5
165601.0,150750,0.4909275770187378,11.91596794128418,0.05660547316074371,7.527799606323242,7.679625034332275,25.852813720703125,3.363410711288452,0.9219970703125,0.9976949691772461,6.036306876922026e-05,210.8735809326172,-7.240490913391113,zzmh3x9x,5,1.5
175800.0,160800,0.48893028497695923,6.569485187530518,0.07169396430253983,2.0277061462402344,2.033653736114502,17.33408546447754,4.330451965332031,0.9071044921875,0.9975700378417969,6.630874122492969e-05,73.09954833984375,-6.271906852722168,zzmh3x9x,5,1.5
185850.0,170850,0.48672813177108765,12.630050659179688,0.05022797733545303,5.456037998199463,5.591424942016602,25.903175354003906,3.2375566959381104,0.91937255859375,0.9977066516876221,6.299501546891406e-05,204.81280517578125,-6.925619602203369,zzmh3x9x,5,1.5
195450.0,180900,0.47902703285217285,9.022727966308594,0.0521872416138649,2.5822696685791016,2.673670530319214,21.520893096923828,3.8809361457824707,0.9189453125,0.9977209568023682,6.592512363567948e-05,125.279296875,-6.248664855957031,zzmh3x9x,5,1.5
205650.0,190950,0.47921445965766907,13.599258422851562,0.047398872673511505,3.8004674911499023,3.8919475078582764,25.95681381225586,3.1644287109375,0.931396484375,0.997715950012207,6.374394433805719e-05,204.2857666015625,-6.787657737731934,zzmh3x9x,5,1.5
217500.0,201000,0.48139262199401855,15.947877883911133,0.0348033607006073,3.1422321796417236,3.180870294570923,25.7314395904541,2.6282591819763184,0.94952392578125,0.997821569442749,6.19729544268921e-05,197.35760498046875,-6.636972904205322,zzmh3x9x,5,1.5
227700.0,211050,0.49658113718032837,10.662981986999512,0.04406243562698364,1.4648010730743408,1.4118156433105469,21.083168029785156,3.285430431365967,0.91632080078125,0.9976651668548584,6.106126238591969e-05,137.3563232421875,-6.232421875,zzmh3x9x,5,1.5
237600.0,221100,0.4760590195655823,16.744722366333008,0.033355459570884705,2.190338611602783,2.206831693649292,25.69351577758789,2.5751028060913086,0.92724609375,0.9977693557739258,6.469206709880382e-05,214.32611083984375,-6.33553409576416,zzmh3x9x,5,1.5
247800.0,231150,0.4972788691520691,12.007368087768555,0.05094989389181137,1.5701186656951904,1.5028760433197021,24.172225952148438,3.321214199066162,0.94500732421875,0.9978044033050537,6.571441190317273e-05,199.92575073242188,-6.865964889526367,zzmh3x9x,5,1.5
257550.0,241200,0.5582108497619629,7.621483325958252,0.03980502113699913,1.316713809967041,0.9634568095207214,18.83726692199707,4.131590843200684,0.920166015625,0.9976792335510254,6.37862685834989e-05,103.5943374633789,-5.892331123352051,zzmh3x9x,5,1.5
267300.0,251250,0.5553610324859619,14.479525566101074,0.046077776700258255,1.2789223194122314,0.9415357112884521,24.599903106689453,2.7722015380859375,0.95220947265625,0.9977977275848389,6.45518593955785e-05,227.27920532226562,-6.822761535644531,zzmh3x9x,5,1.5
276750.0,261300,0.5626295804977417,12.677206039428711,0.04672062024474144,1.1113896369934082,0.7765247821807861,24.249317169189453,3.105790138244629,0.94122314453125,0.9977707862854004,6.33240124443546e-05,202.49899291992188,-6.662923812866211,zzmh3x9x,5,1.5
286200.0,271350,0.5459541082382202,6.823454856872559,0.07558037340641022,1.7950289249420166,1.342363953590393,17.75199317932129,4.497752666473389,0.953125,0.9977664947509766,6.96153292665258e-05,96.87254333496094,-6.431329727172852,zzmh3x9x,5,1.5
295950.0,281400,0.5841940641403198,13.079370498657227,0.028340602293610573,1.219099998474121,0.8051527142524719,24.305274963378906,3.0693578720092773,0.9537353515625,0.9978504180908203,6.351109186653048e-05,212.88259887695312,-7.0125861167907715,zzmh3x9x,5,1.5
307500.0,291450,0.5469515919685364,11.080889701843262,0.045366451144218445,1.1141602993011475,0.8715348243713379,22.752391815185547,3.437274217605591,0.969970703125,0.9979422092437744,6.19058555457741e-05,189.17550659179688,-6.417582988739014,zzmh3x9x,5,1.5
317251.0,301500,0.5782970786094666,13.820533752441406,0.030526243150234222,1.153039574623108,0.7744958996772766,24.477994918823242,2.993166923522949,0.9647216796875,0.9979286193847656,6.740041135344654e-05,208.07545471191406,-6.270943641662598,zzmh3x9x,5,1.5
327000.0,311550,0.5683475136756897,13.609460830688477,0.035573434084653854,1.2173340320587158,0.8715605735778809,24.163223266601562,2.9306602478027344,0.9541015625,0.9978559017181396,6.867724005132914e-05,214.14114379882812,-6.91541051864624,zzmh3x9x,5,1.5
337500.0,321600,0.5392374992370605,7.462158203125,0.05251486599445343,0.9678365588188171,0.7729793787002563,20.14580535888672,4.426836967468262,0.94854736328125,0.9978868961334229,6.471974484156817e-05,149.69076538085938,-5.990495681762695,zzmh3x9x,5,1.5
347250.0,331650,0.575984537601471,12.246124267578125,0.037540365010499954,1.2284486293792725,0.8233633041381836,24.14833641052246,3.2110402584075928,0.95404052734375,0.9978444576263428,6.50158035568893e-05,222.989013671875,-6.140561103820801,zzmh3x9x,5,1.5
357300.0,341700,0.551826536655426,11.25118350982666,0.034127287566661835,1.1636030673980713,0.9027880430221558,22.974334716796875,3.256359815597534,0.96630859375,0.9979298114776611,7.031683344393969e-05,192.37188720703125,-5.9707207679748535,zzmh3x9x,5,1.5
366751.0,351750,0.509845495223999,6.803162574768066,0.04377592355012894,1.5794591903686523,1.4327735900878906,17.988677978515625,4.362372875213623,0.947509765625,0.9978775978088379,6.2132028688211e-05,106.33512878417969,-5.876974105834961,zzmh3x9x,5,1.5
378150.0,361800,0.5404701232910156,12.695494651794434,0.019022827968001366,1.3297125101089478,1.0554872751235962,23.74729347229004,3.0349881649017334,0.958984375,0.997887372970581,6.4292129536625e-05,212.50460815429688,-6.494001388549805,zzmh3x9x,5,1.5
387600.0,371850,0.5422176122665405,12.110077857971191,0.035415783524513245,1.2355461120605469,0.9661768674850464,23.494384765625,3.1893374919891357,0.94000244140625,0.9977898597717285,6.215130269993097e-05,194.2994384765625,-5.601856231689453,zzmh3x9x,5,1.5
397500.0,381900,0.5160424709320068,6.804795265197754,0.036704711616039276,1.282522201538086,1.1517964601516724,19.39919662475586,4.6051177978515625,0.958984375,0.9979574680328369,6.742114783264697e-05,130.74673461914062,-5.732430934906006,zzmh3x9x,5,1.5
407550.0,391950,0.5285081267356873,10.447654724121094,0.030055316165089607,1.3724528551101685,1.1462979316711426,23.534618377685547,3.6391844749450684,0.97955322265625,0.9979937076568604,6.509613012894988e-05,206.29638671875,-6.942513942718506,zzmh3x9x,5,1.5
417001.0,402000,0.5129093527793884,8.506197929382324,0.038897011429071426,1.3867814540863037,1.245112657546997,21.01236343383789,3.9833812713623047,0.972412109375,0.997978925704956,6.841121648903936e-05,164.05032348632812,-5.990672588348389,zzmh3x9x,5,1.5
428550.0,412050,0.5264614224433899,11.134891510009766,0.02199510484933853,1.455111026763916,1.2171211242675781,23.35729217529297,3.421433925628662,0.96600341796875,0.9978995323181152,6.475061672972515e-05,206.4539031982422,-6.103994846343994,zzmh3x9x,5,1.5
438150.0,422100,0.5137617588043213,11.050293922424316,0.0355195626616478,1.6181330680847168,1.4397454261779785,23.331497192382812,3.565371036529541,0.963134765625,0.9978938102722168,5.85895286349114e-05,201.8386993408203,-5.56213903427124,zzmh3x9x,5,1.5
447900.0,432150,0.5079236626625061,9.921051025390625,0.0368691086769104,1.5661942958831787,1.4202470779418945,22.02678871154785,3.575443744659424,0.96282958984375,0.997908353805542,6.237054185476154e-05,182.55587768554688,-5.964745044708252,zzmh3x9x,5,1.5
457650.0,442200,0.516583263874054,12.442985534667969,0.02890721708536148,1.485838770866394,1.2699458599090576,23.29287338256836,3.0746381282806396,0.9549560546875,0.997870683670044,6.596087041543797e-05,211.98306274414062,-6.545963764190674,zzmh3x9x,5,1.5
467551.0,452250,0.5103118419647217,11.818132400512695,0.025562427937984467,1.633697509765625,1.453658103942871,23.39267349243164,3.237046718597412,0.97821044921875,0.9979586601257324,6.398249388439581e-05,212.91934204101562,-6.8639020919799805,zzmh3x9x,5,1.5
478650.0,462300,0.5010898113250732,8.8953857421875,0.03803810849785805,1.764556884765625,1.6556968688964844,21.91070556640625,4.047902584075928,0.9715576171875,0.9979314804077148,6.241026858333498e-05,200.03677368164062,-5.77815580368042,zzmh3x9x,5,1.5
487800.0,472350,0.5025573372840881,11.091798782348633,0.030122727155685425,1.6254091262817383,1.4970922470092773,22.920286178588867,3.3675668239593506,0.9869384765625,0.998039722442627,6.324987043626606e-05,211.58377075195312,-7.049825668334961,zzmh3x9x,5,1.5
497700.0,482400,0.4984189569950104,10.493511199951172,0.0352487713098526,1.6857354640960693,1.573454737663269,22.795494079589844,3.538106918334961,0.9810791015625,0.997983455657959,6.163599027786404e-05,208.34683227539062,-6.303672790527344,zzmh3x9x,5,1.5
506850.0,492450,0.5010064840316772,6.604397296905518,0.04558008909225464,2.1677303314208984,2.0898518562316895,18.932762145996094,4.76160192489624,0.96392822265625,0.997931718826294,5.606894410448149e-05,132.41574096679688,-5.452893257141113,zzmh3x9x,5,1.5
518400.0,502500,0.5002444386482239,11.119587898254395,0.024576077237725258,1.8827301263809204,1.7352498769760132,22.55316162109375,3.316375732421875,0.9639892578125,0.9978978633880615,6.168452091515064e-05,205.08792114257812,-6.223813533782959,zzmh3x9x,5,1.5
526650.0,512550,0.49691855907440186,7.424159049987793,0.05160387605428696,2.347832679748535,2.2719461917877197,20.386737823486328,4.598146438598633,0.97076416015625,0.9979608058929443,6.22119550826028e-05,163.96722412109375,-5.645139694213867,zzmh3x9x,5,1.5
537000.0,522600,0.4976791739463806,10.133790016174316,0.024814484640955925,1.996713399887085,1.8697965145111084,22.426990509033203,3.6597518920898438,0.96923828125,0.997929573059082,6.947927613509819e-05,199.6599578857422,-5.746742248535156,zzmh3x9x,5,1.5
547200.0,532650,0.4964715838432312,8.988199234008789,0.028545401990413666,2.26180362701416,2.155604362487793,21.1754150390625,3.820783853530884,0.95709228515625,0.9978954792022705,6.695867341477424e-05,174.59963989257812,-6.125696659088135,zzmh3x9x,5,1.5
559350.0,542700,0.4952639639377594,6.0769429206848145,0.05010407418012619,2.0739643573760986,2.0299487113952637,18.660663604736328,5.194827079772949,0.97918701171875,0.9980463981628418,6.341292464639992e-05,133.31689453125,-5.901230812072754,zzmh3x9x,5,1.5
568950.0,552750,0.49331557750701904,10.19531536102295,0.032712772488594055,2.069969654083252,1.9623833894729614,22.103073120117188,3.6187877655029297,0.96539306640625,0.997915506362915,6.39624850009568e-05,188.2555694580078,-6.19895076751709,zzmh3x9x,5,1.5
579150.0,562800,0.5013443827629089,6.3249311447143555,0.0317327119410038,2.319173812866211,2.240309715270996,18.306520462036133,4.7690815925598145,0.96112060546875,0.9979145526885986,5.691784099326469e-05,126.75942993164062,-5.124666213989258,zzmh3x9x,5,1.5
588750.0,572850,0.4925481677055359,8.964872360229492,0.030832607299089432,2.2586865425109863,2.1913657188415527,21.974170684814453,4.104802131652832,0.9793701171875,0.9979708194732666,7.065622048685327e-05,195.17611694335938,-6.032618522644043,zzmh3x9x,5,1.5
598800.0,582900,0.49428728222846985,9.93760871887207,0.022930335253477097,2.1082072257995605,2.016890048980713,21.903793334960938,3.610384941101074,0.97296142578125,0.9979627132415771,6.336972728604451e-05,189.56430053710938,-6.107988357543945,zzmh3x9x,5,1.5
608250.0,592950,0.5040566921234131,5.102377891540527,0.05469721555709839,2.6007492542266846,2.5266518592834473,16.04390525817871,5.322068214416504,0.97503662109375,0.9979391098022461,6.747434963472188e-05,93.75215148925781,-5.488039016723633,zzmh3x9x,5,1.5
617551.0,603000,0.495673805475235,8.124713897705078,0.0437207892537117,2.4463067054748535,2.3705544471740723,21.552875518798828,4.498434543609619,0.97894287109375,0.9979557991027832,6.896114791743457e-05,198.14266967773438,-5.922657012939453,zzmh3x9x,5,1.5
629550.0,613050,0.49992403388023376,7.748132705688477,0.04399245232343674,2.7056756019592285,2.644672393798828,19.671611785888672,4.350412368774414,0.9713134765625,0.9979662895202637,6.523393676616251e-05,151.13671875,-5.709913730621338,zzmh3x9x,5,1.5
639150.0,623100,0.498755544424057,5.954037666320801,0.048921406269073486,2.6679558753967285,2.6184773445129395,17.545047760009766,4.8799872398376465,0.98077392578125,0.9980130195617676,6.280514935497195e-05,119.33270263671875,-5.590553283691406,zzmh3x9x,5,1.5
648300.0,633150,0.4888746738433838,9.683243751525879,0.03310724347829819,2.500426769256592,2.4093408584594727,21.736087799072266,3.7257113456726074,0.9786376953125,0.9979760646820068,6.399110134225339e-05,194.63963317871094,-5.900467395782471,zzmh3x9x,5,1.5
659550.0,643200,0.49866437911987305,7.555873394012451,0.04417834430932999,2.780378818511963,2.721503257751465,19.97406005859375,4.428657531738281,0.97039794921875,0.9979567527770996,5.672620318364352e-05,159.18511962890625,-6.030344009399414,zzmh3x9x,5,1.5
669300.0,653250,0.49740588665008545,7.041310787200928,0.04429105669260025,2.6740915775299072,2.620331287384033,19.207622528076172,4.60534143447876,0.9761962890625,0.9979653358459473,6.812614446971565e-05,152.0730743408203,-5.701457500457764,zzmh3x9x,5,1.5
679350.0,663300,0.4966321587562561,9.755293846130371,0.02727019041776657,2.286620616912842,2.1872005462646484,21.740863800048828,3.7291202545166016,0.966552734375,0.9979259967803955,6.815161759732291e-05,197.61807250976562,-5.633041858673096,zzmh3x9x,5,1.5
688950.0,673350,0.4907737970352173,9.10490608215332,0.030505258589982986,2.5619091987609863,2.505335569381714,21.344440460205078,3.9482507705688477,0.98486328125,0.9979953765869141,6.555550498887897e-05,187.16404724121094,-5.539477825164795,zzmh3x9x,5,1.5
699150.0,683400,0.5004881024360657,4.854320526123047,0.05413234233856201,2.862407684326172,2.816263198852539,15.704451560974121,5.534646034240723,0.977783203125,0.9979898929595947,7.103529787855223e-05,92.86235809326172,-5.399779319763184,zzmh3x9x,5,1.5
709500.0,693450,0.4946278929710388,8.301502227783203,0.032566219568252563,2.8346033096313477,2.7647695541381836,20.93484115600586,4.323988437652588,0.97015380859375,0.9979541301727295,6.544549978571013e-05,174.74832153320312,-5.8539838790893555,zzmh3x9x,5,1.5
718500.0,703500,0.49342459440231323,7.770073413848877,0.047477271407842636,2.7459187507629395,2.708881139755249,20.390254974365234,4.519565582275391,0.9849853515625,0.9980347156524658,5.976892134640366e-05,168.41201782226562,-5.661019325256348,zzmh3x9x,5,1.5
728850.0,713550,0.4994954764842987,6.2663092613220215,0.050141870975494385,2.688493490219116,2.6463518142700195,17.933135986328125,4.811245918273926,0.9853515625,0.9980318546295166,6.368580216076225e-05,127.02767944335938,-5.110293865203857,zzmh3x9x,5,1.5
739050.0,723600,0.4905083477497101,9.024680137634277,0.03985568881034851,2.5718154907226562,2.48887300491333,21.31977653503418,4.014474391937256,0.97515869140625,0.9979703426361084,6.467244384111837e-05,192.5631103515625,-6.079555511474609,zzmh3x9x,5,1.5
749850.0,733650,0.4987637400627136,6.452576637268066,0.048680976033210754,2.755197525024414,2.700878620147705,18.456024169921875,4.850872993469238,0.9736328125,0.9979770183563232,6.017627310939133e-05,137.16238403320312,-5.583681583404541,zzmh3x9x,5,1.5
759150.0,743700,0.4930245280265808,8.70907211303711,0.03071809932589531,2.512458324432373,2.446014642715454,21.03491973876953,4.047609806060791,0.97991943359375,0.9979863166809082,6.805305019952357e-05,185.32176208496094,-5.556096076965332,zzmh3x9x,5,1.5
768600.0,753750,0.49516844749450684,8.408071517944336,0.030702248215675354,2.7243528366088867,2.675090789794922,20.84099578857422,4.219013214111328,0.98291015625,0.9980192184448242,6.653752643615007e-05,180.02651977539062,-5.399372577667236,zzmh3x9x,5,1.5
778500.0,763800,0.49958622455596924,6.1894707679748535,0.05585067719221115,2.9552359580993652,2.910511016845703,17.531169891357422,4.7568769454956055,0.98406982421875,0.9980378150939941,6.426666368497536e-05,121.8101806640625,-4.874586582183838,zzmh3x9x,5,1.5
788550.0,773850,0.49296069145202637,9.226844787597656,0.031238801777362823,2.5619759559631348,2.514349937438965,20.999011993408203,3.836374044418335,0.983154296875,0.9980001449584961,6.386708992067724e-05,185.00692749023438,-5.4530792236328125,zzmh3x9x,5,1.5
800550.0,783900,0.4964543879032135,7.55296516418457,0.038278527557849884,2.926251173019409,2.8646721839904785,19.64458465576172,4.450439453125,0.9788818359375,0.9979727268218994,6.427962216548622e-05,167.1141815185547,-5.633305549621582,zzmh3x9x,5,1.5
810000.0,793950,0.4994100332260132,5.145557403564453,0.07121433317661285,3.137723922729492,3.085906505584717,15.894887924194336,5.332776069641113,0.97869873046875,0.99802565574646,6.675586337223649e-05,98.08946228027344,-5.259552001953125,zzmh3x9x,5,1.5
819300.0,804000,0.4939486086368561,8.097984313964844,0.030673926696181297,2.7532596588134766,2.70573353767395,20.691404342651367,4.381111145019531,0.982421875,0.9980044364929199,6.140903860796243e-05,184.6697540283203,-5.729066848754883,zzmh3x9x,5,1.5
830400.0,814050,0.4961451292037964,5.17679500579834,0.06379298865795135,2.714045524597168,2.6885976791381836,16.58550453186035,5.720725059509277,0.99139404296875,0.9981019496917725,6.0173166275490075e-05,109.20870208740234,-5.288929462432861,zzmh3x9x,5,1.5
840150.0,824100,0.4890345335006714,8.004167556762695,0.0369662344455719,2.6633787155151367,2.604813575744629,20.564708709716797,4.473010063171387,0.98187255859375,0.9979934692382812,7.327772618737072e-05,177.27345275878906,-6.456608772277832,zzmh3x9x,5,1.5
849900.0,834150,0.4979386031627655,6.871537685394287,0.04205704480409622,2.7474093437194824,2.693443775177002,18.765790939331055,4.6628804206848145,0.97772216796875,0.9979896545410156,6.93129695719108e-05,145.562255859375,-5.831137657165527,zzmh3x9x,5,1.5
859950.0,844200,0.49317699670791626,8.567647933959961,0.03370560705661774,2.457313299179077,2.3952531814575195,20.995635986328125,4.210052967071533,0.98309326171875,0.9980008602142334,6.428799679270014e-05,189.62359619140625,-6.086842060089111,zzmh3x9x,5,1.5
869850.0,854250,0.49471524357795715,8.295156478881836,0.035340625792741776,2.6470725536346436,2.6140027046203613,20.47308349609375,4.275436878204346,0.98797607421875,0.9980113506317139,5.801139195682481e-05,178.80450439453125,-6.353797912597656,zzmh3x9x,5,1.5
879600.0,864300,0.49782201647758484,5.063995361328125,0.05697140097618103,2.9935989379882812,2.952463150024414,16.017608642578125,5.777103424072266,0.985595703125,0.9980378150939941,6.315959763014689e-05,105.32850646972656,-5.551357269287109,zzmh3x9x,5,1.5
888900.0,874350,0.49093198776245117,8.705120086669922,0.026630166918039322,2.744408130645752,2.7112998962402344,20.64602279663086,3.9765734672546387,0.99261474609375,0.9980504512786865,6.998169556027278e-05,178.74049377441406,-6.040095329284668,zzmh3x9x,5,1.5
900750.0,884400,0.5000472068786621,5.791295051574707,0.05032656341791153,2.8884482383728027,2.8370442390441895,16.75758934020996,5.119300842285156,0.97882080078125,0.9980347156524658,6.30988652119413e-05,118.96222686767578,-5.373995304107666,zzmh3x9x,5,1.5
910200.0,894450,0.4889615774154663,8.74581527709961,0.029323086142539978,2.828667163848877,2.768716812133789,20.377277374267578,4.001752853393555,0.97930908203125,0.9979770183563232,7.049761188682169e-05,176.88641357421875,-5.648119926452637,zzmh3x9x,5,1.5
919050.0,904500,0.5008785724639893,6.468196392059326,0.04213166981935501,2.984802722930908,2.9400153160095215,17.982643127441406,4.877542495727539,0.97857666015625,0.9979884624481201,6.168715481180698e-05,138.3730010986328,-5.18460750579834,zzmh3x9x,5,1.5
929250.0,914550,0.4918822944164276,7.502095699310303,0.04076792299747467,2.8005757331848145,2.745807647705078,20.197784423828125,4.530464172363281,0.9891357421875,0.9980123043060303,6.325439608190209e-05,177.08212280273438,-6.25811767578125,zzmh3x9x,5,1.5
941100.0,924600,0.4971829652786255,5.9586181640625,0.06492729485034943,2.843670606613159,2.80580472946167,17.92120361328125,5.333975315093994,0.98626708984375,0.9980349540710449,5.8979607274523005e-05,140.95480346679688,-5.918768882751465,zzmh3x9x,5,1.5
951000.0,934650,0.49083149433135986,8.539237976074219,0.03126159682869911,2.777958869934082,2.7240991592407227,20.122161865234375,4.061588287353516,0.981689453125,0.9980194568634033,7.269977504620329e-05,171.84719848632812,-6.175577640533447,zzmh3x9x,5,1.5
960750.0,944700,0.49908679723739624,5.750738143920898,0.06270946562290192,3.2081098556518555,3.1487948894500732,17.483516693115234,5.422829627990723,0.97491455078125,0.9979891777038574,6.301515531959012e-05,138.60122680664062,-5.554588317871094,zzmh3x9x,5,1.5
970200.0,954750,0.49141520261764526,7.768032073974609,0.03826591372489929,2.9689602851867676,2.925143241882324,19.661293029785156,4.418973922729492,0.98565673828125,0.9980068206787109,6.1185157392174e-05,172.89053344726562,-6.235626220703125,zzmh3x9x,5,1.5
981000.0,964800,0.4944409430027008,6.644761085510254,0.05213480815291405,3.008009910583496,2.9769139289855957,18.63829803466797,4.960250377655029,0.991455078125,0.9980518817901611,5.626193160424009e-05,150.27220153808594,-5.36716365814209,zzmh3x9x,5,1.5
990900.0,974850,0.4966520071029663,7.397380828857422,0.046640973538160324,2.8732807636260986,2.827620506286621,19.88578224182129,4.5234880447387695,0.98138427734375,0.9980177879333496,7.025147351669148e-05,169.60479736328125,-5.750427722930908,zzmh3x9x,5,1.5
1000350.0,984900,0.49620336294174194,6.717106342315674,0.03560253977775574,3.165496349334717,3.1266043186187744,18.474702835083008,4.7480058670043945,0.9862060546875,0.9980344772338867,6.0824597312603146e-05,148.992431640625,-6.13260555267334,zzmh3x9x,5,1.5
24900.0,10050,0.48548078536987305,4.2110772132873535,-0.07075206935405731,17.444910049438477,18.128690719604492,19.884464263916016,7.084535598754883,0.63848876953125,0.9961972236633301,4.603868001140654e-05,50.68353271484375,0.7594962120056152,9qpjrt0b,7,1.5
36600.0,20100,0.4875832200050354,4.350921630859375,0.01789051666855812,18.985475540161133,19.517349243164062,20.61343765258789,7.113766193389893,0.721435546875,0.9966280460357666,4.5148732169764116e-05,62.5697021484375,-1.8835140466690063,9qpjrt0b,7,1.5
46050.0,30150,0.4868311285972595,4.8082451820373535,0.07091818004846573,21.210216522216797,21.721323013305664,21.522937774658203,6.7224931716918945,0.7520751953125,0.9968287944793701,4.953415918862447e-05,76.03057861328125,-4.639799118041992,9qpjrt0b,7,1.5
55500.0,40200,0.49382659792900085,5.137755393981934,0.06007169559597969,25.793827056884766,26.228933334350586,22.88205337524414,6.687725067138672,0.789794921875,0.9969358444213867,5.1623435865622014e-05,101.33952331542969,-8.002358436584473,9qpjrt0b,7,1.5
66900.0,50250,0.4941180348396301,5.514630317687988,0.08984364569187164,24.957061767578125,25.300945281982422,22.80335807800293,6.2168378829956055,0.81610107421875,0.9972271919250488,5.619083094643429e-05,112.11798858642578,-7.590695381164551,9qpjrt0b,7,1.5
75300.0,60300,0.4846767783164978,5.168641090393066,0.08524227142333984,12.167861938476562,12.526199340820312,19.47161102294922,5.674871444702148,0.82464599609375,0.997201681137085,6.35547039564699e-05,64.30110168457031,-5.676083564758301,9qpjrt0b,7,1.5
84900.0,70350,0.49444326758384705,5.855125904083252,0.11593136936426163,25.17414093017578,25.444721221923828,23.25775909423828,5.969485759735107,0.86529541015625,0.9973881244659424,7.238076068460941e-05,133.88067626953125,-6.760709762573242,9qpjrt0b,7,1.5
96450.0,80400,0.4948464035987854,6.209914207458496,0.11413707584142685,24.796894073486328,25.022953033447266,23.408916473388672,5.669885158538818,0.88922119140625,0.997544527053833,6.572630809387192e-05,140.72921752929688,-6.616517066955566,9qpjrt0b,7,1.5
106350.0,90450,0.49304211139678955,6.49637508392334,0.11986719071865082,23.67215347290039,23.95252799987793,23.960622787475586,5.565540313720703,0.85687255859375,0.9973526000976562,7.641529373358935e-05,156.18008422851562,-7.149783134460449,9qpjrt0b,7,1.5
115951.0,100500,0.4946547746658325,6.889992713928223,0.12964943051338196,23.116151809692383,23.306034088134766,23.845829010009766,5.220756530761719,0.897705078125,0.9975805282592773,7.488680421374738e-05,160.41268920898438,-7.40110969543457,9qpjrt0b,7,1.5
126750.0,110550,0.49564191699028015,6.93074893951416,0.12224364280700684,23.50879669189453,23.697200775146484,24.32054901123047,5.306375503540039,0.9033203125,0.9975805282592773,7.158805965445936e-05,183.59976196289062,-6.852901458740234,9qpjrt0b,7,1.5
136350.0,120600,0.4944228529930115,7.353894233703613,0.13178347051143646,20.762451171875,20.955223083496094,23.99306869506836,4.9453535079956055,0.90032958984375,0.9976034164428711,7.317359268199652e-05,173.00946044921875,-6.999508380889893,9qpjrt0b,7,1.5
145500.0,130650,0.491513192653656,7.089872360229492,0.13448560237884521,12.036117553710938,12.248945236206055,21.173734664916992,4.56773567199707,0.89892578125,0.9975359439849854,7.284288585651666e-05,114.33869934082031,-6.077946662902832,9qpjrt0b,7,1.5
157050.0,140700,0.49238884449005127,8.080221176147461,0.12514236569404602,17.992290496826172,18.1677303314209,24.516189575195312,4.629719257354736,0.91180419921875,0.9976491928100586,7.422429916914552e-05,191.47686767578125,-6.953675270080566,9qpjrt0b,7,1.5
166651.0,150750,0.49481847882270813,8.176576614379883,0.11991764605045319,16.35334014892578,16.489078521728516,23.82819175720215,4.448199272155762,0.9306640625,0.9977293014526367,7.493062730645761e-05,181.641357421875,-7.275850772857666,9qpjrt0b,7,1.5
176850.0,160800,0.4927564263343811,8.959830284118652,0.11975856870412827,16.078054428100586,16.236602783203125,24.616119384765625,4.19686222076416,0.91827392578125,0.9976646900177002,7.784272020217031e-05,191.0166015625,-6.856566429138184,9qpjrt0b,7,1.5
186750.0,170850,0.49482041597366333,9.037609100341797,0.11515982449054718,14.027284622192383,14.118621826171875,24.296876907348633,4.111587047576904,0.95703125,0.9978082180023193,6.504903285531327e-05,203.85968017578125,-7.068084239959717,9qpjrt0b,7,1.5
196200.0,180900,0.4917007088661194,8.902716636657715,0.11474128067493439,10.771138191223145,10.90298843383789,23.146360397338867,4.050675868988037,0.9271240234375,0.9977431297302246,7.238057150971144e-05,176.95211791992188,-6.5616912841796875,9qpjrt0b,7,1.5
206400.0,190950,0.4907054901123047,10.32315444946289,0.11151108145713806,11.673053741455078,11.792313575744629,24.601558685302734,3.7258400917053223,0.9410400390625,0.9977476596832275,7.527397247031331e-05,207.82806396484375,-7.200871467590332,9qpjrt0b,7,1.5
216001.0,201000,0.49333739280700684,10.672279357910156,0.1009751632809639,9.089303970336914,9.173152923583984,24.519365310668945,3.5838069915771484,0.94879150390625,0.9978501796722412,7.318503776332363e-05,206.34954833984375,-6.814527988433838,9qpjrt0b,7,1.5
227700.0,211050,0.4899696707725525,11.031645774841309,0.10449700802564621,7.929956436157227,8.064570426940918,24.195514678955078,3.4212441444396973,0.92510986328125,0.9976952075958252,6.882614979986101e-05,197.98687744140625,-6.905632019042969,9qpjrt0b,7,1.5
237450.0,221100,0.496166855096817,7.224305152893066,0.13183951377868652,2.2957212924957275,2.1579318046569824,17.73143768310547,4.173190116882324,0.89898681640625,0.9974732398986816,7.388195808744058e-05,81.18429565429688,-5.780037879943848,9qpjrt0b,7,1.5
247800.0,231150,0.48531442880630493,12.341331481933594,0.08709408342838287,6.131895542144775,6.203826904296875,24.421710968017578,3.154540538787842,0.95697021484375,0.9978609085083008,7.522093073930591e-05,223.3874969482422,-7.3750200271606445,9qpjrt0b,7,1.5
257250.0,241200,0.48855677247047424,9.079161643981934,0.0784020870923996,2.673715829849243,2.6844019889831543,20.645952224731445,3.6806821823120117,0.92962646484375,0.9977109432220459,6.987943925196305e-05,135.32676696777344,-6.290554046630859,9qpjrt0b,7,1.5
267300.0,251250,0.4800559878349304,15.239113807678223,0.06471766531467438,4.587090969085693,4.679574966430664,25.05280876159668,2.633392810821533,0.92535400390625,0.9977173805236816,7.513644959544763e-05,232.22238159179688,-6.67512321472168,9qpjrt0b,7,1.5
276600.0,261300,0.48453596234321594,15.261194229125977,0.06923986971378326,3.695671558380127,3.7101645469665527,25.00420379638672,2.6308655738830566,0.9267578125,0.9977366924285889,6.821909482823685e-05,236.60433959960938,-7.640535831451416,9qpjrt0b,7,1.5
288000.0,271350,0.4908260703086853,12.109619140625,0.07383489608764648,2.5197527408599854,2.5234031677246094,23.18507957458496,3.102220058441162,0.935302734375,0.9977774620056152,7.493641169276088e-05,182.53836059570312,-6.704190731048584,9qpjrt0b,7,1.5
297750.0,281400,0.5356440544128418,9.526592254638672,0.0804600864648819,1.3503594398498535,1.1471387147903442,20.448793411254883,3.4295711517333984,0.94390869140625,0.9978134632110596,6.81700767017901e-05,135.59356689453125,-6.476328372955322,9qpjrt0b,7,1.5
306750.0,291450,0.4999811053276062,15.363666534423828,0.0589364618062973,2.3326449394226074,2.245548725128174,24.539138793945312,2.5946145057678223,0.9652099609375,0.9979064464569092,6.224797834875062e-05,241.13931274414062,-7.156558513641357,9qpjrt0b,7,1.5
316201.0,301500,0.5333083271980286,12.086883544921875,0.055981338024139404,1.4197640419006348,1.2097256183624268,22.0810489654541,3.005126953125,0.9588623046875,0.9978411197662354,6.593624857487157e-05,171.86593627929688,-6.009624481201172,9qpjrt0b,7,1.5
326550.0,311550,0.5282752513885498,8.643919944763184,0.056321874260902405,1.0783241987228394,0.8898312449455261,19.545034408569336,3.6510162353515625,0.947998046875,0.9978094100952148,6.28547859378159e-05,135.8291015625,-6.283892631530762,9qpjrt0b,7,1.5
336750.0,321600,0.560091495513916,14.988779067993164,0.052102237939834595,1.2627363204956055,0.928612232208252,23.725059509277344,2.624049186706543,0.9468994140625,0.9978220462799072,6.860231223981827e-05,223.79653930664062,-6.269142150878906,9qpjrt0b,7,1.5
346650.0,331650,0.5579472184181213,11.290619850158691,0.04650133103132248,1.1174798011779785,0.8289288878440857,22.235374450683594,3.156947612762451,0.93975830078125,0.9977700710296631,6.756673974450678e-05,192.66429138183594,-6.412502765655518,9qpjrt0b,7,1.5
357900.0,341700,0.5873082876205444,15.918684005737305,0.03376486524939537,1.2675703763961792,0.8105179071426392,23.583782196044922,2.3865675926208496,0.96868896484375,0.9979112148284912,6.824808951932937e-05,213.21054077148438,-6.886556148529053,9qpjrt0b,7,1.5
367351.0,351750,0.5664162039756775,13.767822265625,0.048696935176849365,1.1665489673614502,0.8100742101669312,23.718143463134766,2.7777745723724365,0.9571533203125,0.9978632926940918,6.909314834047109e-05,221.16510009765625,-6.563277244567871,9qpjrt0b,7,1.5
376500.0,361800,0.5502258539199829,10.501272201538086,0.04564804583787918,1.083489179611206,0.8367575407028198,22.103137969970703,3.38226318359375,0.95751953125,0.9978952407836914,7.192565681179985e-05,177.52426147460938,-6.063033580780029,9qpjrt0b,7,1.5
386250.0,371850,0.5282809734344482,6.669275283813477,0.042393963783979416,1.441983699798584,1.2152899503707886,17.700929641723633,4.284172534942627,0.95013427734375,0.997880220413208,7.402592746075243e-05,102.99964141845703,-6.209342956542969,9qpjrt0b,7,1.5
396150.0,381900,0.5627489686012268,12.254176139831543,0.036105044186115265,1.2928684949874878,0.9413372278213501,23.21821403503418,3.1280977725982666,0.96405029296875,0.9978904724121094,7.13600602466613e-05,210.00234985351562,-6.476842403411865,9qpjrt0b,7,1.5
408000.0,391950,0.53006911277771,9.706087112426758,0.04660133644938469,1.0958495140075684,0.9148576855659485,21.379980087280273,3.532398223876953,0.97003173828125,0.9979991912841797,7.215685036499053e-05,167.385009765625,-6.297166347503662,9qpjrt0b,7,1.5
417151.0,402000,0.574317216873169,13.887985229492188,0.03906923532485962,1.2852897644042969,0.8687714338302612,23.57366180419922,2.7962284088134766,0.9637451171875,0.9978725910186768,7.229237235151231e-05,227.88253784179688,-6.404489517211914,9qpjrt0b,7,1.5
426450.0,412050,0.5485238432884216,11.820101737976074,0.05028883367776871,1.1839134693145752,0.9044687747955322,22.987659454345703,3.16688871383667,0.9671630859375,0.9979367256164551,6.207531987456605e-05,212.70407104492188,-6.182886123657227,9qpjrt0b,7,1.5
438750.0,422100,0.5266834497451782,9.80361557006836,0.04603519290685654,1.230326771736145,1.0400701761245728,21.684654235839844,3.544670581817627,0.958251953125,0.997931718826294,6.638306513195857e-05,178.3736572265625,-6.134394645690918,9qpjrt0b,7,1.5
448050.0,432150,0.5225737690925598,7.455989837646484,0.061363302171230316,1.4814190864562988,1.25693678855896,18.98255157470703,4.1110429763793945,0.9552001953125,0.9978466033935547,6.291414320003241e-05,125.78985595703125,-5.787765979766846,9qpjrt0b,7,1.5
458250.0,442200,0.5422833561897278,12.942750930786133,0.037758685648441315,1.297950029373169,1.0162131786346436,23.663297653198242,2.9662256240844727,0.968505859375,0.9979245662689209,7.019560871412978e-05,215.74551391601562,-6.401432991027832,9qpjrt0b,7,1.5
467700.0,452250,0.5285521745681763,10.63888931274414,0.051325369626283646,1.3200680017471313,1.093893051147461,22.423633575439453,3.3871424198150635,0.977294921875,0.9979987144470215,6.995900184847414e-05,184.83892822265625,-6.231255531311035,9qpjrt0b,7,1.5
477000.0,462300,0.5166602730751038,8.358325958251953,0.06275111436843872,1.3980251550674438,1.2491703033447266,20.17659568786621,3.952509880065918,0.961181640625,0.9979119300842285,6.551992555614561e-05,157.46583557128906,-6.0709452629089355,9qpjrt0b,7,1.5
488700.0,472350,0.548448920249939,12.165772438049316,0.04183812066912651,1.3807687759399414,1.0514161586761475,23.59063720703125,3.1592931747436523,0.96905517578125,0.9979350566864014,6.548549572471529e-05,232.8316650390625,-6.932798385620117,9qpjrt0b,7,1.5
498300.0,482400,0.5248872637748718,8.856897354125977,0.04615103080868721,1.4844510555267334,1.2757506370544434,21.290260314941406,3.9426841735839844,0.970458984375,0.9979500770568848,6.320450484054163e-05,174.71060180664062,-6.40657901763916,9qpjrt0b,7,1.5
507600.0,492450,0.5133764147758484,6.69504451751709,0.05404319241642952,1.5929316282272339,1.440908670425415,18.72488021850586,4.608980178833008,0.95819091796875,0.9979100227355957,6.756365473847836e-05,128.66024780273438,-5.506632328033447,9qpjrt0b,7,1.5
517501.0,502500,0.5279200077056885,11.960658073425293,0.037445373833179474,1.5153522491455078,1.276611566543579,22.695188522338867,3.142444133758545,0.979736328125,0.9979596138000488,6.74972907290794e-05,216.58628845214844,-6.83051061630249,9qpjrt0b,7,1.5
527700.0,512550,0.519127607345581,8.807897567749023,0.03944477438926697,1.5970216989517212,1.3966823816299438,21.889984130859375,4.142606258392334,0.96405029296875,0.9979448318481445,6.339774699881673e-05,182.5467529296875,-5.951987266540527,9qpjrt0b,7,1.5
537900.0,522600,0.5190559029579163,11.477396011352539,0.03459616005420685,1.5915626287460327,1.3777052164077759,23.160816192626953,3.285037040710449,0.9715576171875,0.9979307651519775,6.76098425174132e-05,218.13392639160156,-6.299271583557129,9qpjrt0b,7,1.5
548100.0,532650,0.5193318724632263,10.239876747131348,0.04458056762814522,1.6126055717468262,1.4001133441925049,22.52547264099121,3.5786194801330566,0.96636962890625,0.9979269504547119,6.732033943990245e-05,219.73812866210938,-6.623336315155029,9qpjrt0b,7,1.5
557700.0,542700,0.5058214068412781,8.547861099243164,0.041329629719257355,1.727193832397461,1.6003928184509277,21.222637176513672,4.026360511779785,0.96795654296875,0.9979591369628906,6.799875700380653e-05,179.3367919921875,-6.556976318359375,9qpjrt0b,7,1.5
568050.0,552750,0.586981475353241,11.078749656677246,0.039631929248571396,7.407585620880127,1.4729739427566528,22.610729217529297,3.4005274772644043,0.86834716796875,0.9971458911895752,6.785921868868172e-05,224.6994171142578,-6.737147808074951,9qpjrt0b,7,1.5
577350.0,562800,0.5110683441162109,8.514062881469727,0.04514416307210922,1.9194755554199219,1.7394118309020996,20.82017707824707,4.008597373962402,0.97442626953125,0.997978925704956,6.800620758440346e-05,166.29296875,-5.866440296173096,9qpjrt0b,7,1.5
589500.0,572850,0.5045665502548218,6.844301223754883,0.05573933571577072,2.0295958518981934,1.8979079723358154,18.453210830688477,4.49454402923584,0.97100830078125,0.9979896545410156,6.47197084617801e-05,134.4837188720703,-5.973710536956787,9qpjrt0b,7,1.5
599250.0,582900,0.505626916885376,10.151269912719727,0.035930097103118896,1.9057682752609253,1.753915786743164,22.318326950073242,3.6854195594787598,0.9747314453125,0.997960090637207,5.920109470025636e-05,203.5758819580078,-6.366204261779785,9qpjrt0b,7,1.5
608550.0,592950,0.5061669945716858,8.350948333740234,0.0424809455871582,1.789247751235962,1.6735577583312988,20.59020233154297,4.1624860763549805,0.9722900390625,0.9979853630065918,5.809414869872853e-05,168.55384826660156,-5.982000827789307,9qpjrt0b,7,1.5
618300.0,603000,0.5064195990562439,5.38796329498291,0.04278378561139107,2.231299638748169,2.099836826324463,17.409866333007812,5.307082653045654,0.962890625,0.9979112148284912,6.522850162582472e-05,118.69186401367188,-5.68727970123291,9qpjrt0b,7,1.5
627600.0,613050,0.5113084316253662,10.346874237060547,0.03884994983673096,1.9616203308105469,1.7538197040557861,21.985816955566406,3.5107290744781494,0.9769287109375,0.997978687286377,6.301012763287872e-05,202.73025512695312,-5.870372295379639,9qpjrt0b,7,1.5
639600.0,623100,0.5130325555801392,7.892657279968262,0.04254145920276642,1.816857099533081,1.6388890743255615,20.244487762451172,4.287022590637207,0.95074462890625,0.9978554248809814,7.024435035418719e-05,165.82508850097656,-6.1441755294799805,9qpjrt0b,7,1.5
648900.0,633150,0.5019266605377197,6.605344772338867,0.0458514578640461,2.194070339202881,2.095628261566162,18.67230796813965,4.629798412322998,0.970703125,0.9979920387268066,6.0808150010416284e-05,137.23556518554688,-5.433075904846191,9qpjrt0b,7,1.5
658050.0,643200,0.4969877600669861,9.88489818572998,0.03446873277425766,2.0985517501831055,1.9695905447006226,22.11682891845703,3.6399426460266113,0.98651123046875,0.998028039932251,6.453684181906283e-05,203.98806762695312,-6.10727071762085,9qpjrt0b,7,1.5
668100.0,653250,0.49939918518066406,8.213581085205078,0.04143046215176582,2.1791176795959473,2.06917405128479,20.668058395385742,4.102031707763672,0.97076416015625,0.9979681968688965,6.559387838933617e-05,178.95358276367188,-5.623685836791992,9qpjrt0b,7,1.5
677850.0,663300,0.5034224390983582,5.448481559753418,0.05129304900765419,2.309206008911133,2.204411506652832,16.890850067138672,5.091957092285156,0.96856689453125,0.997969388961792,6.212786684045568e-05,107.58615112304688,-5.746703147888184,9qpjrt0b,7,1.5
689700.0,673350,0.49862390756607056,8.808947563171387,0.03161778301000595,2.1001834869384766,1.9560675621032715,20.998863220214844,3.9751715660095215,0.96942138671875,0.997915506362915,6.712826871080324e-05,189.64324951171875,-5.640275001525879,9qpjrt0b,7,1.5
697650.0,683400,0.4963504374027252,7.191103935241699,0.043990589678287506,2.5075008869171143,2.4403748512268066,19.57488250732422,4.524352073669434,0.98345947265625,0.998009443283081,6.0278165619820356e-05,153.94854736328125,-5.720528602600098,9qpjrt0b,7,1.5
709800.0,693450,0.4997400939464569,5.995063781738281,0.05104290693998337,2.4858317375183105,2.4017624855041504,17.56336784362793,4.868625164031982,0.97015380859375,0.9979743957519531,6.341493281070143e-05,112.5465316772461,-5.266440391540527,9qpjrt0b,7,1.5
718500.0,703500,0.4957311749458313,9.372605323791504,0.040998611599206924,2.2644147872924805,2.172403335571289,21.440536499023438,3.759111166000366,0.98638916015625,0.9980204105377197,6.550436955876648e-05,199.00628662109375,-6.156830787658691,9qpjrt0b,7,1.5
728850.0,713550,0.49714651703834534,6.777105331420898,0.043840937316417694,2.410763740539551,2.3207645416259766,18.93050765991211,4.630136966705322,0.9755859375,0.9979877471923828,6.190768908709288e-05,146.46429443359375,-5.514986991882324,9qpjrt0b,7,1.5
739350.0,723600,0.49958083033561707,7.215367794036865,0.04466129466891289,2.2888236045837402,2.2185683250427246,18.77642059326172,4.314749240875244,0.98541259765625,0.9980485439300537,5.7962162827607244e-05,141.9315643310547,-6.1962571144104,9qpjrt0b,7,1.5
749700.0,733650,0.498244971036911,9.628028869628906,0.03729899227619171,2.191181182861328,2.071004867553711,21.694255828857422,3.778047561645508,0.982177734375,0.9980087280273438,5.771118958364241e-05,196.97354125976562,-6.599437713623047,9qpjrt0b,7,1.5
758700.0,743700,0.49797528982162476,8.576187133789062,0.03743824362754822,2.2016115188598633,2.10404109954834,20.34102439880371,3.884660243988037,0.9752197265625,0.9979526996612549,5.846460771863349e-05,184.07164001464844,-6.229680061340332,9qpjrt0b,7,1.5
768450.0,753750,0.49788933992385864,7.296278476715088,0.03976324200630188,2.342409133911133,2.2693369388580322,19.208919525146484,4.311040878295898,0.98052978515625,0.9980006217956543,6.659758219029754e-05,149.54217529296875,-6.215822219848633,9qpjrt0b,7,1.5
778050.0,763800,0.4912073016166687,9.901960372924805,0.03200928866863251,2.3728437423706055,2.289052724838257,21.340341567993164,3.5573506355285645,0.98541259765625,0.9980223178863525,6.875445251353085e-05,194.4925079345703,-6.212822437286377,9qpjrt0b,7,1.5
790200.0,773850,0.49688082933425903,8.34703254699707,0.03255801647901535,2.26196026802063,2.1521105766296387,20.50591278076172,4.097720146179199,0.97784423828125,0.9979627132415771,6.2505183450412e-05,185.03799438476562,-6.229396820068359,9qpjrt0b,7,1.5
799950.0,783900,0.4985576272010803,5.8660993576049805,0.0423564687371254,2.6368937492370605,2.5616238117218018,17.091835021972656,4.786680221557617,0.9783935546875,0.9980003833770752,6.27385379630141e-05,128.63119506835938,-5.834386348724365,9qpjrt0b,7,1.5
809250.0,793950,0.4922140836715698,9.34383773803711,0.03671858832240105,2.5094211101531982,2.423832416534424,20.784278869628906,3.735383987426758,0.97711181640625,0.997976541519165,6.820009730290622e-05,198.2504425048828,-6.811942100524902,9qpjrt0b,7,1.5
819300.0,804000,0.4989663362503052,6.104642868041992,0.04762334004044533,2.6973161697387695,2.6250505447387695,18.064973831176758,5.0642900466918945,0.9755859375,0.9979469776153564,5.9248024626867846e-05,141.87290954589844,-6.1665849685668945,9qpjrt0b,7,1.5
829800.0,814050,0.4971209168434143,5.3009185791015625,0.050911787897348404,2.843177318572998,2.781045913696289,16.301414489746094,5.1967549324035645,0.982666015625,0.9980645179748535,6.619674240937456e-05,108.32620239257812,-6.090920925140381,9qpjrt0b,7,1.5
839550.0,824100,0.49525004625320435,8.531505584716797,0.046094924211502075,2.7895288467407227,2.7092642784118652,20.46792221069336,4.055506229400635,0.981201171875,0.9979643821716309,6.12181902397424e-05,177.21286010742188,-6.1214985847473145,9qpjrt0b,7,1.5
848700.0,834150,0.4959415793418884,7.54527473449707,0.038103457540273666,2.611583709716797,2.5313830375671387,19.432498931884766,4.476409912109375,0.9813232421875,0.997992992401123,5.706811134587042e-05,169.45144653320312,-5.830071926116943,9qpjrt0b,7,1.5
859500.0,844200,0.4974759519100189,5.108245849609375,0.04856850951910019,3.0714290142059326,3.007106304168701,16.498722076416016,5.685833930969238,0.97802734375,0.9980325698852539,6.53704337310046e-05,111.54450988769531,-6.0990800857543945,9qpjrt0b,7,1.5
870900.0,854250,0.4966512620449066,8.443859100341797,0.036026060581207275,2.60433292388916,2.5302090644836426,20.522289276123047,4.140533924102783,0.9794921875,0.9980058670043945,6.337663216982037e-05,191.47752380371094,-6.2354536056518555,9qpjrt0b,7,1.5
880050.0,864300,0.4956274926662445,7.567593574523926,0.035720519721508026,2.5207836627960205,2.4561338424682617,19.208532333374023,4.354796409606934,0.978759765625,0.9979889392852783,6.922704051248729e-05,150.97634887695312,-5.822188854217529,9qpjrt0b,7,1.5
891000.0,874350,0.4976949095726013,5.441524982452393,0.05343267321586609,2.9630398750305176,2.893885612487793,17.05701446533203,5.422608375549316,0.98223876953125,0.9980504512786865,6.571268750121817e-05,119.72003173828125,-5.949602127075195,9qpjrt0b,7,1.5
900150.0,884400,0.49194836616516113,8.935900688171387,0.03213978558778763,2.80552339553833,2.7423741817474365,20.629657745361328,3.91837215423584,0.978271484375,0.9980034828186035,6.182801735121757e-05,190.59912109375,-5.770980358123779,9qpjrt0b,7,1.5
911100.0,894450,0.4971892535686493,6.117197513580322,0.045887626707553864,2.8887221813201904,2.8322885036468506,17.560123443603516,4.930957794189453,0.9818115234375,0.9979944229125977,6.347928137984127e-05,123.22052001953125,-5.303104400634766,9qpjrt0b,7,1.5
921150.0,904500,0.49290522933006287,8.8818359375,0.03623475879430771,2.7089285850524902,2.605714797973633,20.276954650878906,3.748481035232544,0.9735107421875,0.9979333877563477,7.110545266186818e-05,178.98497009277344,-6.713483810424805,9qpjrt0b,7,1.5
930750.0,914550,0.494269996881485,7.845746994018555,0.029571961611509323,3.064192295074463,2.9830145835876465,19.368772506713867,4.246056079864502,0.9693603515625,0.9979102611541748,6.350707553792745e-05,164.1797637939453,-5.864877223968506,9qpjrt0b,7,1.5
940350.0,924600,0.4954967200756073,7.118788242340088,0.040547121316194534,2.7452096939086914,2.6782965660095215,18.52139663696289,4.435097694396973,0.97711181640625,0.9980201721191406,6.197627953952178e-05,146.1697540283203,-5.438072204589844,9qpjrt0b,7,1.5
950250.0,934650,0.49063989520072937,9.221696853637695,0.023688025772571564,2.711412191390991,2.660411834716797,20.745235443115234,3.840017795562744,0.9862060546875,0.9980425834655762,6.630922143813223e-05,200.12167358398438,-6.210974216461182,9qpjrt0b,7,1.5
960150.0,944700,0.49238377809524536,8.656625747680664,0.03461145609617233,2.78782320022583,2.7379775047302246,19.594669342041016,3.8723645210266113,0.9903564453125,0.9980332851409912,5.7953180657932535e-05,169.73614501953125,-6.322865009307861,9qpjrt0b,7,1.5
970200.0,954750,0.49622005224227905,7.06954288482666,0.03832816705107689,2.941072702407837,2.8862876892089844,18.646921157836914,4.562565326690674,0.9794921875,0.9980149269104004,6.0330916312523186e-05,142.80752563476562,-5.377633094787598,9qpjrt0b,7,1.5
980100.0,964800,0.48900777101516724,8.754100799560547,0.03541731834411621,2.6280391216278076,2.564187526702881,20.474573135375977,3.9499661922454834,0.989501953125,0.9980301856994629,6.255960033740848e-05,185.70086669921875,-6.091307640075684,9qpjrt0b,7,1.5
989550.0,974850,0.4950985610485077,7.189419746398926,0.043128445744514465,2.8401412963867188,2.793306827545166,18.666645050048828,4.500660419464111,0.98590087890625,0.9980428218841553,6.4713298343122e-05,153.7036590576172,-6.007758140563965,9qpjrt0b,7,1.5
998400.0,984900,0.540677547454834,7.959192752838135,0.04165218770503998,6.038249969482422,2.966491222381592,20.275253295898438,4.477829456329346,0.88641357421875,0.9972214698791504,8.225851343013346e-05,184.71157836914062,-6.24559211730957,9qpjrt0b,7,1.5
24900.0,10050,0.48507601022720337,5.072895050048828,-0.14930228888988495,6.421913146972656,6.769043922424316,17.729257583618164,5.248098373413086,0.64825439453125,0.9962334632873535,7.257198740262538e-05,82.78268432617188,0.8529636859893799,c7avgpwq,6,1.5
34350.0,20100,0.48924511671066284,5.781639099121094,-0.16024407744407654,5.740669250488281,5.924690246582031,18.101547241210938,4.713273048400879,0.73553466796875,0.9967010021209717,7.822590123396367e-05,104.22940826416016,-1.2140696048736572,c7avgpwq,6,1.5
46500.0,30150,0.49127650260925293,6.760653495788574,-0.15047837793827057,6.1261749267578125,6.244035720825195,18.85980796813965,4.205849647521973,0.7926025390625,0.9970214366912842,6.792934436816722e-05,124.49597930908203,-4.132899284362793,c7avgpwq,6,1.5
55800.0,40200,0.49559396505355835,7.3265180587768555,-0.1560458093881607,6.358719348907471,6.49166202545166,18.818937301635742,3.880012035369873,0.80230712890625,0.9969761371612549,6.149402179289609e-05,139.76947021484375,-6.7991533279418945,c7avgpwq,6,1.5
65401.0,50250,0.5032110214233398,7.2312331199646,-0.1256880760192871,6.143858432769775,6.166935920715332,19.32620620727539,4.136118412017822,0.83843994140625,0.9972693920135498,7.469781849067658e-05,172.5580291748047,-5.964485168457031,c7avgpwq,6,1.5
75750.0,60300,0.4951876699924469,7.879884719848633,-0.11370497941970825,5.177170753479004,5.2014923095703125,18.865814208984375,3.715477466583252,0.85089111328125,0.9972648620605469,8.953703218139708e-05,156.22283935546875,-6.824123382568359,c7avgpwq,6,1.5
85500.0,70350,0.4975231885910034,6.965280055999756,-0.08144618570804596,4.269153594970703,4.323704242706299,17.739545822143555,4.012483596801758,0.84149169921875,0.9973351955413818,8.009794692043215e-05,149.52767944335938,-7.267041206359863,c7avgpwq,6,1.5
94950.0,80400,0.5039283037185669,7.620595932006836,-0.08072853088378906,3.3640074729919434,3.3285746574401855,18.829025268554688,3.922804832458496,0.88873291015625,0.997504472732544,7.527142588514835e-05,181.104736328125,-7.799859046936035,c7avgpwq,6,1.5
104850.0,90450,0.5075573325157166,8.529694557189941,-0.07039530575275421,2.8198764324188232,2.711979627609253,19.207338333129883,3.6528115272521973,0.88287353515625,0.9974839687347412,8.048529707593843e-05,197.7752685546875,-7.946196556091309,c7avgpwq,6,1.5
117000.0,100500,0.5008085370063782,7.992159843444824,-0.04201257973909378,2.7427117824554443,2.6846485137939453,18.335132598876953,3.6691503524780273,0.87567138671875,0.9974868297576904,7.920041389297694e-05,195.04527282714844,-8.285896301269531,c7avgpwq,6,1.5
126600.0,110550,0.5121136903762817,8.386504173278809,-0.036168452352285385,2.5402655601501465,2.376002550125122,18.835803985595703,3.632235527038574,0.88714599609375,0.9975507259368896,8.892459300113842e-05,191.01123046875,-8.186769485473633,c7avgpwq,6,1.5
136200.0,120600,0.5236424207687378,8.581056594848633,-0.04071743041276932,2.197704553604126,1.9717297554016113,19.041751861572266,3.6887550354003906,0.88726806640625,0.9975543022155762,7.541113154729828e-05,234.4329833984375,-8.48452377319336,c7avgpwq,6,1.5
145650.0,130650,0.5287710428237915,8.948616027832031,-0.020271766930818558,2.2739675045013428,2.002713441848755,19.115509033203125,3.5096042156219482,0.91156005859375,0.9975948333740234,7.270356582012028e-05,223.4449462890625,-8.60283088684082,c7avgpwq,6,1.5
155100.0,140700,0.510909378528595,5.289359092712402,0.009916389361023903,2.549879789352417,2.4005699157714844,15.380069732666016,4.861236572265625,0.91253662109375,0.997633695602417,8.196471753763035e-05,134.77902221679688,-7.460965156555176,c7avgpwq,6,1.5
167100.0,150750,0.5183446407318115,8.977805137634277,-0.012515322305262089,2.2917988300323486,2.072129964828491,19.198394775390625,3.5061511993408203,0.9244384765625,0.9977104663848877,7.394960266537964e-05,234.42391967773438,-8.428565979003906,c7avgpwq,6,1.5
175200.0,160800,0.5162104368209839,8.556373596191406,0.002535412088036537,2.5485777854919434,2.3453454971313477,18.60875701904297,3.61972975730896,0.92120361328125,0.9976608753204346,7.647131860721856e-05,226.70802307128906,-7.9835405349731445,c7avgpwq,6,1.5
185550.0,170850,0.505678653717041,7.046258449554443,0.014169692061841488,2.676665782928467,2.521484851837158,17.172334671020508,4.039068222045898,0.937744140625,0.9977881908416748,7.732196536380798e-05,186.47427368164062,-8.135316848754883,c7avgpwq,6,1.5
197250.0,180900,0.508868932723999,8.668661117553711,0.0023342380300164223,2.6140151023864746,2.4453506469726562,19.502988815307617,3.706066608428955,0.93353271484375,0.997746467590332,7.271954382304102e-05,236.03872680664062,-7.308876991271973,c7avgpwq,6,1.5
207600.0,190950,0.5024807453155518,6.984081745147705,0.026042243465781212,3.672252655029297,3.5233407020568848,18.02456283569336,4.281914710998535,0.93316650390625,0.997736930847168,7.083153468556702e-05,226.107177734375,-8.036015510559082,c7avgpwq,6,1.5
217051.0,201000,0.5076215267181396,5.943992614746094,0.04306294396519661,3.756060838699341,3.6158595085144043,16.261123657226562,4.494988441467285,0.92816162109375,0.9977364540100098,7.222946442198008e-05,182.37515258789062,-6.980781078338623,c7avgpwq,6,1.5
226800.0,211050,0.5046476125717163,8.56750774383545,0.018061095848679543,3.417334794998169,3.2336483001708984,19.373905181884766,3.776918411254883,0.91729736328125,0.9976646900177002,7.556137279607356e-05,272.6515197753906,-8.634660720825195,c7avgpwq,6,1.5
236550.0,221100,0.5032851099967957,7.803029537200928,0.02016574703156948,4.117232799530029,3.9915823936462402,18.60584831237793,4.082920074462891,0.9334716796875,0.9977786540985107,7.026553794275969e-05,250.80252075195312,-7.159913063049316,c7avgpwq,6,1.5
247050.0,231150,0.5038844347000122,6.181061267852783,0.028291989117860794,3.777200698852539,3.6581149101257324,16.323198318481445,4.297830581665039,0.9451904296875,0.9977447986602783,7.763606117805466e-05,154.61277770996094,-6.660079002380371,c7avgpwq,6,1.5
256650.0,241200,0.5000500679016113,8.55133056640625,0.004507436417043209,3.577908992767334,3.4403133392333984,19.476865768432617,3.885188102722168,0.939453125,0.9977459907531738,7.801663014106452e-05,276.27008056640625,-7.785959243774414,c7avgpwq,6,1.5
266401.0,251250,0.5010327696800232,7.5039777755737305,0.01959758624434471,4.035539150238037,3.9348902702331543,18.620651245117188,4.296161651611328,0.95599365234375,0.9978535175323486,6.968087836867198e-05,231.9491424560547,-7.34047794342041,c7avgpwq,6,1.5
276000.0,261300,0.49732333421707153,8.777047157287598,0.014830652624368668,3.8864903450012207,3.7611289024353027,19.64556121826172,3.849030017852783,0.94305419921875,0.9977777004241943,7.270034257089719e-05,277.61322021484375,-8.439581871032715,c7avgpwq,6,1.5
287700.0,271350,0.5003417730331421,9.311742782592773,0.015536349266767502,4.268316268920898,4.172816276550293,19.268234252929688,3.4120852947235107,0.9541015625,0.9978792667388916,6.798232061555609e-05,280.57208251953125,-8.14719009399414,c7avgpwq,6,1.5
297750.0,281400,0.49930280447006226,8.59476089477539,0.013148998841643333,4.653262615203857,4.567935943603516,18.932052612304688,3.6859021186828613,0.96063232421875,0.9979162216186523,8.003588300198317e-05,284.5445556640625,-7.4162187576293945,c7avgpwq,6,1.5
307050.0,291450,0.503485918045044,6.12431526184082,0.0178963802754879,4.4131293296813965,4.314169883728027,16.683616638183594,4.666562080383301,0.95428466796875,0.9978947639465332,7.656487287022173e-05,204.8356475830078,-7.1622090339660645,c7avgpwq,6,1.5
316801.0,301500,0.5052434206008911,6.02747917175293,0.018099132925271988,4.774547576904297,4.642697334289551,15.074674606323242,4.288359642028809,0.93994140625,0.9978466033935547,8.739408804103732e-05,159.37879943847656,-7.149255752563477,c7avgpwq,6,1.5
326400.0,311550,0.4988635182380676,8.465889930725098,0.003924079239368439,4.520421981811523,4.4332685470581055,19.175273895263672,3.8970413208007812,0.9560546875,0.9978673458099365,7.970072329044342e-05,283.4056701660156,-7.630619049072266,c7avgpwq,6,1.5
336900.0,321600,0.5044373869895935,5.330573081970215,0.022382207214832306,4.938501834869385,4.834440231323242,15.393988609313965,5.2091474533081055,0.953857421875,0.9978573322296143,7.537008787039667e-05,164.95272827148438,-6.518339157104492,c7avgpwq,6,1.5
346800.0,331650,0.49796006083488464,8.152084350585938,0.0038706131745129824,4.664941310882568,4.585143089294434,18.96897315979004,3.95624041557312,0.9627685546875,0.9979090690612793,7.189241296146065e-05,286.4873046875,-7.074693202972412,c7avgpwq,6,1.5
357000.0,341700,0.5020555257797241,8.760869026184082,-0.0017373091541230679,5.206279277801514,5.095931053161621,19.10071563720703,3.733893394470215,0.94317626953125,0.9978189468383789,7.746522169327363e-05,286.35150146484375,-7.2907586097717285,c7avgpwq,6,1.5
368250.0,351750,0.5013339519500732,7.783572196960449,0.010759478434920311,5.2418036460876465,5.159053802490234,18.427173614501953,3.990273952484131,0.96417236328125,0.9979152679443359,8.347813127329573e-05,284.5426025390625,-8.171427726745605,c7avgpwq,6,1.5
378000.0,361800,0.5039008855819702,5.111655235290527,0.02708418108522892,5.059689044952393,4.956916809082031,14.902046203613281,5.251019477844238,0.95556640625,0.9978551864624023,7.479957275791094e-05,164.30319213867188,-6.52644157409668,c7avgpwq,6,1.5
387450.0,371850,0.5037704706192017,4.219541072845459,0.049816690385341644,5.655660629272461,5.508291244506836,12.9417142868042,5.723715782165527,0.92242431640625,0.9976935386657715,9.460237924940884e-05,131.44314575195312,-6.516439437866211,c7avgpwq,6,1.5
397500.0,381900,0.5000988841056824,8.575178146362305,0.004745577462017536,5.329925537109375,5.25034236907959,18.248397827148438,3.5293660163879395,0.959228515625,0.9978859424591064,7.69375401432626e-05,266.595703125,-6.520832061767578,c7avgpwq,6,1.5
407700.0,391950,0.5020486116409302,6.54660701751709,0.009686902165412903,5.386024475097656,5.302961349487305,16.889495849609375,4.535703659057617,0.961669921875,0.9979233741760254,7.768524665152654e-05,227.68081665039062,-7.255715370178223,c7avgpwq,6,1.5
417301.0,402000,0.5029200315475464,5.304530620574951,0.022048935294151306,5.10261344909668,5.025058746337891,14.945329666137695,4.956408500671387,0.97021484375,0.9979689121246338,8.151626389008015e-05,172.79684448242188,-6.651404857635498,c7avgpwq,6,1.5
426900.0,412050,0.5006641149520874,8.003946304321289,0.0035561597906053066,5.20709753036499,5.120465278625488,18.83152961730957,4.1510820388793945,0.95831298828125,0.9978957176208496,8.082505519269034e-05,285.88201904296875,-6.961415767669678,c7avgpwq,6,1.5
436500.0,422100,0.5016911029815674,6.243243217468262,0.012869806960225105,5.559771537780762,5.49945592880249,16.81494903564453,4.725914001464844,0.97802734375,0.9980065822601318,8.54106547194533e-05,251.5039825439453,-6.950569152832031,c7avgpwq,6,1.5
446550.0,432150,0.5029271841049194,5.154772758483887,0.013645184226334095,5.211803436279297,5.125784873962402,14.82672119140625,5.233284950256348,0.96502685546875,0.9979555606842041,8.524101576767862e-05,171.03260803222656,-6.445925712585449,c7avgpwq,6,1.5
458550.0,442200,0.4988226294517517,8.582731246948242,0.007542990148067474,5.0525102615356445,4.993714332580566,18.824623107910156,3.903622627258301,0.97418212890625,0.9979379177093506,8.001679816516116e-05,294.6040344238281,-8.392898559570312,c7avgpwq,6,1.5
468000.0,452250,0.49910983443260193,7.6696624755859375,0.015803830698132515,4.999235153198242,4.9534759521484375,17.918678283691406,3.967259407043457,0.98199462890625,0.998002290725708,8.678236190462485e-05,261.83837890625,-6.655240535736084,c7avgpwq,6,1.5
477750.0,462300,0.5044172406196594,5.3665242195129395,0.025464169681072235,5.697666645050049,5.583791732788086,15.060853958129883,4.959861755371094,0.94775390625,0.9978399276733398,7.428961544064805e-05,169.73521423339844,-6.724177837371826,c7avgpwq,6,1.5
487050.0,472350,0.5000978708267212,7.867501258850098,0.004211273975670338,5.413787841796875,5.343362808227539,18.67947006225586,3.9274721145629883,0.9625244140625,0.9979164600372314,8.055949001573026e-05,311.3612365722656,-7.958098888397217,c7avgpwq,6,1.5
498900.0,482400,0.5011818408966064,8.553457260131836,-0.002967151580378413,5.398024559020996,5.30020809173584,18.48940658569336,3.6812753677368164,0.94915771484375,0.9978287220001221,9.002399747259915e-05,267.42742919921875,-6.5424580574035645,c7avgpwq,6,1.5
508200.0,492450,0.5037344694137573,5.098627090454102,0.022964349016547203,5.606000900268555,5.522784233093262,14.709753036499023,5.0945844650268555,0.964111328125,0.9979860782623291,8.534900553058833e-05,167.73861694335938,-6.813236236572266,c7avgpwq,6,1.5
519150.0,502500,0.4993438720703125,7.654573440551758,0.0008803539676591754,5.162862777709961,5.099597930908203,18.055448532104492,4.136653900146484,0.97357177734375,0.9979438781738281,8.112013165373355e-05,276.85955810546875,-7.432493209838867,c7avgpwq,6,1.5
527250.0,512550,0.5007137060165405,7.777574062347412,0.008732197806239128,5.474151611328125,5.399998664855957,17.894392013549805,3.9405229091644287,0.9610595703125,0.9979095458984375,8.20747300167568e-05,276.7519836425781,-7.425328254699707,c7avgpwq,6,1.5
537900.0,522600,0.5020538568496704,6.342926025390625,0.010826010257005692,5.371993064880371,5.305109977722168,16.6380615234375,4.685323715209961,0.974853515625,0.9979603290557861,8.34887832752429e-05,231.87969970703125,-7.133242607116699,c7avgpwq,6,1.5
548100.0,532650,0.5037546157836914,4.704211711883545,0.018342163413763046,5.156119346618652,5.059787750244141,13.470656394958496,4.962873935699463,0.958984375,0.9979045391082764,7.931716390885413e-05,142.10833740234375,-6.523379325866699,c7avgpwq,6,1.5
558000.0,542700,0.49951332807540894,7.792508125305176,-0.007598801515996456,5.419313907623291,5.374398231506348,18.11670684814453,3.905163049697876,0.976318359375,0.9979772567749023,8.868025906849653e-05,291.7733154296875,-6.321990013122559,c7avgpwq,6,1.5
567751.0,552750,0.49948546290397644,7.6988630294799805,0.0032505416311323643,5.694311618804932,5.647213935852051,18.123798370361328,3.9982693195343018,0.979736328125,0.9979705810546875,8.249990059994161e-05,279.0504455566406,-6.571630477905273,c7avgpwq,6,1.5
578100.0,562800,0.501305878162384,5.579133987426758,0.01147039420902729,5.48910665512085,5.439438819885254,14.99413013458252,4.6439208984375,0.98382568359375,0.9980626106262207,8.000386878848076e-05,180.48458862304688,-5.654058933258057,c7avgpwq,6,1.5
587550.0,572850,0.5008398294448853,7.658144474029541,-0.0013862672494724393,5.734342098236084,5.635732650756836,17.656343460083008,3.939561367034912,0.9483642578125,0.9978189468383789,8.052570046857e-05,277.26788330078125,-6.57411003112793,c7avgpwq,6,1.5
597450.0,582900,0.49925696849823,6.876543998718262,0.00028155598556622863,5.655755996704102,5.629367828369141,17.119491577148438,4.206907272338867,0.98828125,0.9980463981628418,7.833258132450283e-05,252.77545166015625,-7.228717803955078,c7avgpwq,6,1.5
607350.0,592950,0.5029305815696716,5.362294673919678,0.0200539231300354,5.943606376647949,5.862693786621094,14.099275588989258,4.526916980743408,0.9698486328125,0.9979960918426514,8.223582699429244e-05,162.15313720703125,-5.93209171295166,c7avgpwq,6,1.5
618600.0,603000,0.4992513656616211,7.651725769042969,-0.007742699701339006,5.571425437927246,5.514324188232422,17.854156494140625,3.9082131385803223,0.9742431640625,0.9979872703552246,8.130095375236124e-05,277.5137634277344,-6.108351230621338,c7avgpwq,6,1.5
629250.0,613050,0.5007177591323853,6.817103385925293,0.005702183581888676,5.905969619750977,5.860573768615723,17.085494995117188,4.227240562438965,0.98101806640625,0.9980373382568359,7.685754826525226e-05,268.8035583496094,-7.495907783508301,c7avgpwq,6,1.5
638850.0,623100,0.5033084750175476,3.98515248298645,0.037520162761211395,6.130816459655762,6.0316314697265625,12.03186321258545,5.250577926635742,0.962158203125,0.9979043006896973,7.583862316096202e-05,117.03659057617188,-6.3846964836120605,c7avgpwq,6,1.5
648150.0,633150,0.5002783536911011,6.756464958190918,0.0018569238018244505,5.761100769042969,5.717617034912109,16.771244049072266,4.188514709472656,0.98248291015625,0.9980072975158691,8.238366717705503e-05,237.38609313964844,-6.145993232727051,c7avgpwq,6,1.5
657750.0,643200,0.5025412440299988,4.93244743347168,0.011854881420731544,6.033828258514404,5.961942195892334,14.075464248657227,4.981822967529297,0.97216796875,0.9979610443115234,7.688702316954732e-05,168.64566040039062,-5.649619102478027,c7avgpwq,6,1.5
669150.0,653250,0.5002617239952087,7.451848030090332,-0.005948908627033234,6.044368743896484,5.988509178161621,17.56022834777832,3.9675986766815186,0.971435546875,0.9979612827301025,7.64551805332303e-05,266.6674499511719,-6.772573947906494,c7avgpwq,6,1.5
679950.0,663300,0.5005723834037781,6.5676140785217285,0.004525856114923954,6.531355381011963,6.486887454986572,16.776899337768555,4.40180778503418,0.98089599609375,0.9980099201202393,6.999086326686665e-05,258.593017578125,-5.899415016174316,c7avgpwq,6,1.5
689850.0,673350,0.5023068189620972,6.061051845550537,0.0041062841191887856,6.18922758102417,6.119220733642578,15.423809051513672,4.4051408767700195,0.97088623046875,0.9979476928710938,7.113891479093581e-05,210.9957733154297,-6.13773775100708,c7avgpwq,6,1.5
699450.0,683400,0.4999738335609436,8.194249153137207,-0.008159413002431393,6.188889503479004,6.128633499145508,17.905086517333984,3.679194927215576,0.97430419921875,0.9979872703552246,8.493650966556743e-05,279.0428466796875,-6.663294315338135,c7avgpwq,6,1.5
709950.0,693450,0.5004628896713257,7.137041091918945,-0.004410714842379093,6.547568321228027,6.498012542724609,17.346437454223633,4.1009440422058105,0.97760009765625,0.9979603290557861,8.479788084514439e-05,256.4619140625,-6.532358646392822,c7avgpwq,6,1.5
719100.0,703500,0.5014323592185974,5.680931091308594,0.010001230984926224,6.205930709838867,6.151340484619141,14.978450775146484,4.565160751342773,0.975341796875,0.9980564117431641,7.362884934991598e-05,189.719970703125,-6.570764064788818,c7avgpwq,6,1.5
728550.0,713550,0.5025039911270142,4.5815863609313965,0.01788582094013691,6.09269380569458,6.033291816711426,12.869344711303711,4.678226470947266,0.9779052734375,0.9980180263519287,7.861544145271182e-05,140.95895385742188,-6.256118297576904,c7avgpwq,6,1.5
739200.0,723600,0.5000170469284058,7.4967474937438965,-0.008132793009281158,5.971078872680664,5.914816379547119,17.083158493041992,3.943507671356201,0.9735107421875,0.9979598522186279,8.259371679741889e-05,261.9751281738281,-6.933769226074219,c7avgpwq,6,1.5
749550.0,733650,0.502596914768219,5.296258926391602,0.01957363821566105,6.246410846710205,6.178219795227051,15.038321495056152,4.992720603942871,0.96630859375,0.9979581832885742,8.336127211805433e-05,193.57366943359375,-6.9484333992004395,c7avgpwq,6,1.5
759750.0,743700,0.4987490177154541,7.363232135772705,0.001998984720557928,5.893487930297852,5.850399971008301,17.347658157348633,4.025400161743164,0.98260498046875,0.9979784488677979,7.535643817391247e-05,276.8848876953125,-6.543364524841309,c7avgpwq,6,1.5
768450.0,753750,0.4997793436050415,6.737011432647705,0.006954065524041653,6.106712341308594,6.06350040435791,16.779830932617188,4.420740127563477,0.97845458984375,0.9980332851409912,7.736204861430451e-05,251.65298461914062,-7.144879341125488,c7avgpwq,6,1.5
778950.0,763800,0.5021095275878906,4.281750202178955,0.018567316234111786,6.220433235168457,6.1514739990234375,12.434124946594238,4.940103054046631,0.97637939453125,0.9980330467224121,7.295541581697762e-05,136.25611877441406,-6.68518590927124,c7avgpwq,6,1.5
788700.0,773850,0.5001510381698608,6.925132751464844,0.001684563234448433,6.252410888671875,6.2017035484313965,16.91922378540039,4.096406936645508,0.9788818359375,0.9980003833770752,8.06767784524709e-05,255.82644653320312,-6.840404510498047,c7avgpwq,6,1.5
798750.0,783900,0.5024611353874207,4.741617202758789,0.02159082144498825,6.460210800170898,6.390516757965088,13.419694900512695,4.901317596435547,0.9688720703125,0.9979925155639648,8.235673885792494e-05,162.81561279296875,-6.266839027404785,c7avgpwq,6,1.5
808350.0,793950,0.5003497004508972,7.349605083465576,0.0040796976536512375,6.388333320617676,6.330193519592285,16.88675308227539,3.788154125213623,0.97247314453125,0.9979584217071533,7.23506382200867e-05,258.5530090332031,-7.393699645996094,c7avgpwq,6,1.5
820050.0,804000,0.50260990858078,5.613905429840088,0.013286951929330826,5.956400394439697,5.893129348754883,15.161043167114258,4.670248031616211,0.968994140625,0.9979615211486816,8.3023143815808e-05,208.047607421875,-7.616401672363281,c7avgpwq,6,1.5
828000.0,814050,0.4994477331638336,7.576479911804199,-0.00739696528762579,5.965721130371094,5.914824485778809,17.443260192871094,3.8893041610717773,0.97802734375,0.9979684352874756,8.677967707626522e-05,275.2659912109375,-6.86415958404541,c7avgpwq,6,1.5
838650.0,824100,0.5004622936248779,6.429216384887695,-0.0005446801660582423,6.497312068939209,6.452633857727051,16.300439834594727,4.325367450714111,0.97900390625,0.9980261325836182,8.627824718132615e-05,234.84751892089844,-5.839505195617676,c7avgpwq,6,1.5
850500.0,834150,0.501492977142334,4.990533828735352,0.007739495486021042,6.335348129272461,6.291706085205078,13.818852424621582,4.941329479217529,0.97998046875,0.9980084896087646,8.380932558793575e-05,174.37803649902344,-5.723471641540527,c7avgpwq,6,1.5
859950.0,844200,0.4991871118545532,7.477323532104492,-0.005074620246887207,6.302495956420898,6.259832859039307,17.04608154296875,3.7864623069763184,0.9794921875,0.9979889392852783,8.127688488457352e-05,253.00680541992188,-5.987308025360107,c7avgpwq,6,1.5
869850.0,854250,0.4996993839740753,6.782479286193848,0.0017708680825307965,6.246034622192383,6.216558456420898,16.003219604492188,4.043766021728516,0.98797607421875,0.9980309009552002,8.22576112113893e-05,251.20404052734375,-6.146434783935547,c7avgpwq,6,1.5
879600.0,864300,0.501719057559967,5.766615390777588,0.011216701939702034,6.226812362670898,6.172733783721924,14.980791091918945,4.537905216217041,0.97552490234375,0.9979772567749023,7.836546865291893e-05,225.5359649658203,-6.515976428985596,c7avgpwq,6,1.5
889200.0,874350,0.4993702173233032,7.338675498962402,-0.005963282659649849,5.998688220977783,5.967366695404053,16.98452377319336,3.891237497329712,0.98797607421875,0.9980385303497314,9.029921784531325e-05,258.24774169921875,-6.993317604064941,c7avgpwq,6,1.5
900900.0,884400,0.4997164011001587,6.359241008758545,-0.002544716000556946,6.577049255371094,6.535733222961426,16.286771774291992,4.332624912261963,0.9818115234375,0.9980216026306152,8.372621960006654e-05,240.4911346435547,-6.935990810394287,c7avgpwq,6,1.5
910500.0,894450,0.5014858245849609,4.725625991821289,0.020040007308125496,6.348761558532715,6.295930862426758,12.815807342529297,4.665622711181641,0.97802734375,0.9980490207672119,8.441498357569799e-05,154.25701904296875,-6.537659645080566,c7avgpwq,6,1.5
919350.0,904500,0.5003639459609985,6.622923374176025,0.0032000683713704348,6.597686767578125,6.553485870361328,16.443599700927734,4.446208953857422,0.98101806640625,0.9979948997497559,7.946335972519591e-05,256.54833984375,-6.308614730834961,c7avgpwq,6,1.5
929550.0,914550,0.5013651251792908,6.010538101196289,0.01194523461163044,6.267505645751953,6.223202705383301,15.172063827514648,4.369028568267822,0.97918701171875,0.9980108737945557,8.590218203607947e-05,217.55667114257812,-6.628585338592529,c7avgpwq,6,1.5
939750.0,924600,0.49894246459007263,7.356057643890381,-0.0008155943360179663,6.259077072143555,6.224995136260986,17.06391143798828,4.003087997436523,0.98419189453125,0.9980177879333496,8.106922177830711e-05,269.7103271484375,-7.610373497009277,c7avgpwq,6,1.5
949350.0,934650,0.5012667179107666,6.490965843200684,-0.0008239979506470263,6.18571662902832,6.1374335289001465,15.950200080871582,4.202578544616699,0.980224609375,0.9980247020721436,8.050659380387515e-05,235.54473876953125,-6.510556221008301,c7avgpwq,6,1.5
959250.0,944700,0.5018443465232849,5.054590225219727,0.02199949137866497,6.131259441375732,6.075294494628906,13.770096778869629,4.923712730407715,0.9776611328125,0.9979777336120605,8.431931200902909e-05,176.27389526367188,-6.025164604187012,c7avgpwq,6,1.5
971250.0,954750,0.5002355575561523,6.946935653686523,0.004286548588424921,6.254685878753662,6.1973748207092285,16.73321533203125,4.160772323608398,0.97625732421875,0.9979724884033203,7.918874325696379e-05,260.5386962890625,-7.185283184051514,c7avgpwq,6,1.5
979050.0,964800,0.5013518929481506,5.056965351104736,0.01579298824071884,6.349740505218506,6.291501998901367,14.359245300292969,5.1171979904174805,0.973876953125,0.9979875087738037,8.504317520419136e-05,188.1001434326172,-6.485438346862793,c7avgpwq,6,1.5
989550.0,974850,0.5013878345489502,5.337060928344727,0.020881932228803635,6.108417510986328,6.0682172775268555,13.660831451416016,4.3250627517700195,0.97991943359375,0.9980452060699463,8.549742778996006e-05,192.20460510253906,-6.498925685882568,c7avgpwq,6,1.5
1001550.0,984900,0.49941232800483704,7.588418006896973,-0.0013106525875627995,6.088706970214844,6.0505146980285645,16.775543212890625,3.79579496383667,0.9793701171875,0.998035192489624,8.227584476117045e-05,260.65252685546875,-6.836398124694824,c7avgpwq,6,1.5
24450.0,10050,0.47194886207580566,3.849663496017456,0.03701930493116379,12.824609756469727,13.52519416809082,23.272951126098633,6.061138153076172,0.63873291015625,0.9962246417999268,4.735590846394189e-05,44.3093376159668,1.4036864042282104,3sc53b5e,7,1.0
35850.0,20100,0.48799562454223633,4.192624092102051,0.07832875847816467,18.164031982421875,18.71685791015625,24.63321304321289,5.88834285736084,0.7265625,0.9966466426849365,4.814190833712928e-05,63.35146713256836,-0.9723061323165894,3sc53b5e,7,1.0
46800.0,30150,0.4908313751220703,4.772463321685791,0.1539541631937027,19.176843643188477,19.581701278686523,25.948612213134766,5.4477458000183105,0.80511474609375,0.9970734119415283,5.1715949666686356e-05,79.81739044189453,-3.9931271076202393,3sc53b5e,7,1.0
56850.0,40200,0.4919537901878357,5.076877593994141,0.14130941033363342,19.724334716796875,20.111492156982422,26.190073013305664,5.179908752441406,0.8023681640625,0.9970660209655762,5.575155228143558e-05,89.33377838134766,-6.978224754333496,3sc53b5e,7,1.0
66900.0,50250,0.4936068058013916,5.5249409675598145,0.16689541935920715,21.390295028686523,21.731609344482422,27.403213500976562,4.983793258666992,0.830322265625,0.9972467422485352,5.752429933636449e-05,101.52896118164062,-6.568592071533203,3sc53b5e,7,1.0
76800.0,60300,0.4930359721183777,5.552076816558838,0.16840608417987823,20.752090454101562,21.0888671875,27.18069076538086,4.92936897277832,0.832275390625,0.9972732067108154,6.461194425355643e-05,99.13863372802734,-6.543990135192871,3sc53b5e,7,1.0
86250.0,70350,0.49485933780670166,6.315483093261719,0.17689457535743713,19.658340454101562,19.91726303100586,27.455787658691406,4.44083309173584,0.8712158203125,0.997459888458252,6.11151845077984e-05,110.40188598632812,-7.311065673828125,3sc53b5e,7,1.0
95700.0,80400,0.49473217129707336,6.484548568725586,0.16458997130393982,19.334142684936523,19.59964370727539,27.259788513183594,4.298588752746582,0.86346435546875,0.9974374771118164,5.918576425756328e-05,119.5140380859375,-6.515535831451416,3sc53b5e,7,1.0
105450.0,90450,0.49439454078674316,6.805964469909668,0.16373711824417114,18.86501693725586,19.08390998840332,27.74309730529785,4.164401054382324,0.88677978515625,0.9974849224090576,6.499137089122087e-05,126.28518676757812,-6.430262565612793,3sc53b5e,7,1.0
116551.0,100500,0.4955190420150757,7.617995262145996,0.16288086771965027,18.29644012451172,18.493581771850586,28.279150009155273,3.778937578201294,0.89837646484375,0.9975922107696533,6.283127004280686e-05,134.70553588867188,-7.576396942138672,3sc53b5e,7,1.0
125250.0,110550,0.4913704991340637,7.152853012084961,0.18183539807796478,11.515607833862305,11.781821250915527,25.186599731445312,3.647036075592041,0.86614990234375,0.997384786605835,6.803463475080207e-05,98.4408187866211,-6.845099449157715,3sc53b5e,7,1.0
136050.0,120600,0.4942381978034973,8.283823013305664,0.1532813012599945,15.513781547546387,15.738320350646973,28.077983856201172,3.4841036796569824,0.88739013671875,0.9975025653839111,5.768064875155687e-05,147.91461181640625,-7.60418176651001,3sc53b5e,7,1.0
146250.0,130650,0.48466163873672485,6.581854820251465,0.1881014108657837,6.467678070068359,6.664875507354736,21.5090274810791,3.5059077739715576,0.9141845703125,0.9976377487182617,6.326565926428884e-05,65.97938537597656,-5.9348835945129395,3sc53b5e,7,1.0
156600.0,140700,0.49342265725135803,9.680233001708984,0.15128174424171448,12.33868408203125,12.517329216003418,27.599868774414062,2.9645836353302,0.90472412109375,0.9976494312286377,6.182672950671986e-05,143.49803161621094,-8.195837020874023,3sc53b5e,7,1.0
166351.0,150750,0.49314844608306885,10.467151641845703,0.13895076513290405,11.013687133789062,11.215293884277344,27.825756072998047,2.843656539916992,0.88836669921875,0.9975392818450928,6.071282041375525e-05,158.742919921875,-7.61052942276001,3sc53b5e,7,1.0
175800.0,160800,0.46343451738357544,6.125760555267334,0.14995911717414856,3.2328896522521973,3.421241521835327,19.332103729248047,3.8867337703704834,0.884765625,0.9973986148834229,5.6003515055635944e-05,55.02225112915039,-6.551576614379883,3sc53b5e,7,1.0
185850.0,170850,0.4900661110877991,11.445833206176758,0.12917716801166534,7.563198089599609,7.696535587310791,27.37924575805664,2.564769983291626,0.92694091796875,0.9977142810821533,6.406344618881121e-05,176.5025634765625,-7.272158622741699,3sc53b5e,7,1.0
195750.0,180900,0.48603659868240356,11.42888069152832,0.11373129487037659,5.763510227203369,5.889326095581055,27.119104385375977,2.6057467460632324,0.92816162109375,0.9977724552154541,6.321028922684491e-05,168.6842041015625,-7.742214202880859,3sc53b5e,7,1.0
205350.0,190950,0.48782116174697876,14.461477279663086,0.12272042036056519,5.600751876831055,5.685490608215332,27.756244659423828,2.1762704849243164,0.9495849609375,0.9978177547454834,6.074958946555853e-05,184.0165557861328,-7.86599063873291,3sc53b5e,7,1.0
216901.0,201000,0.4817887842655182,12.967676162719727,0.11625663191080093,3.7919440269470215,3.8799424171447754,27.001428604125977,2.373307466506958,0.93316650390625,0.9977664947509766,6.1033322708681226e-05,162.8426513671875,-6.999387741088867,3sc53b5e,7,1.0
227250.0,211050,0.47457897663116455,14.56882381439209,0.107053242623806,3.221599817276001,3.282108783721924,27.424869537353516,2.1843924522399902,0.939697265625,0.997760534286499,5.673395571648143e-05,176.61209106445312,-7.639394760131836,3sc53b5e,7,1.0
237000.0,221100,0.47918468713760376,13.467403411865234,0.09280101209878922,2.218374252319336,2.226527214050293,27.01624298095703,2.291919231414795,0.94097900390625,0.9978165626525879,5.4515279771294445e-05,165.96441650390625,-7.416910171508789,3sc53b5e,7,1.0
247650.0,231150,0.5103949308395386,11.14749813079834,0.07933460175991058,1.3613097667694092,1.25041925907135,24.957109451293945,2.7177109718322754,0.924072265625,0.9977297782897949,5.770915959146805e-05,139.49496459960938,-7.382303714752197,3sc53b5e,7,1.0
255900.0,241200,0.5616509914398193,9.279775619506836,0.08741435408592224,1.2264015674591064,0.8672083616256714,21.561473846435547,2.8130459785461426,0.9097900390625,0.9976418018341064,5.7063240092247725e-05,87.83172607421875,-6.5432024002075195,3sc53b5e,7,1.0
267450.0,251250,0.5194522142410278,17.203365325927734,0.06785540282726288,1.4639737606048584,1.247908115386963,28.174442291259766,2.063694953918457,0.9281005859375,0.9977304935455322,5.785148459835909e-05,205.88560485839844,-7.335720062255859,3sc53b5e,7,1.0
277350.0,261300,0.5388760566711426,12.500411987304688,0.06702645868062973,1.1771795749664307,0.9376622438430786,26.402793884277344,2.4789633750915527,0.9405517578125,0.9978196620941162,5.5817479733377695e-05,172.86343383789062,-7.739595413208008,3sc53b5e,7,1.0
286950.0,271350,0.5476967096328735,16.607799530029297,0.07074882835149765,1.2913596630096436,1.0026614665985107,27.635665893554688,1.9986906051635742,0.95635986328125,0.9978644847869873,5.5601798521820456e-05,199.67306518554688,-7.714574813842773,3sc53b5e,7,1.0
296250.0,281400,0.5539042949676514,13.336082458496094,0.06249227002263069,1.205511450767517,0.8848096132278442,26.98479652404785,2.3403208255767822,0.960693359375,0.9978773593902588,5.9344230976421386e-05,198.58590698242188,-7.681479454040527,3sc53b5e,7,1.0
305850.0,291450,0.5526255369186401,8.258645057678223,0.06491989642381668,0.9737710356712341,0.7476931810379028,22.741762161254883,3.256138563156128,0.9315185546875,0.9977397918701172,5.413925100583583e-05,104.39877319335938,-6.478019714355469,3sc53b5e,7,1.0
317550.0,301500,0.5711697936058044,16.09632110595703,0.07122465968132019,1.1085152626037598,0.7465565204620361,27.71407699584961,2.0308470726013184,0.95111083984375,0.9978477954864502,5.903585406485945e-05,201.64157104492188,-7.701165199279785,3sc53b5e,7,1.0
327750.0,311550,0.5598808526992798,13.285266876220703,0.055287376046180725,1.1459362506866455,0.8369557857513428,26.790058135986328,2.4938974380493164,0.96630859375,0.9979045391082764,5.699311805074103e-05,200.59226989746094,-7.041049003601074,3sc53b5e,7,1.0
337050.0,321600,0.5450383424758911,8.64228343963623,0.06107643246650696,0.9111093282699585,0.7177232503890991,23.989810943603516,3.078721046447754,0.9630126953125,0.9979298114776611,5.3457653848454356e-05,134.02127075195312,-5.802994251251221,3sc53b5e,7,1.0
346350.0,331650,0.5710310339927673,13.95827579498291,0.05635286495089531,1.149564266204834,0.7753485441207886,27.138208389282227,2.241511344909668,0.95611572265625,0.9978675842285156,5.946690362179652e-05,198.01345825195312,-7.412854194641113,3sc53b5e,7,1.0
358350.0,341700,0.5646705627441406,12.811124801635742,0.06144838035106659,1.0403990745544434,0.7622295618057251,26.690975189208984,2.422386646270752,0.9638671875,0.9979145526885986,5.44934555364307e-05,194.25648498535156,-7.267853736877441,3sc53b5e,7,1.0
367800.0,351750,0.572880744934082,12.353588104248047,0.06716229021549225,0.9922027587890625,0.6751293540000916,25.77248764038086,2.367868423461914,0.9564208984375,0.9978761672973633,5.990995487081818e-05,187.5654296875,-7.5621018409729,3sc53b5e,7,1.0
377250.0,361800,0.5544268488883972,9.204058647155762,0.05694153904914856,1.0721023082733154,0.8272058963775635,24.422439575195312,3.0117712020874023,0.95477294921875,0.9978952407836914,5.381106893764809e-05,145.6832275390625,-6.569077014923096,3sc53b5e,7,1.0
387150.0,371850,0.5503324270248413,8.197748184204102,0.07521791756153107,1.2933242321014404,1.0130770206451416,21.985801696777344,3.1327743530273438,0.9652099609375,0.9979555606842041,5.626502388622612e-05,109.08361053466797,-6.759475231170654,3sc53b5e,7,1.0
397050.0,381900,0.5917490720748901,12.874574661254883,0.061132319271564484,1.230035662651062,0.7826628684997559,26.95355796813965,2.378051280975342,0.96612548828125,0.9979078769683838,5.9738376876339316e-05,207.42149353027344,-7.394387722015381,3sc53b5e,7,1.0
406950.0,391950,0.5599665641784668,10.885917663574219,0.0687282383441925,1.1285922527313232,0.8178931474685669,26.321338653564453,2.8140385150909424,0.96612548828125,0.9979169368743896,5.585114558925852e-05,185.2763671875,-7.9255571365356445,3sc53b5e,7,1.0
418350.0,402000,0.524108350276947,7.232537269592285,0.04826349392533302,1.1613380908966064,0.984146237373352,21.666542053222656,3.4361865520477295,0.97222900390625,0.9979856014251709,5.638802394969389e-05,115.74385070800781,-6.12738561630249,3sc53b5e,7,1.0
428400.0,412050,0.5469353199005127,7.265599727630615,0.06307000666856766,1.2966554164886475,1.0386377573013306,21.224746704101562,3.2905802726745605,0.96759033203125,0.9979269504547119,5.2543597121257335e-05,103.27996063232422,-6.164716720581055,3sc53b5e,7,1.0
438150.0,422100,0.5771722793579102,12.858112335205078,0.05511587858200073,1.0967597961425781,0.7382346391677856,26.572269439697266,2.3675036430358887,0.9788818359375,0.9979763031005859,5.706403317162767e-05,204.9480743408203,-7.926203727722168,3sc53b5e,7,1.0
447900.0,432150,0.5616012811660767,11.148224830627441,0.05662913993000984,1.0612413883209229,0.7650624513626099,26.026121139526367,2.5991716384887695,0.96875,0.9979424476623535,5.62836357858032e-05,185.058349609375,-7.6232709884643555,3sc53b5e,7,1.0
457500.0,442200,0.5283656120300293,6.316364765167236,0.07458192110061646,1.658243179321289,1.4049813747406006,20.86874771118164,3.7443056106567383,0.95489501953125,0.9978818893432617,5.548541957978159e-05,99.17902374267578,-8.048654556274414,3sc53b5e,7,1.0
468900.0,452250,0.5715366005897522,11.986400604248047,0.06166520342230797,1.0726585388183594,0.7434830069541931,26.57394027709961,2.5345191955566406,0.9736328125,0.9979383945465088,5.8363977586850524e-05,203.47955322265625,-7.187161445617676,3sc53b5e,7,1.0
478800.0,462300,0.5436259508132935,10.400222778320312,0.058525361120700836,1.048133373260498,0.8377730846405029,25.281280517578125,2.7631783485412598,0.9710693359375,0.9979536533355713,5.906093429075554e-05,191.71392822265625,-7.669262886047363,3sc53b5e,7,1.0
487950.0,472350,0.5172820091247559,5.120359420776367,0.04908303916454315,1.4517139196395874,1.2723944187164307,19.447551727294922,4.233293533325195,0.96014404296875,0.9979293346405029,5.7586166803957894e-05,82.49555206298828,-6.093517303466797,3sc53b5e,7,1.0
496950.0,482400,0.5743088722229004,10.529059410095215,0.053621791303157806,1.1203014850616455,0.7753480672836304,25.74195098876953,2.914731502532959,0.96533203125,0.9979064464569092,5.852385947946459e-05,181.6371612548828,-7.164234161376953,3sc53b5e,7,1.0
508500.0,492450,0.5276222229003906,8.669173240661621,0.06163293123245239,1.2602686882019043,1.072662353515625,23.831096649169922,3.1762185096740723,0.9688720703125,0.9979276657104492,5.593149398919195e-05,155.85137939453125,-6.4025444984436035,3sc53b5e,7,1.0
517800.0,502500,0.5105544328689575,5.1200408935546875,0.058082565665245056,1.494184136390686,1.3837952613830566,19.683547973632812,4.351705074310303,0.968994140625,0.9979288578033447,5.664825584972277e-05,91.90809631347656,-5.822909355163574,3sc53b5e,7,1.0
528300.0,512550,0.550938606262207,9.394292831420898,0.060051970183849335,1.212912917137146,0.9495878219604492,25.354236602783203,3.014869213104248,0.97039794921875,0.9979500770568848,5.2725277782883495e-05,166.29257202148438,-6.042443752288818,3sc53b5e,7,1.0
537900.0,522600,0.5244143009185791,9.41295051574707,0.050490885972976685,1.2778571844100952,1.0823955535888672,24.044448852539062,2.871939182281494,0.96429443359375,0.9979095458984375,6.0003432736266404e-05,155.1533203125,-6.044496059417725,3sc53b5e,7,1.0
547350.0,532650,0.5085246562957764,4.664234638214111,0.04167960584163666,1.7546305656433105,1.6338098049163818,18.831554412841797,4.530526161193848,0.96527099609375,0.9979019165039062,5.980977221042849e-05,87.06132507324219,-6.08107852935791,3sc53b5e,7,1.0
556950.0,542700,0.5350966453552246,9.389364242553711,0.07107008993625641,1.1977132558822632,0.9876149892807007,24.292497634887695,2.8625049591064453,0.97576904296875,0.9979662895202637,5.3412099077831954e-05,164.50582885742188,-6.239656448364258,3sc53b5e,7,1.0
568650.0,552750,0.5188136696815491,7.7786664962768555,0.06216055527329445,1.354292392730713,1.1925721168518066,23.035491943359375,3.2583305835723877,0.9691162109375,0.9979395866394043,5.41042500117328e-05,143.2271728515625,-6.142804145812988,3sc53b5e,7,1.0
579000.0,562800,0.5532150268554688,10.257230758666992,0.059018418192863464,1.218209981918335,0.9257436394691467,25.57842254638672,2.8000731468200684,0.96563720703125,0.9979279041290283,5.578402124228887e-05,182.44308471679688,-7.707525253295898,3sc53b5e,7,1.0
588600.0,572850,0.5298374891281128,9.977723121643066,0.06725350022315979,1.4513142108917236,1.2232731580734253,24.672115325927734,2.8124032020568848,0.97882080078125,0.9979591369628906,5.292795322020538e-05,175.55328369140625,-7.268838405609131,3sc53b5e,7,1.0
598350.0,582900,0.508127748966217,7.001800060272217,0.07424739748239517,1.5013818740844727,1.3899543285369873,22.121789932250977,3.5384960174560547,0.97027587890625,0.9979729652404785,4.9235313781537116e-05,123.35018920898438,-6.206971645355225,3sc53b5e,7,1.0
607650.0,592950,0.536632776260376,10.71103286743164,0.06525207310914993,1.3200669288635254,1.0722213983535767,25.147918701171875,2.5343265533447266,0.97918701171875,0.9979710578918457,5.755783786298707e-05,180.25543212890625,-6.6651740074157715,3sc53b5e,7,1.0
618900.0,603000,0.5250263214111328,7.129739761352539,0.06124331057071686,1.4553802013397217,1.27707040309906,22.62673568725586,3.5977249145507812,0.969482421875,0.9979522228240967,6.376415694830939e-05,138.2398681640625,-6.179569244384766,3sc53b5e,7,1.0
627450.0,613050,0.535669207572937,10.639459609985352,0.0624639168381691,1.3007856607437134,1.088768720626831,24.672956466674805,2.5521812438964844,0.9725341796875,0.9979708194732666,5.197959399083629e-05,174.013427734375,-6.47411584854126,3sc53b5e,7,1.0
637650.0,623100,0.5288545489311218,9.826242446899414,0.06645092368125916,1.3945670127868652,1.1840580701828003,24.724645614624023,2.7774658203125,0.96728515625,0.9979257583618164,6.0424423281801865e-05,171.58358764648438,-7.010315895080566,3sc53b5e,7,1.0
649050.0,633150,0.5142641067504883,7.526151657104492,0.0651470273733139,1.4884862899780273,1.3362945318222046,23.32375717163086,3.5202910900115967,0.968994140625,0.9979603290557861,5.4259056923910975e-05,144.38973999023438,-6.0761003494262695,3sc53b5e,7,1.0
658350.0,643200,0.5421212315559387,10.21719741821289,0.05480724945664406,1.2548909187316895,1.0142054557800293,25.629642486572266,2.8133599758148193,0.975341796875,0.9979615211486816,5.509386392077431e-05,196.60861206054688,-7.263758659362793,3sc53b5e,7,1.0
669900.0,653250,0.5284205079078674,9.257339477539062,0.0666254311800003,1.4629666805267334,1.2442312240600586,24.646331787109375,2.914128541946411,0.97900390625,0.9979748725891113,4.814449857803993e-05,175.4892578125,-6.7435383796691895,3sc53b5e,7,1.0
678000.0,663300,0.5170528292655945,8.85237979888916,0.06245279312133789,1.3094730377197266,1.1704280376434326,23.973154067993164,2.967654228210449,0.982421875,0.9980349540710449,6.0227117501199245e-05,164.48776245117188,-6.9499077796936035,3sc53b5e,7,1.0
688350.0,673350,0.5419952869415283,9.245647430419922,0.06085312366485596,1.3025767803192139,1.048050880432129,24.66412353515625,3.0613417625427246,0.969482421875,0.9979345798492432,6.17963814875111e-05,175.16287231445312,-7.28863000869751,3sc53b5e,7,1.0
700050.0,683400,0.5232336521148682,8.920354843139648,0.061298176646232605,1.333036184310913,1.1686789989471436,24.753416061401367,3.0914571285247803,0.98577880859375,0.9979968070983887,5.276473530102521e-05,176.1395263671875,-7.3948073387146,3sc53b5e,7,1.0
709050.0,693450,0.5075005292892456,7.158487796783447,0.07705376297235489,1.587085485458374,1.4896140098571777,22.17462158203125,3.4044370651245117,0.9774169921875,0.9980130195617676,5.887833685846999e-05,135.22320556640625,-7.27735710144043,3sc53b5e,7,1.0
718200.0,703500,0.5122655034065247,7.790949821472168,0.06543268263339996,1.545902967453003,1.4208357334136963,23.369945526123047,3.299985408782959,0.9849853515625,0.9980080127716064,5.7627068599686027e-05,151.96017456054688,-7.080336570739746,3sc53b5e,7,1.0
728400.0,713550,0.5325272083282471,9.92789077758789,0.05672256276011467,1.360791802406311,1.1459218263626099,24.711963653564453,2.7381491661071777,0.97662353515625,0.9979803562164307,5.226730718277395e-05,186.3267822265625,-6.993333339691162,3sc53b5e,7,1.0
738000.0,723600,0.5239546298980713,8.368292808532715,0.057240281254053116,1.5563833713531494,1.374521255493164,24.11153793334961,3.187351703643799,0.9791259765625,0.9979593753814697,5.373591557145119e-05,167.8987274169922,-6.9088029861450195,3sc53b5e,7,1.0
749700.0,733650,0.5280004739761353,8.770822525024414,0.05922924727201462,1.4924736022949219,1.2805523872375488,24.166873931884766,3.075787305831909,0.9755859375,0.9979453086853027,5.587179111898877e-05,173.05401611328125,-7.241332054138184,3sc53b5e,7,1.0
759300.0,743700,0.5090280771255493,7.184896469116211,0.0724281519651413,1.5882232189178467,1.4680211544036865,22.687456130981445,3.4829161167144775,0.99139404296875,0.9980239868164062,5.945066732238047e-05,142.6320037841797,-6.632391452789307,3sc53b5e,7,1.0
769050.0,753750,0.4999195337295532,5.347390651702881,0.08264784514904022,2.139187812805176,2.058340072631836,19.484375,4.047494888305664,0.96575927734375,0.9980285167694092,4.85279451822862e-05,98.71786499023438,-5.361895561218262,3sc53b5e,7,1.0
778800.0,763800,0.511672854423523,9.132853507995605,0.06108199059963226,1.7814524173736572,1.620659589767456,24.973342895507812,3.0059213638305664,0.96337890625,0.9979050159454346,5.330737985786982e-05,184.322021484375,-7.337335109710693,3sc53b5e,7,1.0
789900.0,773850,0.5015956163406372,7.286151885986328,0.0718858614563942,1.936866044998169,1.8359475135803223,21.758773803710938,3.2736775875091553,0.98199462890625,0.9979965686798096,5.6687295000301674e-05,132.68106079101562,-6.1227593421936035,3sc53b5e,7,1.0
798900.0,783900,0.510988712310791,9.116460800170898,0.05480024963617325,1.7127697467803955,1.5707002878189087,24.42871856689453,2.9493579864501953,0.98028564453125,0.9979948997497559,5.573304952122271e-05,174.16549682617188,-7.406577110290527,3sc53b5e,7,1.0
810600.0,793950,0.5134427547454834,8.765990257263184,0.06576595455408096,1.6884230375289917,1.5344698429107666,23.993078231811523,2.990340232849121,0.98004150390625,0.9979641437530518,5.803261592518538e-05,167.249755859375,-6.429980754852295,3sc53b5e,7,1.0
819750.0,804000,0.510541558265686,8.416357040405273,0.07229402661323547,1.6900500059127808,1.5575857162475586,23.85306167602539,3.112098217010498,0.9818115234375,0.9979932308197021,5.235564094618894e-05,176.97396850585938,-6.29181432723999,3sc53b5e,7,1.0
829650.0,814050,0.505424976348877,5.422902584075928,0.06492868065834045,1.7253247499465942,1.659506916999817,20.199012756347656,4.274435997009277,0.9803466796875,0.9980216026306152,5.4921671107877046e-05,113.86372375488281,-6.009033679962158,3sc53b5e,7,1.0
839100.0,824100,0.5141687989234924,9.135493278503418,0.06485806405544281,1.619714379310608,1.4466595649719238,24.29751205444336,2.9219517707824707,0.98052978515625,0.9979972839355469,5.5383141443599015e-05,178.73269653320312,-6.500441074371338,3sc53b5e,7,1.0
848700.0,834150,0.5130182504653931,7.6507158279418945,0.06621873378753662,1.662806510925293,1.5103638172149658,23.525009155273438,3.418102741241455,0.9896240234375,0.9980354309082031,5.923057324253023e-05,169.78497314453125,-7.052163124084473,3sc53b5e,7,1.0
858450.0,844200,0.5058295130729675,4.379728317260742,0.06332787871360779,2.2547101974487305,2.1472253799438477,17.69561767578125,4.549587726593018,0.96282958984375,0.9979116916656494,5.581767618423328e-05,79.34213256835938,-5.695116996765137,3sc53b5e,7,1.0
870150.0,854250,0.49887531995773315,7.822970867156982,0.07188098132610321,1.7869303226470947,1.6975762844085693,23.338315963745117,3.339172840118408,0.9898681640625,0.9980630874633789,5.288768443278968e-05,156.12823486328125,-6.581368446350098,3sc53b5e,7,1.0
879900.0,864300,0.5003132820129395,5.68195915222168,0.0860363245010376,2.1938400268554688,2.120748519897461,19.349475860595703,3.8275837898254395,0.97454833984375,0.9979774951934814,5.383222742239013e-05,106.27796936035156,-5.498148441314697,3sc53b5e,7,1.0
889200.0,874350,0.4980483651161194,3.8425657749176025,0.08032862842082977,3.2252402305603027,3.1569576263427734,16.526611328125,4.925992488861084,0.9713134765625,0.9979705810546875,5.81522035645321e-05,64.40081787109375,-6.20178747177124,3sc53b5e,7,1.0
899100.0,884400,0.5001755356788635,7.057498931884766,0.08118926733732224,2.1792097091674805,2.0880918502807617,21.87289810180664,3.4376518726348877,0.990234375,0.9980382919311523,5.464594141812995e-05,141.17437744140625,-6.705886363983154,3sc53b5e,7,1.0
911100.0,894450,0.49824759364128113,5.434848785400391,0.08064033836126328,2.219003200531006,2.1554677486419678,19.437471389770508,3.9821674823760986,0.98358154296875,0.9980261325836182,5.5717457144055516e-05,109.2845458984375,-5.647707939147949,3sc53b5e,7,1.0
919950.0,904500,0.5106301307678223,8.310125350952148,0.06584696471691132,1.9436792135238647,1.7888736724853516,24.2744140625,3.2326245307922363,0.97418212890625,0.9979343414306641,5.3823780035600066e-05,178.55575561523438,-7.3828887939453125,3sc53b5e,7,1.0
930150.0,914550,0.4986090064048767,7.007052421569824,0.06430420279502869,2.0143067836761475,1.929523229598999,22.887842178344727,3.6657118797302246,0.98919677734375,0.9980435371398926,5.61814995307941e-05,145.5859832763672,-6.3626885414123535,3sc53b5e,7,1.0
940950.0,924600,0.5031764507293701,8.391267776489258,0.061986975371837616,1.7364239692687988,1.629836082458496,23.502273559570312,3.0392277240753174,0.9913330078125,0.9980747699737549,5.5522104958072305e-05,160.35182189941406,-6.051217555999756,3sc53b5e,7,1.0
951300.0,934650,0.5000690817832947,6.701672077178955,0.07578270137310028,2.1605002880096436,2.0744071006774902,21.937633514404297,3.742840051651001,0.98504638671875,0.9979724884033203,5.714680446544662e-05,144.65040588378906,-6.214472770690918,3sc53b5e,7,1.0
960750.0,944700,0.501605749130249,4.2620110511779785,0.0645739883184433,2.6189517974853516,2.5408239364624023,17.21023941040039,4.649308204650879,0.9761962890625,0.9979522228240967,5.3526440751738846e-05,75.64177703857422,-5.719628810882568,3sc53b5e,7,1.0
969750.0,954750,0.4982011616230011,7.078250408172607,0.0664401426911354,2.259533643722534,2.1664445400238037,22.48919677734375,3.5286478996276855,0.98779296875,0.9980146884918213,5.204829358262941e-05,156.35572814941406,-6.968019962310791,3sc53b5e,7,1.0
979800.0,964800,0.4965291917324066,6.219830513000488,0.06597921252250671,2.305302619934082,2.237448215484619,20.41341781616211,3.7826051712036133,0.97882080078125,0.9980151653289795,5.090875492896885e-05,125.47630310058594,-5.87620210647583,3sc53b5e,7,1.0
991200.0,974850,0.4993414878845215,4.804023265838623,0.055889762938022614,2.6112325191497803,2.5360498428344727,17.533763885498047,4.202057838439941,0.97784423828125,0.9980275630950928,5.360344221116975e-05,83.43990325927734,-6.519952774047852,3sc53b5e,7,1.0
1000350.0,984900,0.5034042596817017,7.877349853515625,0.06740711629390717,2.0783562660217285,1.974970817565918,23.436729431152344,3.314143180847168,0.97772216796875,0.9979448318481445,5.4288215324049816e-05,168.85903930664062,-6.30729866027832,3sc53b5e,7,1.0
24450.0,10050,0.4824240207672119,5.004175186157227,-0.25104087591171265,16.616378784179688,17.187223434448242,24.294429779052734,4.867320537567139,0.6572265625,0.996283769607544,8.151747169904411e-05,69.79563903808594,1.3213746547698975,f403ebaz,6,1.0
36300.0,20100,0.49177372455596924,5.29163932800293,-0.2112198770046234,21.16521644592285,21.5848388671875,25.215465545654297,4.77442741394043,0.74591064453125,0.9966051578521729,6.866851617814973e-05,102.20135498046875,-1.090993881225586,f403ebaz,6,1.0
45450.0,30150,0.4930249750614166,5.282057285308838,-0.2034662365913391,27.492534637451172,27.942378997802734,25.941280364990234,4.935863494873047,0.77105712890625,0.9968745708465576,6.180942000355572e-05,121.00578308105469,-3.3994526863098145,f403ebaz,6,1.0
55200.0,40200,0.4955957531929016,4.960481643676758,-0.1863420605659485,25.120136260986328,25.434803009033203,24.691619873046875,5.038146018981934,0.81854248046875,0.9971199035644531,7.253574585774913e-05,121.96559143066406,-5.48411750793457,f403ebaz,6,1.0
65101.0,50250,0.49614378809928894,4.818105697631836,-0.15531641244888306,24.789031982421875,25.052318572998047,24.591930389404297,5.172873497009277,0.82342529296875,0.9971859455108643,7.032307621557266e-05,125.84585571289062,-6.244548320770264,f403ebaz,6,1.0
76950.0,60300,0.4955076277256012,5.020314693450928,-0.14163801074028015,23.673511505126953,23.92760467529297,24.56529426574707,4.9615068435668945,0.84124755859375,0.9972751140594482,7.986514538060874e-05,133.27000427246094,-7.0973310470581055,f403ebaz,6,1.0
86100.0,70350,0.4928412139415741,4.740420341491699,-0.1046130582690239,16.15735626220703,16.44108772277832,22.55453872680664,4.9017157554626465,0.82440185546875,0.9972219467163086,8.209540828829631e-05,105.3232421875,-6.408516883850098,f403ebaz,6,1.0
95400.0,80400,0.4953490197658539,5.284804344177246,-0.11815020442008972,23.249013900756836,23.485721588134766,25.244178771972656,4.9111127853393555,0.86614990234375,0.9974305629730225,7.912424916867167e-05,164.65682983398438,-6.545618057250977,f403ebaz,6,1.0
105300.0,90450,0.49630147218704224,5.414620399475098,-0.09085269272327423,21.234600067138672,21.422874450683594,25.222768783569336,4.834656238555908,0.8863525390625,0.99747633934021,7.807640940882266e-05,164.45977783203125,-7.114712238311768,f403ebaz,6,1.0
116401.0,100500,0.49573004245758057,4.309785842895508,-0.05348631367087364,12.505705833435059,12.678916931152344,21.308584213256836,5.150038719177246,0.8941650390625,0.9975357055664062,7.57479720050469e-05,120.34996795654297,-6.128191947937012,f403ebaz,6,1.0
124950.0,110550,0.498195081949234,5.606610298156738,-0.06844326853752136,19.675338745117188,19.79764747619629,25.446636199951172,4.693049430847168,0.9022216796875,0.9975724220275879,7.793436088832095e-05,182.8243865966797,-6.757568359375,f403ebaz,6,1.0
135450.0,120600,0.4970442056655884,5.480811595916748,-0.040447577834129333,16.7359619140625,16.909282684326172,25.063739776611328,4.796038627624512,0.90283203125,0.9976112842559814,8.177185372915119e-05,198.3197479248047,-6.597478866577148,f403ebaz,6,1.0
145650.0,130650,0.49687662720680237,5.376540660858154,-0.03903613239526749,13.487505912780762,13.625141143798828,24.480623245239258,4.762161731719971,0.92230224609375,0.9977283477783203,7.241095590870827e-05,183.34774780273438,-6.686513900756836,f403ebaz,6,1.0
155850.0,140700,0.4974849820137024,6.103446006774902,-0.037015341222286224,13.679912567138672,13.813496589660645,25.790802001953125,4.426023960113525,0.90936279296875,0.9976441860198975,7.409468526020646e-05,212.29525756835938,-6.6152238845825195,f403ebaz,6,1.0
165601.0,150750,0.4979247450828552,5.604103088378906,-0.01929200068116188,11.29433822631836,11.385923385620117,24.836463928222656,4.745691299438477,0.93218994140625,0.9977490901947021,7.575233757961541e-05,201.35304260253906,-6.6637420654296875,f403ebaz,6,1.0
177450.0,160800,0.5044065713882446,5.119753360748291,-0.008530856110155582,7.290990829467773,7.088384628295898,23.746849060058594,5.130568027496338,0.8280029296875,0.9968607425689697,9.087614307645708e-05,182.1463165283203,-7.196043491363525,f403ebaz,6,1.0
187500.0,170850,0.496102899312973,6.658817291259766,-0.009659804403781891,9.307143211364746,9.377471923828125,25.77315330505371,4.118305206298828,0.94281005859375,0.9978129863739014,8.299112232634798e-05,217.5029296875,-6.862799167633057,f403ebaz,6,1.0
197250.0,180900,0.49826380610466003,6.802077293395996,-0.0014165195170789957,7.701961517333984,7.774353504180908,25.21294403076172,3.9113028049468994,0.94061279296875,0.9978251457214355,7.972169987624511e-05,220.18023681640625,-5.98525333404541,f403ebaz,6,1.0
207000.0,190950,0.49491849541664124,6.815997123718262,0.015060643665492535,5.955925941467285,6.033646583557129,25.444761276245117,4.064722061157227,0.9285888671875,0.997734785079956,7.449086115229875e-05,220.90684509277344,-6.643792629241943,f403ebaz,6,1.0
215851.0,201000,0.4992172420024872,6.027206897735596,0.023236263543367386,3.6016805171966553,3.602769613265991,24.099773406982422,4.349124431610107,0.9443359375,0.9978585243225098,7.25420395610854e-05,195.7218475341797,-7.291020393371582,f403ebaz,6,1.0
226050.0,211050,0.49391812086105347,8.18517780303955,0.01287531852722168,4.205111503601074,4.255382537841797,26.04732894897461,3.460005044937134,0.9310302734375,0.99770188331604,6.940706953173503e-05,249.93997192382812,-6.827382564544678,f403ebaz,6,1.0
235800.0,221100,0.4978950619697571,7.462059020996094,0.008395987562835217,3.100863218307495,3.097299098968506,25.30670738220215,3.7332603931427,0.95758056640625,0.9978833198547363,7.065142563078552e-05,259.3822937011719,-6.743114471435547,f403ebaz,6,1.0
246450.0,231150,0.5015621185302734,7.331992149353027,0.02140014059841633,2.4378652572631836,2.3997044563293457,24.038108825683594,3.636122703552246,0.9547119140625,0.9978504180908203,7.37557711545378e-05,213.38394165039062,-6.419393539428711,f403ebaz,6,1.0
256800.0,241200,0.5065098404884338,8.165576934814453,0.01938692107796669,2.4288156032562256,2.2840564250946045,25.71878433227539,3.5704503059387207,0.93109130859375,0.997765302658081,7.695595559198409e-05,254.8121795654297,-6.7728495597839355,f403ebaz,6,1.0
267900.0,251250,0.503268837928772,7.730778217315674,0.02403012104332447,2.0038394927978516,1.9575884342193604,24.67829704284668,3.616178035736084,0.93670654296875,0.9978265762329102,7.157892105169594e-05,245.9292755126953,-7.052644729614258,f403ebaz,6,1.0
277200.0,261300,0.5179481506347656,6.345552444458008,0.031832337379455566,2.01214599609375,1.8945863246917725,22.226764678955078,3.9761595726013184,0.9390869140625,0.997814416885376,7.849009853089228e-05,185.85400390625,-6.085954189300537,f403ebaz,6,1.0
286500.0,271350,0.5139037370681763,8.549858093261719,0.020459763705730438,1.8409452438354492,1.7168993949890137,25.50216293334961,3.4296212196350098,0.9482421875,0.9978232383728027,6.889701035106555e-05,266.7203369140625,-6.9223175048828125,f403ebaz,6,1.0
295950.0,281400,0.5158190727233887,8.674038887023926,0.024460095912218094,2.0626649856567383,1.9052140712738037,24.711971282958984,3.2115285396575928,0.96197509765625,0.9978678226470947,8.109839109238237e-05,272.5325012207031,-7.320158004760742,f403ebaz,6,1.0
307650.0,291450,0.5175126194953918,7.6733784675598145,0.04080425947904587,2.2129926681518555,2.075982093811035,23.568092346191406,3.5127315521240234,0.9317626953125,0.9977688789367676,7.520279905293137e-05,231.87840270996094,-6.8130598068237305,f403ebaz,6,1.0
317400.0,301500,0.5095329284667969,4.898041248321533,0.046215079724788666,2.834794044494629,2.72091007232666,19.144712448120117,4.370375633239746,0.9462890625,0.9978044033050537,6.776819645892829e-05,129.8749237060547,-5.712588310241699,f403ebaz,6,1.0
327150.0,311550,0.5251355171203613,8.48526382446289,0.0160458292812109,2.0110464096069336,1.836321473121643,25.061063766479492,3.334364175796509,0.9613037109375,0.9978954792022705,7.44794961065054e-05,273.4836730957031,-6.659091949462891,f403ebaz,6,1.0
336300.0,321600,0.5237174034118652,8.817234992980957,0.02216673456132412,2.1938462257385254,2.0097873210906982,24.56648063659668,3.060474395751953,0.95989990234375,0.9978694915771484,7.64972937759012e-05,275.3235778808594,-5.946504592895508,f403ebaz,6,1.0
348000.0,331650,0.5066707134246826,4.207420349121094,0.05153973400592804,3.587317705154419,3.4782838821411133,17.4788875579834,4.803586959838867,0.95294189453125,0.9978673458099365,7.842214836273342e-05,122.80118560791016,-5.765995979309082,f403ebaz,6,1.0
357150.0,341700,0.5153380632400513,8.334163665771484,0.024651292711496353,2.673128843307495,2.533092498779297,24.670024871826172,3.459994316101074,0.95867919921875,0.9978885650634766,6.951448449399322e-05,267.1083984375,-7.162476539611816,f403ebaz,6,1.0
366901.0,351750,0.5081672072410583,7.397115707397461,0.02741023153066635,3.033139228820801,2.9110617637634277,23.147987365722656,3.6564724445343018,0.97479248046875,0.9979648590087891,7.47526646591723e-05,244.93496704101562,-7.349800109863281,f403ebaz,6,1.0
378150.0,361800,0.5040018558502197,5.637452125549316,0.03504546731710434,3.195430278778076,3.1016135215759277,20.220319747924805,4.065642833709717,0.94952392578125,0.9979124069213867,7.074393215589225e-05,178.2916717529297,-5.972205638885498,f403ebaz,6,1.0
388200.0,371850,0.5044667720794678,4.795767784118652,0.04389037564396858,3.7900619506835938,3.7194275856018066,19.052276611328125,4.581340789794922,0.97314453125,0.997957706451416,7.621487020514905e-05,144.64639282226562,-5.665246486663818,f403ebaz,6,1.0
398100.0,381900,0.5055208802223206,7.959116458892822,0.022181469947099686,2.7505011558532715,2.643641710281372,24.22489356994629,3.493196725845337,0.95947265625,0.9978981018066406,7.626712613273412e-05,270.7513427734375,-6.337386131286621,f403ebaz,6,1.0
407850.0,391950,0.5095638036727905,7.506458759307861,0.030841374769806862,3.2509098052978516,3.1376004219055176,23.368804931640625,3.610055923461914,0.9503173828125,0.997868537902832,7.932844164315611e-05,251.00364685058594,-6.430904388427734,f403ebaz,6,1.0
417001.0,402000,0.5062639713287354,6.771543025970459,0.030473411083221436,3.1542787551879883,3.0427730083465576,23.03131866455078,3.882016658782959,0.9599609375,0.9978988170623779,7.676229870412499e-05,240.38758850097656,-6.761084079742432,f403ebaz,6,1.0
428400.0,412050,0.5038884282112122,5.2090582847595215,0.0315152108669281,3.7375707626342773,3.6510825157165527,19.020809173583984,4.218674182891846,0.9632568359375,0.9979743957519531,7.487340189982206e-05,151.47702026367188,-6.131508827209473,f403ebaz,6,1.0
438000.0,422100,0.5066184997558594,8.009174346923828,0.019996266812086105,2.973031997680664,2.8673439025878906,24.471168518066406,3.508234977722168,0.9708251953125,0.9979345798492432,7.568384171463549e-05,293.9354553222656,-7.420671463012695,f403ebaz,6,1.0
447750.0,432150,0.5044940710067749,6.807871341705322,0.02923351153731346,3.576221227645874,3.476149797439575,22.061687469482422,3.7029123306274414,0.949951171875,0.9978711605072021,7.696144166402519e-05,236.64566040039062,-6.0319623947143555,f403ebaz,6,1.0
457200.0,442200,0.5050253868103027,5.40514612197876,0.030932322144508362,3.9644126892089844,3.9045886993408203,19.641756057739258,4.1173095703125,0.9732666015625,0.9979739189147949,7.822772022336721e-05,163.6401824951172,-5.580615043640137,f403ebaz,6,1.0
468900.0,452250,0.502662718296051,8.018826484680176,0.021007368341088295,2.945753574371338,2.8782944679260254,24.42951202392578,3.448094367980957,0.984130859375,0.9979748725891113,7.969560101628304e-05,284.60552978515625,-7.702693462371826,f403ebaz,6,1.0
478800.0,462300,0.5050501823425293,6.758379936218262,0.023355767130851746,3.5494091510772705,3.4566128253936768,22.03363037109375,3.7779200077056885,0.96484375,0.9979584217071533,7.726204057689756e-05,221.74441528320312,-6.422411918640137,f403ebaz,6,1.0
487800.0,472350,0.5011842846870422,7.8762593269348145,0.018913695588707924,3.5076045989990234,3.447878122329712,23.73702621459961,3.440751552581787,0.97906494140625,0.9979889392852783,7.031210407149047e-05,266.47216796875,-7.421038627624512,f403ebaz,6,1.0
499050.0,482400,0.5044411420822144,7.51761531829834,0.03046587109565735,3.2204184532165527,3.133836269378662,23.585594177246094,3.606337547302246,0.96978759765625,0.9979245662689209,7.376035500783473e-05,265.88421630859375,-7.520810127258301,f403ebaz,6,1.0
508200.0,492450,0.5022683143615723,6.9130120277404785,0.03537101298570633,3.7417235374450684,3.685795307159424,22.58584213256836,3.7472474575042725,0.98150634765625,0.9979956150054932,7.1989037678577e-05,231.4169158935547,-6.738597869873047,f403ebaz,6,1.0
518100.0,502500,0.501897931098938,4.885035514831543,0.043427202850580215,4.627534866333008,4.549141883850098,18.116859436035156,4.204140663146973,0.965576171875,0.9979507923126221,7.901973731350154e-05,149.5976104736328,-6.475417137145996,f403ebaz,6,1.0
528000.0,512550,0.5033681392669678,7.378885269165039,0.024304069578647614,3.6141514778137207,3.5070016384124756,23.286205291748047,3.8734092712402344,0.9530029296875,0.9978616237640381,7.75860680732876e-05,272.0035400390625,-6.7180681228637695,f403ebaz,6,1.0
537750.0,522600,0.5019930005073547,5.630455017089844,0.03682336583733559,4.210942268371582,4.1452507972717285,20.94611358642578,4.291530609130859,0.971923828125,0.9979290962219238,6.870436482131481e-05,233.5623779296875,-6.527440547943115,f403ebaz,6,1.0
547200.0,532650,0.5002248287200928,7.487092018127441,0.029136046767234802,3.3906965255737305,3.286318063735962,23.498390197753906,3.6303741931915283,0.97064208984375,0.9979138374328613,6.971953553147614e-05,270.378173828125,-7.085129261016846,f403ebaz,6,1.0
557250.0,542700,0.5023356676101685,6.846994400024414,0.01924595609307289,3.6953275203704834,3.5930724143981934,22.95587921142578,3.911989212036133,0.954345703125,0.9978771209716797,7.402047049254179e-05,267.060791015625,-6.94325590133667,f403ebaz,6,1.0
568950.0,552750,0.5037758350372314,5.017822742462158,0.045858968049287796,4.552221298217773,4.487473487854004,18.709888458251953,4.193735599517822,0.97076416015625,0.9979660511016846,7.776466372888535e-05,164.87831115722656,-6.200661659240723,f403ebaz,6,1.0
579150.0,562800,0.5013320446014404,7.827395439147949,0.0279668141156435,3.714664936065674,3.6243743896484375,23.685367584228516,3.425934076309204,0.97003173828125,0.9979233741760254,7.434493454638869e-05,285.98992919921875,-7.128433704376221,f403ebaz,6,1.0
588900.0,572850,0.4998578727245331,6.992926120758057,0.02324669063091278,3.569653272628784,3.488281726837158,23.105300903320312,3.678312301635742,0.9794921875,0.9979677200317383,7.511366857215762e-05,258.26861572265625,-6.714730739593506,f403ebaz,6,1.0
598800.0,582900,0.5035184621810913,4.947229385375977,0.04216238856315613,4.672346591949463,4.602391242980957,18.510841369628906,4.120067596435547,0.96478271484375,0.9980227947235107,7.024972728686407e-05,169.39797973632812,-6.484246253967285,f403ebaz,6,1.0
608100.0,592950,0.5020629167556763,7.4623613357543945,0.02510257251560688,3.2628328800201416,3.191375970840454,23.516735076904297,3.501194477081299,0.97998046875,0.99798583984375,7.328068022616208e-05,266.38836669921875,-6.472794532775879,f403ebaz,6,1.0
618000.0,603000,0.5023430585861206,6.035530090332031,0.033865466713905334,3.8240349292755127,3.762159824371338,21.473283767700195,4.030860900878906,0.97271728515625,0.9979851245880127,7.086650293786079e-05,234.8717041015625,-6.643364906311035,f403ebaz,6,1.0
628350.0,613050,0.5036706924438477,5.823509216308594,0.035579681396484375,4.292187690734863,4.230201721191406,19.872642517089844,3.807124614715576,0.96759033203125,0.9979901313781738,7.223010470625013e-05,176.0918426513672,-7.239205360412598,f403ebaz,6,1.0
638400.0,623100,0.5026950240135193,5.274364471435547,0.04039960354566574,4.244337558746338,4.188409805297852,18.905616760253906,3.9702587127685547,0.97369384765625,0.998049259185791,7.787799404468387e-05,167.78672790527344,-6.472131729125977,f403ebaz,6,1.0
649650.0,633150,0.49932947754859924,7.3609619140625,0.030731163918972015,3.3418073654174805,3.2852096557617188,23.017086029052734,3.450775623321533,0.9871826171875,0.9980118274688721,7.03639307175763e-05,264.0770263671875,-7.137571811676025,f403ebaz,6,1.0
658950.0,643200,0.5012105703353882,5.633781909942627,0.03912084922194481,4.427860260009766,4.386234760284424,20.056480407714844,4.070272445678711,0.98077392578125,0.9980676174163818,7.598387310281396e-05,203.57351684570312,-6.609896183013916,f403ebaz,6,1.0
668400.0,653250,0.5040897727012634,3.783686399459839,0.056429602205753326,5.215174674987793,5.140313148498535,15.91849422454834,5.078335285186768,0.96966552734375,0.9978961944580078,8.020250970730558e-05,119.2819595336914,-5.901474475860596,f403ebaz,6,1.0
678900.0,663300,0.5017505884170532,6.997694969177246,0.021827399730682373,4.109191417694092,4.036828994750977,22.787548065185547,3.690727710723877,0.9696044921875,0.9979074001312256,6.791213672840968e-05,269.7584228515625,-6.833632946014404,f403ebaz,6,1.0
688800.0,673350,0.5017023086547852,5.4141645431518555,0.035046469420194626,3.996654987335205,3.939516305923462,20.705001831054688,4.383203983306885,0.98040771484375,0.9980063438415527,7.20599782653153e-05,216.67453002929688,-6.632966041564941,f403ebaz,6,1.0
697950.0,683400,0.4978828430175781,7.595401763916016,0.021887775510549545,3.5015125274658203,3.446037530899048,23.65389060974121,3.53726863861084,0.98455810546875,0.9979948997497559,6.828577897977084e-05,269.74652099609375,-6.9689483642578125,f403ebaz,6,1.0
709650.0,693450,0.49970483779907227,6.441391944885254,0.028146687895059586,3.9900572299957275,3.954379081726074,21.613140106201172,4.025406837463379,0.983642578125,0.9980475902557373,7.203302811831236e-05,231.50404357910156,-6.646944046020508,f403ebaz,6,1.0
719100.0,703500,0.5035732984542847,4.121119499206543,0.060280971229076385,5.031864643096924,4.96732234954834,16.343761444091797,4.508250713348389,0.97381591796875,0.9979968070983887,7.801906031090766e-05,131.767578125,-6.943717956542969,f403ebaz,6,1.0
729150.0,713550,0.5010054707527161,7.038061141967773,0.019113440066576004,3.985511302947998,3.9260172843933105,22.391231536865234,3.530416488647461,0.9732666015625,0.9979605674743652,7.243097934406251e-05,243.96826171875,-7.143675327301025,f403ebaz,6,1.0
738900.0,723600,0.5006701946258545,5.742033004760742,0.029255259782075882,3.8308753967285156,3.7966034412384033,21.03708267211914,4.265555381774902,0.98175048828125,0.9980201721191406,7.255062519107014e-05,219.10992431640625,-6.339505195617676,f403ebaz,6,1.0
748200.0,733650,0.4998491704463959,8.054319381713867,0.014761476777493954,3.2264556884765625,3.143756866455078,23.80859375,3.3530800342559814,0.96636962890625,0.9979405403137207,7.619438110850751e-05,283.1858215332031,-7.314542770385742,f403ebaz,6,1.0
760200.0,743700,0.5003854036331177,6.375088691711426,0.027636447921395302,4.037756443023682,3.992016315460205,21.883901596069336,3.9891390800476074,0.978271484375,0.9980068206787109,7.262802682816982e-05,239.23919677734375,-6.7542219161987305,f403ebaz,6,1.0
768300.0,753750,0.5027136206626892,4.453363418579102,0.04800068959593773,4.82547664642334,4.779796600341797,17.224138259887695,4.558656692504883,0.98248291015625,0.998042106628418,7.555966294603422e-05,139.673828125,-6.8565168380737305,f403ebaz,6,1.0
780000.0,763800,0.4961335062980652,6.851831912994385,0.024170484393835068,3.7001898288726807,3.658707618713379,22.58714485168457,3.873385429382324,0.98504638671875,0.9979960918426514,7.588708831463009e-05,270.283203125,-7.190828323364258,f403ebaz,6,1.0
789000.0,773850,0.5020303726196289,5.488086223602295,0.031881581991910934,4.2784810066223145,4.22341251373291,20.33725929260254,4.346161365509033,0.98016357421875,0.9980173110961914,7.495112367905676e-05,211.2718048095703,-6.409059524536133,f403ebaz,6,1.0
800400.0,783900,0.4963260889053345,7.384338855743408,0.01167488843202591,3.557584762573242,3.490466833114624,23.045604705810547,3.620048999786377,0.97509765625,0.9979662895202637,7.713610830251127e-05,272.27130126953125,-6.999007225036621,f403ebaz,6,1.0
809100.0,793950,0.5015231370925903,6.330610275268555,0.019142186269164085,3.5449271202087402,3.4942469596862793,21.872329711914062,3.9335131645202637,0.98260498046875,0.9979703426361084,7.078646740410477e-05,236.0037384033203,-6.7211151123046875,f403ebaz,6,1.0
818550.0,804000,0.5017197132110596,5.3300018310546875,0.027376167476177216,4.588492393493652,4.551784515380859,19.635650634765625,4.251875877380371,0.98565673828125,0.998021125793457,7.145461859181523e-05,178.9340057373047,-5.920670032501221,f403ebaz,6,1.0
830100.0,814050,0.4980327785015106,7.583992004394531,0.006562401074916124,3.400348663330078,3.351809501647949,24.26043701171875,3.621189594268799,0.98358154296875,0.9979841709136963,7.594225462526083e-05,264.1056823730469,-7.059167385101318,f403ebaz,6,1.0
839550.0,824100,0.49905285239219666,6.205906867980957,0.02851712703704834,3.9159324169158936,3.868734359741211,22.23461151123047,4.1752824783325195,0.98016357421875,0.9979813098907471,7.213826756924391e-05,235.86184692382812,-6.623960971832275,f403ebaz,6,1.0
849000.0,834150,0.5013120770454407,4.874107360839844,0.03980674594640732,4.583183288574219,4.537631034851074,19.018943786621094,4.683995246887207,0.97955322265625,0.9980301856994629,7.325963815674186e-05,189.9808349609375,-5.835786819458008,f403ebaz,6,1.0
859050.0,844200,0.4973562955856323,7.297196865081787,0.0189305879175663,3.887308120727539,3.8561980724334717,22.555301666259766,3.532066822052002,0.98602294921875,0.9980301856994629,7.464355439879e-05,271.49609375,-7.404010772705078,f403ebaz,6,1.0
868500.0,854250,0.5006886720657349,5.707690238952637,0.03578231483697891,4.090419769287109,4.046274185180664,20.30074691772461,4.232287883758545,0.97760009765625,0.9980175495147705,7.05619459040463e-05,209.6966552734375,-6.301296234130859,f403ebaz,6,1.0
880650.0,864300,0.49481791257858276,7.554095268249512,0.01897207275032997,3.6515464782714844,3.6269726753234863,22.25182342529297,3.4832961559295654,0.99822998046875,0.9980931282043457,8.095639350358397e-05,269.6373291015625,-6.122535705566406,f403ebaz,6,1.0
889500.0,874350,0.5009970664978027,7.022863388061523,0.021920200437307358,3.4594106674194336,3.4081735610961914,22.33592987060547,3.5921425819396973,0.98431396484375,0.9980101585388184,7.050506974337623e-05,260.7469482421875,-6.847577095031738,f403ebaz,6,1.0
899700.0,884400,0.5018788576126099,5.029655456542969,0.04022715240716934,4.822022438049316,4.788556098937988,18.41403579711914,4.3964691162109375,0.99267578125,0.9980671405792236,7.415687286993489e-05,165.0982666015625,-5.8502655029296875,f403ebaz,6,1.0
909000.0,894450,0.49841776490211487,7.264882564544678,0.018304044380784035,3.6792171001434326,3.6495208740234375,22.27412986755371,3.524658679962158,0.98773193359375,0.9980049133300781,7.579020166303962e-05,243.91064453125,-7.178874969482422,f403ebaz,6,1.0
918600.0,904500,0.4988817572593689,5.9017252922058105,0.03233407437801361,4.295280456542969,4.252285003662109,20.49298095703125,4.080029487609863,0.9842529296875,0.9979979991912842,7.69730395404622e-05,204.54559326171875,-5.911982536315918,f403ebaz,6,1.0
931200.0,914550,0.5017886161804199,4.9230122566223145,0.0447491854429245,5.098208427429199,5.05865478515625,18.20071792602539,4.354946613311768,0.98468017578125,0.9980664253234863,7.942090451251715e-05,166.9524688720703,-5.955242156982422,f403ebaz,6,1.0
939450.0,924600,0.4970654845237732,7.488041877746582,0.01752699539065361,3.9722349643707275,3.9228668212890625,22.248546600341797,3.372021198272705,0.97503662109375,0.9979815483093262,7.545745756942779e-05,252.09811401367188,-7.170268535614014,f403ebaz,6,1.0
949500.0,934650,0.500230073928833,6.205499649047852,0.023793671280145645,4.3306660652160645,4.298830986022949,20.565235137939453,3.8115739822387695,0.98907470703125,0.998042106628418,7.25089485058561e-05,227.38397216796875,-7.260529041290283,f403ebaz,6,1.0
959100.0,944700,0.503587543964386,3.990356922149658,0.048636630177497864,6.0238118171691895,5.959219932556152,16.39197540283203,4.8215718269348145,0.9754638671875,0.998023509979248,6.895048136357218e-05,133.3880157470703,-6.420653343200684,f403ebaz,6,1.0
971100.0,954750,0.49955838918685913,6.769221305847168,0.018867772072553635,4.221667289733887,4.184584617614746,21.690086364746094,3.7399075031280518,0.98651123046875,0.9980380535125732,7.67066958360374e-05,234.74679565429688,-7.070342063903809,f403ebaz,6,1.0
980700.0,964800,0.5024236440658569,5.069421768188477,0.0374101959168911,5.03165864944458,4.977612018585205,18.489887237548828,4.252547264099121,0.9769287109375,0.998004674911499,6.9865258410573e-05,173.43540954589844,-6.225107669830322,f403ebaz,6,1.0
989850.0,974850,0.49550026655197144,7.027423858642578,0.010045139119029045,3.8139488697052,3.7827043533325195,22.056198120117188,3.5947046279907227,0.98699951171875,0.9980485439300537,7.207774615380913e-05,264.733154296875,-7.067095756530762,f403ebaz,6,1.0
1001400.0,984900,0.498507022857666,6.851706504821777,0.016239169985055923,3.9767394065856934,3.9425504207611084,22.270523071289062,3.761568069458008,0.990234375,0.9980523586273193,7.094984175637364e-05,261.99456787109375,-6.573063850402832,f403ebaz,6,1.0
26700.0,10050,0.4897528290748596,4.75977087020874,-0.06229330599308014,23.66577911376953,24.37952423095703,28.344261169433594,5.955351829528809,0.66607666015625,0.9964194297790527,5.130897625349462e-05,75.63594055175781,1.0988287925720215,9x7u1w2p,5,1.0
36150.0,20100,0.49284014105796814,4.660962104797363,-0.04152652248740196,26.578041076660156,27.146636962890625,28.074817657470703,6.024019241333008,0.72186279296875,0.9966278076171875,5.181551750865765e-05,85.790283203125,-1.4595518112182617,9x7u1w2p,5,1.0
45300.0,30150,0.4947987496852875,4.877717971801758,-0.009650230407714844,27.936599731445312,28.372962951660156,29.178409576416016,5.995257377624512,0.786865234375,0.9969937801361084,5.572842201218009e-05,91.16663360595703,-4.789612770080566,9x7u1w2p,5,1.0
55050.0,40200,0.4958997964859009,5.120528221130371,0.030527789145708084,29.995901107788086,30.36077117919922,29.99991226196289,5.877650737762451,0.8155517578125,0.9971215724945068,6.46431726636365e-05,119.01911163330078,-5.795334815979004,9x7u1w2p,5,1.0
65251.0,50250,0.4965534210205078,5.2456817626953125,0.03663787618279457,31.64983367919922,31.977266311645508,30.955127716064453,5.920864582061768,0.83367919921875,0.9972438812255859,7.722048030700535e-05,135.5505828857422,-6.495680809020996,9x7u1w2p,5,1.0
76950.0,60300,0.49706369638442993,5.412307262420654,0.041796550154685974,31.418140411376953,31.69469451904297,31.282798767089844,5.8086676597595215,0.85638427734375,0.9973571300506592,8.397764759138227e-05,139.46820068359375,-6.4124040603637695,9x7u1w2p,5,1.0
86100.0,70350,0.4964680075645447,5.813481330871582,0.05555024743080139,27.65241241455078,27.94487953186035,30.93015480041504,5.346639156341553,0.85418701171875,0.9973499774932861,8.507935854140669e-05,139.37844848632812,-7.17100715637207,9x7u1w2p,5,1.0
95250.0,80400,0.49746179580688477,6.13790225982666,0.06990563124418259,29.983915328979492,30.21975326538086,32.202186584472656,5.260221481323242,0.872802734375,0.9974410533905029,8.72016535140574e-05,165.31341552734375,-7.074321746826172,9x7u1w2p,5,1.0
105000.0,90450,0.4973353147506714,6.295547008514404,0.06329535692930222,29.365966796875,29.588436126708984,32.44799041748047,5.179485321044922,0.88226318359375,0.9975035190582275,9.108563972404227e-05,167.59613037109375,-6.702051162719727,9x7u1w2p,5,1.0
116251.0,100500,0.49787265062332153,6.422564506530762,0.0689917504787445,28.827634811401367,29.015384674072266,32.713279724121094,5.125646591186523,0.90716552734375,0.9975953102111816,8.565260213799775e-05,186.60260009765625,-6.742180824279785,9x7u1w2p,5,1.0
127200.0,110550,0.49726402759552,6.932172775268555,0.05336625128984451,26.693466186523438,26.905696868896484,32.96015167236328,4.78363037109375,0.89288330078125,0.9975361824035645,9.139742178376764e-05,178.11526489257812,-7.148674964904785,9x7u1w2p,5,1.0
135300.0,120600,0.49788782000541687,7.216067314147949,0.05684374272823334,25.109251022338867,25.28240203857422,32.57615661621094,4.541043758392334,0.90911865234375,0.9976410865783691,8.711081318324432e-05,204.2281494140625,-7.911197662353516,9x7u1w2p,5,1.0
145650.0,130650,0.4826424717903137,4.833546161651611,0.06531915068626404,7.1884660720825195,7.438531875610352,21.44455337524414,4.534936428070068,0.9085693359375,0.9974884986877441,9.085759666049853e-05,64.42742919921875,-5.876003265380859,9x7u1w2p,5,1.0
156000.0,140700,0.49784940481185913,7.781251907348633,0.06227309629321098,22.444217681884766,22.58207893371582,32.586883544921875,4.214982032775879,0.92840576171875,0.997732400894165,8.995652024168521e-05,199.16009521484375,-6.951055526733398,9x7u1w2p,5,1.0
165901.0,150750,0.4967167377471924,7.717491626739502,0.060578905045986176,18.327224731445312,18.501306533813477,31.283592224121094,4.094351768493652,0.9039306640625,0.9976270198822021,8.90210794750601e-05,177.0904541015625,-6.92484188079834,9x7u1w2p,5,1.0
177450.0,160800,0.47038012742996216,6.626323223114014,0.06449171900749207,11.643827438354492,12.229339599609375,27.258628845214844,4.230113983154297,0.80828857421875,0.9966170787811279,9.911089728120714e-05,140.2208251953125,-6.699565887451172,9x7u1w2p,5,1.0
187500.0,170850,0.4975995719432831,8.547627449035645,0.04025314375758171,17.02972412109375,17.133255004882812,32.28935241699219,3.852628231048584,0.950927734375,0.9978253841400146,8.706096559762955e-05,213.93798828125,-7.720539093017578,9x7u1w2p,5,1.0
196950.0,180900,0.4963243901729584,8.577482223510742,0.05290013551712036,13.619087219238281,13.741678237915039,31.09238052368164,3.7443103790283203,0.93731689453125,0.9977960586547852,8.97682475624606e-05,194.48019409179688,-6.834634780883789,9x7u1w2p,5,1.0
206700.0,190950,0.49612534046173096,9.676277160644531,0.052496373653411865,13.125065803527832,13.240646362304688,31.391088485717773,3.3186213970184326,0.94415283203125,0.9977917671203613,7.98758992459625e-05,209.32318115234375,-7.342530250549316,9x7u1w2p,5,1.0
215701.0,201000,0.49565383791923523,10.109380722045898,0.04879995435476303,11.77840805053711,11.911388397216797,31.604469299316406,3.2826108932495117,0.93182373046875,0.9977662563323975,7.582352554891258e-05,210.5091552734375,-6.686074256896973,9x7u1w2p,5,1.0
225750.0,211050,0.4881969690322876,7.566936016082764,0.08015701174736023,4.814057350158691,4.926697731018066,25.45779037475586,3.5166423320770264,0.935791015625,0.9977610111236572,7.60011316742748e-05,124.11207580566406,-5.931163311004639,9x7u1w2p,5,1.0
235350.0,221100,0.49389538168907166,11.30306625366211,0.03530200570821762,7.92784309387207,8.023262023925781,31.775272369384766,2.994391441345215,0.94952392578125,0.9978163242340088,7.890457345638424e-05,217.10845947265625,-6.968731880187988,9x7u1w2p,5,1.0
246150.0,231150,0.4881194233894348,11.395730972290039,0.048238497227430344,5.56923770904541,5.678840637207031,30.127822875976562,2.8420958518981934,0.9407958984375,0.997779130935669,7.852076669223607e-05,196.1727752685547,-6.945910453796387,9x7u1w2p,5,1.0
256800.0,241200,0.4868127107620239,13.54096794128418,0.04212185740470886,5.65523624420166,5.749053955078125,31.30831527709961,2.486501693725586,0.95068359375,0.9978129863739014,7.09797750459984e-05,219.61410522460938,-7.407594680786133,9x7u1w2p,5,1.0
266101.0,251250,0.48601481318473816,12.145015716552734,0.05319623649120331,4.214255332946777,4.298950672149658,30.04851531982422,2.670454502105713,0.95367431640625,0.9978632926940918,7.383902266155928e-05,204.52976989746094,-7.9959211349487305,9x7u1w2p,5,1.0
277650.0,261300,0.4837777316570282,9.541153907775879,0.06286652386188507,2.470069408416748,2.497612953186035,26.761734008789062,3.1998116970062256,0.95635986328125,0.9978828430175781,7.692039071116596e-05,146.2638702392578,-7.274421215057373,9x7u1w2p,5,1.0
287100.0,271350,0.4803134799003601,16.095966339111328,0.04220617562532425,3.0316200256347656,3.0617690086364746,31.002656936645508,2.104013442993164,0.95806884765625,0.9978830814361572,7.428391108987853e-05,224.70700073242188,-7.137775897979736,9x7u1w2p,5,1.0
296550.0,281400,0.4814249277114868,17.335573196411133,0.03658667206764221,2.7223265171051025,2.7270922660827637,31.83942222595215,1.991737723350525,0.96612548828125,0.9978914260864258,8.87972055352293e-05,226.38864135742188,-7.587348461151123,9x7u1w2p,5,1.0
306150.0,291450,0.5005877017974854,13.023127555847168,0.0390579029917717,1.7324559688568115,1.6410518884658813,29.058456420898438,2.4227609634399414,0.96075439453125,0.9978835582733154,7.157683285186067e-05,200.84996032714844,-8.231222152709961,9x7u1w2p,5,1.0
318150.0,301500,0.4937485456466675,16.633228302001953,0.031953684985637665,1.7366769313812256,1.652680516242981,31.2083683013916,2.1141605377197266,0.9515380859375,0.9978501796722412,7.470174750778824e-05,235.5714111328125,-6.6690144538879395,9x7u1w2p,5,1.0
327900.0,311550,0.5076212286949158,12.231864929199219,0.04146141931414604,1.5575096607208252,1.4210889339447021,29.29009246826172,2.615102767944336,0.96771240234375,0.9979274272918701,7.450436532963067e-05,191.12405395507812,-6.756513595581055,9x7u1w2p,5,1.0
337050.0,321600,0.5200859904289246,16.499601364135742,0.032208401709795,1.3989514112472534,1.2055680751800537,31.116113662719727,2.118302345275879,0.9476318359375,0.9978258609771729,7.552819442935288e-05,232.46917724609375,-7.57905387878418,9x7u1w2p,5,1.0
346200.0,331650,0.5303074717521667,16.935714721679688,0.03342280164361,1.4065502882003784,1.1541023254394531,30.75265121459961,1.9857622385025024,0.96063232421875,0.997861385345459,7.14795314706862e-05,241.56137084960938,-7.7715654373168945,9x7u1w2p,5,1.0
357450.0,341700,0.5203527212142944,12.326656341552734,0.053377095609903336,1.1490426063537598,1.008081078529358,28.51020050048828,2.4776535034179688,0.96356201171875,0.9979028701782227,6.575591396540403e-05,179.04437255859375,-7.4931840896606445,9x7u1w2p,5,1.0
367201.0,351750,0.5390914678573608,15.611238479614258,0.04155714064836502,1.1656773090362549,0.9398691058158875,30.584529876708984,2.150373697280884,0.952880859375,0.9978480339050293,7.058393384795636e-05,220.32156372070312,-7.2924346923828125,9x7u1w2p,5,1.0
378300.0,361800,0.5483230352401733,13.004234313964844,0.04532138630747795,1.2223234176635742,0.934606671333313,30.28165054321289,2.5650722980499268,0.9605712890625,0.9979097843170166,6.854403181932867e-05,222.06610107421875,-7.132607936859131,9x7u1w2p,5,1.0
388050.0,371850,0.5344906449317932,10.510758399963379,0.058989401906728745,0.9580874443054199,0.7809374332427979,26.795581817626953,2.7848429679870605,0.9603271484375,0.9978978633880615,7.193056808318943e-05,157.13626098632812,-6.817680358886719,9x7u1w2p,5,1.0
397950.0,381900,0.545796811580658,14.979595184326172,0.05227305367588997,1.2009868621826172,0.936808168888092,30.491823196411133,2.2122435569763184,0.97357177734375,0.9979431629180908,6.48101995466277e-05,230.3472900390625,-6.243852615356445,9x7u1w2p,5,1.0
407850.0,391950,0.5384938716888428,10.004270553588867,0.057780660688877106,1.060486078262329,0.8710504174232483,26.760229110717773,2.972771644592285,0.9700927734375,0.9979639053344727,6.483116885647178e-05,173.7873077392578,-6.59107780456543,9x7u1w2p,5,1.0
417451.0,402000,0.5422201752662659,10.149557113647461,0.06814694404602051,0.9696117043495178,0.7548006772994995,25.710256576538086,2.732433795928955,0.9459228515625,0.997847318649292,6.596869934583083e-05,155.26559448242188,-6.38409948348999,9x7u1w2p,5,1.0
427050.0,412050,0.5561276078224182,14.196910858154297,0.0390285886824131,1.058554768562317,0.7942509651184082,29.987640380859375,2.350151538848877,0.95233154296875,0.9978702068328857,6.510200182674453e-05,221.76516723632812,-7.145689964294434,9x7u1w2p,5,1.0
436500.0,422100,0.5396385192871094,13.30999755859375,0.04728205129504204,1.1074824333190918,0.8817038536071777,29.503520965576172,2.4341678619384766,0.97247314453125,0.9979565143585205,6.979072350077331e-05,198.0524139404297,-6.979131698608398,9x7u1w2p,5,1.0
448650.0,432150,0.525874137878418,6.540456771850586,0.05633720010519028,1.3982181549072266,1.21378493309021,20.636459350585938,3.440769672393799,0.95745849609375,0.9978556632995605,6.977980228839442e-05,89.24549102783203,-5.789638996124268,9x7u1w2p,5,1.0
457800.0,442200,0.557647705078125,13.232521057128906,0.06012339890003204,1.081027865409851,0.8069742918014526,29.307992935180664,2.420928478240967,0.96173095703125,0.9979174137115479,6.597205356229097e-05,204.70663452148438,-6.820491790771484,9x7u1w2p,5,1.0
467401.0,452250,0.5243847370147705,6.964132308959961,0.05181713402271271,1.0806938409805298,0.9161911606788635,21.81551742553711,3.4413342475891113,0.967529296875,0.9979722499847412,7.592658221255988e-05,107.59719848632812,-5.650174140930176,9x7u1w2p,5,1.0
477150.0,462300,0.5547366738319397,12.647807121276855,0.04800666868686676,1.0942753553390503,0.8203169703483582,29.052900314331055,2.5150394439697266,0.971923828125,0.9979212284088135,6.761024269508198e-05,213.02606201171875,-6.216151237487793,9x7u1w2p,5,1.0
488550.0,472350,0.5560359954833984,12.026845932006836,0.07517361640930176,1.083028793334961,0.8207590579986572,28.502037048339844,2.555204391479492,0.96624755859375,0.9979391098022461,6.012022640788928e-05,206.46461486816406,-7.314244270324707,9x7u1w2p,5,1.0
497850.0,482400,0.5365530848503113,9.972442626953125,0.07555130869150162,1.1805803775787354,0.9606742262840271,26.451448440551758,2.865244150161743,0.978759765625,0.9979815483093262,7.451101555489004e-05,170.89549255371094,-6.265294075012207,9x7u1w2p,5,1.0
507150.0,492450,0.5607166290283203,13.60862922668457,0.050590142607688904,1.0284957885742188,0.7373051643371582,29.3148193359375,2.3867037296295166,0.974365234375,0.997969388961792,7.214216748252511e-05,221.9984893798828,-7.981563091278076,9x7u1w2p,5,1.0
516901.0,502500,0.550291121006012,11.175838470458984,0.0543988011777401,1.0916048288345337,0.8510728478431702,27.765594482421875,2.6612424850463867,0.97601318359375,0.9979848861694336,7.122340321075171e-05,188.0728759765625,-7.253447532653809,9x7u1w2p,5,1.0
529200.0,512550,0.5213578939437866,6.723972797393799,0.061526186764240265,1.1705374717712402,1.0569231510162354,21.947702407836914,3.6138229370117188,0.95782470703125,0.9979197978973389,6.862990267109126e-05,114.66035461425781,-6.287649631500244,9x7u1w2p,5,1.0
538950.0,522600,0.5545840263366699,11.535163879394531,0.05308306962251663,1.0919957160949707,0.8084255456924438,28.409286499023438,2.7441139221191406,0.98046875,0.9979734420776367,5.915332440054044e-05,218.7559356689453,-7.378203392028809,9x7u1w2p,5,1.0
548250.0,532650,0.5403048992156982,10.995817184448242,0.05080275237560272,1.1310473680496216,0.9119127988815308,27.497493743896484,2.741344928741455,0.9810791015625,0.9979684352874756,7.171349716372788e-05,189.54605102539062,-6.401646614074707,9x7u1w2p,5,1.0
558450.0,542700,0.5152274370193481,7.402773857116699,0.06805960834026337,1.1946556568145752,1.0751620531082153,23.198503494262695,3.6161975860595703,0.97259521484375,0.9980409145355225,6.35609176242724e-05,131.12991333007812,-5.669906139373779,9x7u1w2p,5,1.0
567900.0,552750,0.5525420308113098,11.634510040283203,0.06645980477333069,1.146209955215454,0.8594919443130493,28.140705108642578,2.6979825496673584,0.98291015625,0.9979813098907471,6.727954314555973e-05,198.66915893554688,-5.779360771179199,9x7u1w2p,5,1.0
578550.0,562800,0.5245679616928101,9.090972900390625,0.0581374317407608,1.1675095558166504,1.0096702575683594,24.83893585205078,3.0873231887817383,0.97320556640625,0.9979815483093262,7.000158802838996e-05,153.24703979492188,-5.5781731605529785,9x7u1w2p,5,1.0
588300.0,572850,0.5452698469161987,12.252202987670898,0.05255480110645294,1.1187992095947266,0.8769103288650513,27.922393798828125,2.4858436584472656,0.979736328125,0.9979639053344727,6.665571709163487e-05,202.38217163085938,-7.127778053283691,9x7u1w2p,5,1.0
597900.0,582900,0.5352068543434143,9.901603698730469,0.05874142050743103,1.1018881797790527,0.9226323366165161,25.86823272705078,2.883167266845703,0.97607421875,0.9979662895202637,6.677901546936482e-05,167.1865234375,-6.54262638092041,9x7u1w2p,5,1.0
609600.0,592950,0.5097404718399048,6.152373313903809,0.06281349062919617,1.6343858242034912,1.5350967645645142,21.45536994934082,4.0030317306518555,0.96832275390625,0.9979202747344971,6.934977136552334e-05,112.65055084228516,-6.095771312713623,9x7u1w2p,5,1.0
618750.0,603000,0.5395609140396118,11.484134674072266,0.05036010965704918,1.2754573822021484,1.0378433465957642,27.422428131103516,2.633110761642456,0.97998046875,0.997976541519165,6.697938806610182e-05,202.15396118164062,-6.976095676422119,9x7u1w2p,5,1.0
628800.0,613050,0.537097692489624,8.557299613952637,0.06452181190252304,1.2665778398513794,1.0621486902236938,25.135364532470703,3.2824511528015137,0.96881103515625,0.9979448318481445,6.946819485165179e-05,151.96929931640625,-5.7933349609375,9x7u1w2p,5,1.0
638700.0,623100,0.5532629489898682,11.549749374389648,0.060379818081855774,1.2469209432601929,0.9709625244140625,26.8912353515625,2.531660556793213,0.98663330078125,0.9980266094207764,6.389294867403805e-05,188.64666748046875,-6.819470405578613,9x7u1w2p,5,1.0
649800.0,633150,0.5364366769790649,9.902530670166016,0.05323006585240364,1.334593653678894,1.1328303813934326,27.13397216796875,3.0335347652435303,0.9896240234375,0.99802565574646,7.198885577963665e-05,197.92837524414062,-6.7772955894470215,9x7u1w2p,5,1.0
659250.0,643200,0.505593478679657,6.253229141235352,0.04690856114029884,1.6279358863830566,1.5403625965118408,21.454383850097656,3.8104591369628906,0.977294921875,0.9980096817016602,7.029937114566565e-05,113.91458129882812,-6.1626057624816895,9x7u1w2p,5,1.0
668700.0,653250,0.5276179313659668,10.334522247314453,0.05175326019525528,1.343724012374878,1.1541228294372559,26.198577880859375,2.802022933959961,0.9788818359375,0.9979841709136963,7.424990326398984e-05,189.34033203125,-6.562108993530273,9x7u1w2p,5,1.0
679350.0,663300,0.5203402042388916,10.0087308883667,0.049201592803001404,1.514955759048462,1.3326939344406128,26.078868865966797,2.882784843444824,0.9757080078125,0.9979586601257324,6.79137883707881e-05,178.4779510498047,-6.228477478027344,9x7u1w2p,5,1.0
689400.0,673350,0.5185920000076294,9.640775680541992,0.06732136011123657,1.480605125427246,1.3331706523895264,25.909381866455078,2.9514636993408203,0.98565673828125,0.9980049133300781,6.327492883428931e-05,179.22459411621094,-6.097616195678711,9x7u1w2p,5,1.0
698850.0,683400,0.5016590356826782,5.978781700134277,0.07198557257652283,1.5933830738067627,1.5219252109527588,21.006580352783203,3.9885122776031494,0.97637939453125,0.9980032444000244,6.418126577045768e-05,106.80699157714844,-5.93379020690918,9x7u1w2p,5,1.0
708150.0,693450,0.5310561656951904,10.248161315917969,0.0435713566839695,1.2049775123596191,0.9953385591506958,26.093273162841797,2.768911838531494,0.9788818359375,0.9979686737060547,6.557588494615629e-05,175.41725158691406,-6.527710914611816,9x7u1w2p,5,1.0
719850.0,703500,0.5051993131637573,6.212581634521484,0.07149235904216766,1.5879384279251099,1.5142240524291992,20.940387725830078,3.761542797088623,0.97686767578125,0.9980027675628662,6.0187339840922505e-05,106.808837890625,-5.3711957931518555,9x7u1w2p,5,1.0
729900.0,713550,0.5433475375175476,10.74737548828125,0.0519234873354435,1.248619794845581,1.0347827672958374,26.121458053588867,2.691960334777832,0.97296142578125,0.9979336261749268,6.640142237301916e-05,182.31668090820312,-6.140449523925781,9x7u1w2p,5,1.0
739500.0,723600,0.5090246200561523,6.170198440551758,0.08144818991422653,1.5845922231674194,1.4921785593032837,21.307485580444336,3.881932258605957,0.97161865234375,0.9979579448699951,6.808838224969804e-05,114.36245727539062,-5.921248435974121,9x7u1w2p,5,1.0
748650.0,733650,0.5215960144996643,9.837540626525879,0.060279518365859985,1.3201930522918701,1.1587761640548706,25.265478134155273,2.87492036819458,0.9837646484375,0.9980268478393555,6.515742279589176e-05,170.2592315673828,-6.42724609375,9x7u1w2p,5,1.0
758550.0,743700,0.5000044703483582,6.531734466552734,0.07826195657253265,1.6034489870071411,1.5542899370193481,22.429380416870117,3.9505720138549805,0.98529052734375,0.9980490207672119,7.181386899901554e-05,125.03158569335938,-5.902225494384766,9x7u1w2p,5,1.0
768300.0,753750,0.5202001333236694,9.993929862976074,0.05795464664697647,1.4883915185928345,1.297658920288086,25.916114807128906,2.8338584899902344,0.98455810546875,0.9979987144470215,6.554914580192417e-05,179.72714233398438,-6.047606945037842,9x7u1w2p,5,1.0
779550.0,763800,0.5191746950149536,8.296828269958496,0.055865850299596786,1.4967632293701172,1.3672540187835693,25.215425491333008,3.4234278202056885,0.97747802734375,0.997992753982544,6.336673686746508e-05,159.36624145507812,-6.392547607421875,9x7u1w2p,5,1.0
788550.0,773850,0.5006796717643738,4.636502265930176,0.0730510801076889,2.0435614585876465,1.9862574338912964,18.453205108642578,4.640650272369385,0.97857666015625,0.9980132579803467,6.330371979856864e-05,83.69879150390625,-6.07657527923584,9x7u1w2p,5,1.0
799950.0,783900,0.513478696346283,8.957781791687012,0.0646643191576004,1.4356225728988647,1.3156397342681885,25.75857925415039,3.198187828063965,0.990234375,0.998037576675415,6.732522888341919e-05,172.35919189453125,-6.3619794845581055,9x7u1w2p,5,1.0
809400.0,793950,0.501203179359436,6.154937267303467,0.07764510065317154,1.8336732387542725,1.7646384239196777,21.890316009521484,4.069955825805664,0.973388671875,0.9979603290557861,6.278581713559106e-05,117.89703369140625,-5.9271697998046875,9x7u1w2p,5,1.0
818400.0,804000,0.5233892202377319,9.207491874694824,0.06234515458345413,1.5826717615127563,1.3947322368621826,26.06192970275879,3.2462944984436035,0.98291015625,0.997978687286377,6.151071283966303e-05,179.3558349609375,-6.383110046386719,9x7u1w2p,5,1.0
830100.0,814050,0.5046938061714172,6.379103183746338,0.06932725012302399,1.6228857040405273,1.560968279838562,22.35764503479004,3.9914350509643555,0.990234375,0.9980747699737549,7.150456076487899e-05,131.50389099121094,-6.635362148284912,9x7u1w2p,5,1.0
839850.0,824100,0.5337214469909668,10.052282333374023,0.057170040905475616,1.4340465068817139,1.1983325481414795,26.25847816467285,3.0011157989501953,0.97637939453125,0.9979636669158936,6.538108573295176e-05,182.218505859375,-6.687626838684082,9x7u1w2p,5,1.0
849150.0,834150,0.5080204606056213,7.28211784362793,0.06213470548391342,1.5243613719940186,1.4196608066558838,23.24298858642578,3.6113955974578857,0.97723388671875,0.9979875087738037,6.675897020613775e-05,146.76470947265625,-6.365994453430176,9x7u1w2p,5,1.0
859050.0,844200,0.5045346021652222,4.876222610473633,0.08968596160411835,2.083037853240967,2.0120253562927246,18.62972640991211,4.29337215423584,0.97967529296875,0.9980156421661377,6.143534847069532e-05,84.99195098876953,-6.174400329589844,9x7u1w2p,5,1.0
868650.0,854250,0.5165609121322632,8.4866943359375,0.0784134566783905,1.5081491470336914,1.374509334564209,25.286663055419922,3.296696186065674,0.98321533203125,0.9980068206787109,6.65985862724483e-05,173.31463623046875,-6.549103260040283,9x7u1w2p,5,1.0
880950.0,864300,0.4998341202735901,5.249896049499512,0.09041495621204376,2.1123249530792236,2.052053451538086,19.886423110961914,4.344262599945068,0.97503662109375,0.9979715347290039,6.260399823077023e-05,102.10882568359375,-6.125635147094727,9x7u1w2p,5,1.0
890100.0,874350,0.5068337321281433,8.859528541564941,0.0554194301366806,1.663649559020996,1.5323021411895752,25.42198944091797,3.211653709411621,0.97882080078125,0.9979808330535889,6.309622403932735e-05,167.50604248046875,-6.223033905029297,9x7u1w2p,5,1.0
900300.0,884400,0.4967394173145294,5.746321678161621,0.06581296771764755,2.112856388092041,2.071042537689209,20.821186065673828,4.207475185394287,0.99072265625,0.9980852603912354,5.825236803502776e-05,114.62506866455078,-5.6538591384887695,9x7u1w2p,5,1.0
910050.0,894450,0.5132349133491516,8.634239196777344,0.048164281994104385,1.5935577154159546,1.4502074718475342,24.439208984375,3.1805076599121094,0.9766845703125,0.997974157333374,6.803605356253684e-05,160.13648986816406,-6.163134574890137,9x7u1w2p,5,1.0
919200.0,904500,0.5008949041366577,8.239204406738281,0.06996364891529083,1.8108220100402832,1.726942539215088,24.291099548339844,3.26678204536438,0.99127197265625,0.9980599880218506,6.066874630050734e-05,160.9514617919922,-6.078217506408691,9x7u1w2p,5,1.0
929400.0,914550,0.574515163898468,5.233570098876953,0.08529844135046005,4.156497955322266,2.1766819953918457,20.56747055053711,5.385064125061035,0.84954833984375,0.9971928596496582,0.00011982722207903862,107.52296447753906,-6.942838668823242,9x7u1w2p,5,1.0
940350.0,924600,0.5075331926345825,8.72067642211914,0.06443533301353455,1.5625717639923096,1.451938271522522,24.954147338867188,3.285243034362793,0.98846435546875,0.9980459213256836,6.337207014439628e-05,171.4973907470703,-7.1254377365112305,9x7u1w2p,5,1.0
950250.0,934650,0.5001116394996643,5.323238372802734,0.06219543516635895,2.1424710750579834,2.096240520477295,19.592321395874023,4.244019508361816,0.9825439453125,0.9980356693267822,6.06566718488466e-05,100.822021484375,-5.904160499572754,9x7u1w2p,5,1.0
959850.0,944700,0.509259045124054,8.12169361114502,0.06404657661914825,1.8096020221710205,1.6989061832427979,24.41593360900879,3.401695489883423,0.98492431640625,0.9979860782623291,6.460809527197853e-05,163.35226440429688,-6.0293169021606445,9x7u1w2p,5,1.0
969000.0,954750,0.5046407580375671,9.355923652648926,0.058532312512397766,1.746469259262085,1.6566470861434937,24.40825843811035,2.8791208267211914,0.98931884765625,0.9980247020721436,6.188581755850464e-05,161.61431884765625,-6.13631010055542,9x7u1w2p,5,1.0
980850.0,964800,0.5014956593513489,6.4842529296875,0.06006263941526413,1.6865036487579346,1.62405264377594,21.67478370666504,3.8172607421875,0.98046875,0.9980161190032959,6.538358138641343e-05,128.42013549804688,-5.560417175292969,9x7u1w2p,5,1.0
990000.0,974850,0.5198371410369873,8.061328887939453,0.06280091404914856,1.604113221168518,1.4429112672805786,25.06667709350586,3.726130485534668,0.97216796875,0.9979648590087891,6.551705882884562e-05,179.34674072265625,-6.286571025848389,9x7u1w2p,5,1.0
1001250.0,984900,0.5018414258956909,7.157527446746826,0.06704290211200714,1.696171760559082,1.6290736198425293,23.008132934570312,3.66125226020813,0.9849853515625,0.99802565574646,5.826506458106451e-05,138.15708923339844,-5.57761287689209,9x7u1w2p,5,1.0
26550.0,10050,0.4922131896018982,4.514495849609375,-0.03199588507413864,28.854496002197266,29.557415008544922,33.435977935791016,5.552241802215576,0.646240234375,0.9963583946228027,4.9808866606326774e-05,79.6752700805664,1.2017823457717896,74oafhj5,5,0.75
36750.0,20100,0.49278461933135986,4.723423004150391,-0.003166687209159136,27.16657257080078,27.733346939086914,33.96828079223633,5.3920135498046875,0.71490478515625,0.9966342449188232,4.989201624994166e-05,88.83863067626953,-1.1345624923706055,74oafhj5,5,0.75
46500.0,30150,0.494492769241333,4.745010852813721,0.0130782350897789,28.85420036315918,29.29853630065918,34.336875915527344,5.431811332702637,0.781982421875,0.9969873428344727,6.365636363625526e-05,99.94381713867188,-3.8278794288635254,74oafhj5,5,0.75
56850.0,40200,0.49595871567726135,5.062257289886475,0.04412953555583954,31.56315803527832,31.925270080566406,34.84366226196289,5.167778015136719,0.80718994140625,0.9971001148223877,6.998090248089284e-05,116.84854888916016,-6.176872253417969,74oafhj5,5,0.75
66900.0,50250,0.49636149406433105,5.099605560302734,0.05583320930600166,32.427330017089844,32.75314712524414,35.85950469970703,5.2810773849487305,0.827392578125,0.9972383975982666,7.28487575543113e-05,128.15692138671875,-6.800004005432129,74oafhj5,5,0.75
75150.0,60300,0.49730056524276733,5.312294006347656,0.06226199120283127,35.559410095214844,35.83696746826172,37.554115295410156,5.310747146606445,0.8597412109375,0.9973585605621338,7.786427886458114e-05,143.8348388671875,-7.320339679718018,74oafhj5,5,0.75
84600.0,70350,0.49767839908599854,5.516707420349121,0.0650743693113327,33.94405746459961,34.15926742553711,37.07874298095703,5.054377555847168,0.890869140625,0.9975442886352539,8.482029079459608e-05,156.57321166992188,-7.047809600830078,74oafhj5,5,0.75
97050.0,80400,0.47483184933662415,3.720444679260254,0.06374137103557587,8.957326889038086,9.449380874633789,23.012115478515625,4.6895551681518555,0.80792236328125,0.9963657855987549,9.030798537423834e-05,47.157310485839844,-5.44893741607666,74oafhj5,5,0.75
106800.0,90450,0.4976804256439209,5.94318151473999,0.0809670239686966,31.617849349975586,31.843490600585938,37.180686950683594,4.712051868438721,0.88458251953125,0.997473955154419,8.269999671028927e-05,159.58770751953125,-7.446346282958984,74oafhj5,5,0.75
116101.0,100500,0.4975805878639221,6.29400634765625,0.0863218829035759,28.326839447021484,28.537927627563477,36.7652587890625,4.399777412414551,0.8955078125,0.9975645542144775,7.596702198497951e-05,151.62103271484375,-7.835690498352051,74oafhj5,5,0.75
126450.0,110550,0.497284859418869,6.773309707641602,0.08724984526634216,28.992328643798828,29.236675262451172,37.28785705566406,4.158540725708008,0.86590576171875,0.997467041015625,7.261046266648918e-05,165.69497680664062,-6.499961853027344,74oafhj5,5,0.75
134850.0,120600,0.49820685386657715,7.1681108474731445,0.09546713531017303,28.651859283447266,28.806001663208008,38.01381301879883,4.0080156326293945,0.926513671875,0.9976522922515869,7.678614201722667e-05,190.45553588867188,-6.882713794708252,74oafhj5,5,0.75
145800.0,130650,0.4979236125946045,7.479787826538086,0.09663896262645721,28.647171020507812,28.843616485595703,38.60610580444336,3.9050934314727783,0.896484375,0.9975624084472656,7.610804459545761e-05,195.59292602539062,-7.020127296447754,74oafhj5,5,0.75
156000.0,140700,0.49811145663261414,7.577356338500977,0.08860531449317932,26.740745544433594,26.88933753967285,37.81486129760742,3.792482376098633,0.92620849609375,0.9977281093597412,7.919392373878509e-05,190.7733154296875,-6.969454288482666,74oafhj5,5,0.75
167400.0,150750,0.4934726655483246,5.415701389312744,0.09380435943603516,10.953263282775879,11.146028518676758,27.852500915527344,3.986055612564087,0.92071533203125,0.997708797454834,7.269084017025307e-05,90.28650665283203,-5.91535758972168,74oafhj5,5,0.75
176850.0,160800,0.4978291690349579,8.126420974731445,0.08925889432430267,22.754074096679688,22.90045166015625,38.22842788696289,3.5883679389953613,0.9217529296875,0.9976770877838135,7.200726395240054e-05,185.51219177246094,-7.171727180480957,74oafhj5,5,0.75
186750.0,170850,0.49731549620628357,8.114919662475586,0.07794888317584991,19.856643676757812,20.01071548461914,37.851890563964844,3.5993876457214355,0.91424560546875,0.9976620674133301,6.524236232507974e-05,191.4714813232422,-6.977443218231201,74oafhj5,5,0.75
196800.0,180900,0.48344582319259644,5.611525535583496,0.0771498903632164,6.2111945152282715,6.408786773681641,25.26238250732422,3.4648776054382324,0.914306640625,0.997591495513916,7.851164264138788e-05,74.91539001464844,-5.47287654876709,74oafhj5,5,0.75
206400.0,190950,0.49700045585632324,9.597477912902832,0.07743597030639648,17.467287063598633,17.60556411743164,38.459083557128906,3.075200080871582,0.9259033203125,0.9976973533630371,7.268193439813331e-05,221.116943359375,-7.714748859405518,74oafhj5,5,0.75
216001.0,201000,0.49758267402648926,9.742303848266602,0.07596643269062042,16.59466552734375,16.700481414794922,37.77521514892578,2.9756574630737305,0.9417724609375,0.9977889060974121,7.255177479237318e-05,197.5020751953125,-7.460004806518555,74oafhj5,5,0.75
225450.0,211050,0.4965716004371643,9.92253589630127,0.07507796585559845,13.821106910705566,13.938743591308594,37.888465881347656,2.9549379348754883,0.94451904296875,0.9977827072143555,7.376083522103727e-05,196.6274871826172,-7.777432441711426,74oafhj5,5,0.75
235350.0,221100,0.49626776576042175,10.664040565490723,0.09396111965179443,12.955240249633789,13.072796821594238,37.10453796386719,2.727837085723877,0.93359375,0.997774600982666,7.60870025260374e-05,220.35362243652344,-7.937218189239502,74oafhj5,5,0.75
247050.0,231150,0.49484023451805115,10.647375106811523,0.08181305974721909,11.29582691192627,11.440431594848633,37.146209716796875,2.7448644638061523,0.92742919921875,0.99772047996521,7.029694097582251e-05,205.302978515625,-7.057778358459473,74oafhj5,5,0.75
256500.0,241200,0.4951367676258087,11.634204864501953,0.08618709444999695,9.929052352905273,10.029165267944336,36.92057800292969,2.5530011653900146,0.94403076171875,0.9978299140930176,6.972275878069922e-05,206.36074829101562,-5.956404685974121,74oafhj5,5,0.75
266401.0,251250,0.4940831661224365,11.841057777404785,0.08219750225543976,8.673547744750977,8.773321151733398,37.06671142578125,2.493952751159668,0.94525146484375,0.9978280067443848,6.505976489279419e-05,210.67929077148438,-7.421769618988037,74oafhj5,5,0.75
276150.0,261300,0.4904996454715729,9.500225067138672,0.10368214547634125,6.002285957336426,6.090295791625977,32.593955993652344,2.756056547164917,0.951171875,0.9978597164154053,6.779252726119012e-05,152.82557678222656,-6.922944068908691,74oafhj5,5,0.75
288000.0,271350,0.4937567114830017,13.339109420776367,0.09618984907865524,7.072073936462402,7.126044273376465,36.643280029296875,2.189210891723633,0.9691162109375,0.9979407787322998,6.847143231425434e-05,204.89646911621094,-6.529682159423828,74oafhj5,5,0.75
297300.0,281400,0.4871422350406647,12.70152473449707,0.09447348117828369,5.213039875030518,5.32227897644043,35.60879135131836,2.253858804702759,0.9378662109375,0.997783899307251,7.397891022264957e-05,202.8271942138672,-7.286467552185059,74oafhj5,5,0.75
306900.0,291450,0.48473358154296875,9.301877975463867,0.10163711756467819,2.8779470920562744,2.9372410774230957,30.740909576416016,2.6506638526916504,0.93829345703125,0.9977850914001465,6.398366531357169e-05,136.27423095703125,-5.81732702255249,74oafhj5,5,0.75
317101.0,301500,0.4862738847732544,15.793785095214844,0.10143325477838516,4.225475788116455,4.303615570068359,35.905052185058594,1.831202507019043,0.9549560546875,0.9978563785552979,7.002452912274748e-05,215.523681640625,-7.154351711273193,74oafhj5,5,0.75
327300.0,311550,0.4840922951698303,14.693187713623047,0.0853973776102066,3.650815963745117,3.7043333053588867,36.368141174316406,2.0555946826934814,0.96063232421875,0.9978759288787842,6.604420195799321e-05,213.17156982421875,-7.266533374786377,74oafhj5,5,0.75
337500.0,321600,0.4896601438522339,11.595723152160645,0.10125859081745148,2.8302183151245117,2.825742721557617,34.16653060913086,2.422454833984375,0.96014404296875,0.9979193210601807,6.89775770297274e-05,189.63169860839844,-6.45785665512085,74oafhj5,5,0.75
347400.0,331650,0.5553168654441833,8.063247680664062,0.1108999028801918,1.277550220489502,0.9156820774078369,25.025222778320312,2.563157081604004,0.9324951171875,0.9977736473083496,7.297174306586385e-05,86.88367462158203,-5.36368989944458,74oafhj5,5,0.75
356850.0,341700,0.48363715410232544,15.569244384765625,0.09498623013496399,2.547358512878418,2.5432255268096924,35.71492385864258,1.8866592645645142,0.97149658203125,0.9979507923126221,6.85040358803235e-05,224.10833740234375,-7.610702037811279,74oafhj5,5,0.75
366751.0,351750,0.5004974603652954,10.33924674987793,0.09210101515054703,1.5306007862091064,1.4703665971755981,29.96990203857422,2.339693069458008,0.95159912109375,0.9978506565093994,6.785826553823426e-05,134.73779296875,-6.5225830078125,74oafhj5,5,0.75
376350.0,361800,0.5544044971466064,7.000485897064209,0.07361184060573578,1.1801989078521729,0.8879827857017517,23.16016960144043,2.7460293769836426,0.94879150390625,0.9978606700897217,6.811408820794895e-05,69.08308410644531,-5.254318714141846,74oafhj5,5,0.75
388500.0,371850,0.49005746841430664,13.00723648071289,0.08083971589803696,1.8639174699783325,1.8081872463226318,34.54232406616211,2.228120803833008,0.9552001953125,0.9978861808776855,6.638237391598523e-05,193.3907928466797,-7.232521057128906,74oafhj5,5,0.75
398400.0,381900,0.5274341702461243,7.852115154266357,0.07860635221004486,1.0536525249481201,0.8979068994522095,27.358814239501953,2.821401596069336,0.95782470703125,0.9978888034820557,6.412129732780159e-05,111.474365234375,-6.340653896331787,74oafhj5,5,0.75
407850.0,391950,0.5033624172210693,13.887985229492188,0.0855838805437088,1.514263391494751,1.4052406549453735,34.819419860839844,2.0580172538757324,0.97845458984375,0.9979746341705322,6.187119288370013e-05,201.03469848632812,-6.433629035949707,74oafhj5,5,0.75
417600.0,402000,0.5097975730895996,12.071819305419922,0.08409571647644043,1.4310827255249023,1.3214514255523682,33.65860366821289,2.361192226409912,0.96014404296875,0.9978976249694824,6.843347364338115e-05,188.00765991210938,-5.871426582336426,74oafhj5,5,0.75
427050.0,412050,0.5414189696311951,6.038790702819824,0.08164429664611816,1.2338767051696777,0.983676552772522,23.067211151123047,3.206728458404541,0.94512939453125,0.9978420734405518,6.831086648162454e-05,77.18684387207031,-5.509998321533203,74oafhj5,5,0.75
438600.0,422100,0.518993616104126,12.544689178466797,0.07505295425653458,1.4128284454345703,1.2505322694778442,33.82963562011719,2.1784098148345947,0.961181640625,0.9979236125946045,6.617733015445992e-05,200.47073364257812,-7.109707355499268,74oafhj5,5,0.75
446400.0,432150,0.5355257987976074,6.480552673339844,0.08270809054374695,1.105757236480713,0.9340609908103943,25.852951049804688,3.2635369300842285,0.9652099609375,0.9979171752929688,6.487836799351498e-05,99.95391845703125,-5.9508056640625,74oafhj5,5,0.75
456900.0,442200,0.5291147232055664,12.275007247924805,0.07874344289302826,1.2292715311050415,1.0542200803756714,33.861419677734375,2.2744081020355225,0.95587158203125,0.997899055480957,5.7675730204209685e-05,189.86294555664062,-6.484758377075195,74oafhj5,5,0.75
468450.0,452250,0.5415404438972473,7.111085414886475,0.08369593322277069,1.0187058448791504,0.8188914656639099,26.954608917236328,3.1858084201812744,0.9630126953125,0.9978818893432617,6.31953589618206e-05,111.76451110839844,-5.93853235244751,74oafhj5,5,0.75
478800.0,462300,0.5245026350021362,10.579343795776367,0.0772365927696228,1.2255957126617432,1.045217752456665,32.67491912841797,2.615152359008789,0.97589111328125,0.9979755878448486,6.574713188456371e-05,176.9483642578125,-6.207843780517578,74oafhj5,5,0.75
488400.0,472350,0.5239587426185608,11.757851600646973,0.07613378763198853,1.1623785495758057,0.9991506934165955,33.11892318725586,2.363694429397583,0.9761962890625,0.9979944229125977,6.240425864234567e-05,182.575439453125,-5.90601110458374,74oafhj5,5,0.75
498000.0,482400,0.5413780212402344,9.425066947937012,0.07278315722942352,1.1232404708862305,0.9206220507621765,32.728416442871094,2.9860482215881348,0.96728515625,0.9979228973388672,6.30667491350323e-05,183.0576934814453,-6.448475360870361,74oafhj5,5,0.75
507900.0,492450,0.5303256511688232,8.130773544311523,0.07822323590517044,0.9781787991523743,0.8233237862586975,28.980363845825195,2.9171998500823975,0.97637939453125,0.9979457855224609,6.361024861689657e-05,142.150634765625,-5.942817211151123,74oafhj5,5,0.75
517800.0,502500,0.5411909818649292,11.115962982177734,0.06883448362350464,1.1674103736877441,0.937483012676239,33.302978515625,2.517545223236084,0.97625732421875,0.9979672431945801,6.128131644800305e-05,195.67144775390625,-5.977049350738525,74oafhj5,5,0.75
528000.0,512550,0.5404479503631592,9.08322811126709,0.08258718252182007,1.0543322563171387,0.877856433391571,31.168142318725586,2.8296947479248047,0.98272705078125,0.9979820251464844,6.569358083652332e-05,168.05738830566406,-5.9653544425964355,74oafhj5,5,0.75
537000.0,522600,0.5181087851524353,6.129775047302246,0.07828820496797562,1.39333176612854,1.2314245700836182,23.62748908996582,3.370985984802246,0.96612548828125,0.9979093074798584,6.650791328866035e-05,86.79035186767578,-6.2351484298706055,74oafhj5,5,0.75
548850.0,532650,0.539823055267334,10.61669921875,0.06516440212726593,1.149903416633606,0.9275218844413757,33.22813415527344,2.608633518218994,0.97735595703125,0.9979751110076904,6.799626862630248e-05,188.31964111328125,-6.119596004486084,74oafhj5,5,0.75
558150.0,542700,0.5339669585227966,7.101284027099609,0.07896755635738373,1.0824244022369385,0.912028431892395,28.8283634185791,3.418476104736328,0.9642333984375,0.9979526996612549,6.165127706481144e-05,139.87730407714844,-6.011937141418457,74oafhj5,5,0.75
567751.0,552750,0.5188445448875427,7.079184055328369,0.0739554762840271,1.0876436233520508,0.9446960687637329,26.217937469482422,3.1140592098236084,0.9617919921875,0.9978725910186768,5.972348299110308e-05,113.21773529052734,-5.724939823150635,74oafhj5,5,0.75
578250.0,562800,0.5519333481788635,11.407793998718262,0.06659996509552002,1.1214673519134521,0.8509801626205444,32.16412353515625,2.4505794048309326,0.973876953125,0.9979677200317383,6.993315764702857e-05,181.00563049316406,-6.821399688720703,74oafhj5,5,0.75
588150.0,572850,0.532713770866394,7.515885353088379,0.0852331668138504,1.1105213165283203,0.9421867728233337,28.45735740661621,3.3052783012390137,0.97674560546875,0.9980072975158691,6.123509956523776e-05,139.395751953125,-5.744811058044434,74oafhj5,5,0.75
597750.0,582900,0.5082425475120544,5.1824631690979,0.07796035706996918,1.5285511016845703,1.3968827724456787,22.453899383544922,3.6615090370178223,0.97296142578125,0.9980361461639404,6.652662705164403e-05,75.13799285888672,-5.627466201782227,74oafhj5,5,0.75
607500.0,592950,0.5440130233764648,9.570638656616211,0.06701570749282837,1.0187528133392334,0.7969441413879395,31.28559112548828,2.7433807849884033,0.97100830078125,0.9979488849639893,5.957757821306586e-05,173.560546875,-6.041882514953613,74oafhj5,5,0.75
618750.0,603000,0.5276563167572021,8.274520874023438,0.0736313909292221,1.0911492109298706,0.9275975823402405,29.528316497802734,2.9931037425994873,0.9718017578125,0.9979488849639893,6.0512560594361275e-05,156.9974365234375,-5.947556972503662,74oafhj5,5,0.75
628800.0,613050,0.5525331497192383,10.384134292602539,0.06489373743534088,1.0958367586135864,0.8195376396179199,32.155128479003906,2.651142120361328,0.98699951171875,0.9980161190032959,6.110477261245251e-05,168.65982055664062,-6.4831223487854,74oafhj5,5,0.75
638250.0,623100,0.5595180988311768,9.352882385253906,0.07542262226343155,1.096287488937378,0.8095619678497314,30.20511817932129,2.714632987976074,0.98150634765625,0.997983455657959,6.132297858130187e-05,153.29864501953125,-5.512634754180908,74oafhj5,5,0.75
647850.0,633150,0.51064133644104,5.1029815673828125,0.06858647614717484,1.7004014253616333,1.5737403631210327,22.009239196777344,3.617002010345459,0.96331787109375,0.9979367256164551,6.371893687173724e-05,76.01034545898438,-5.836716651916504,74oafhj5,5,0.75
657750.0,643200,0.5449472665786743,8.965902328491211,0.0649949163198471,1.0605206489562988,0.8487908840179443,30.291301727294922,2.8263463973999023,0.98223876953125,0.9979901313781738,6.730682798661292e-05,157.4741973876953,-5.711380481719971,74oafhj5,5,0.75
669450.0,653250,0.5405229330062866,9.03015422821045,0.0701361820101738,1.139161467552185,0.9410753846168518,30.46961784362793,2.8578734397888184,0.9715576171875,0.9979422092437744,5.72652425034903e-05,165.7518310546875,-6.348237991333008,74oafhj5,5,0.75
679800.0,663300,0.5341367721557617,8.61482048034668,0.06792069971561432,1.0235416889190674,0.8615820407867432,30.089534759521484,2.9769606590270996,0.98382568359375,0.99802565574646,5.943446740275249e-05,152.41839599609375,-6.065825462341309,74oafhj5,5,0.75
689700.0,673350,0.5458449125289917,9.911580085754395,0.059990834444761276,1.1640801429748535,0.8965556621551514,31.275747299194336,2.7237255573272705,0.979248046875,0.9979674816131592,6.982244667597115e-05,180.31239318847656,-6.662690162658691,74oafhj5,5,0.75
699450.0,683400,0.5416372418403625,9.714570045471191,0.06494129449129105,0.9865538477897644,0.7898074388504028,31.035057067871094,2.8442153930664062,0.97052001953125,0.9979639053344727,6.312537880148739e-05,176.31341552734375,-6.223142623901367,74oafhj5,5,0.75
709050.0,693450,0.5183333158493042,6.521435260772705,0.07944726198911667,1.157132625579834,1.039096474647522,27.015670776367188,3.6303884983062744,0.9864501953125,0.9980807304382324,5.7108758483082056e-05,120.05545806884766,-5.678457260131836,74oafhj5,5,0.75
718200.0,703500,0.5535192489624023,9.34461784362793,0.07368224859237671,1.0848370790481567,0.8257142305374146,31.127605438232422,2.8176403045654297,0.974609375,0.9979512691497803,6.579485489055514e-05,179.31768798828125,-6.492722511291504,74oafhj5,5,0.75
728400.0,713550,0.5299772620201111,8.544824600219727,0.062343865633010864,1.0836541652679443,0.9216225743293762,29.995792388916016,2.9584014415740967,0.9874267578125,0.9980361461639404,6.485699123004451e-05,159.14761352539062,-5.794010162353516,74oafhj5,5,0.75
738150.0,723600,0.5451229810714722,9.55986213684082,0.05611468479037285,1.0864179134368896,0.8618107438087463,31.422931671142578,2.799537181854248,0.9832763671875,0.9979715347290039,6.440971628762782e-05,184.59259033203125,-6.474445343017578,74oafhj5,5,0.75
748500.0,733650,0.5277272462844849,7.170365333557129,0.053110264241695404,1.1493301391601562,0.9926110506057739,27.798933029174805,3.3339028358459473,0.9737548828125,0.9979519844055176,6.446395855164155e-05,130.367431640625,-5.387104511260986,74oafhj5,5,0.75
760350.0,743700,0.5148354768753052,5.357987880706787,0.07868722081184387,1.4436215162277222,1.316319227218628,23.12115478515625,3.7738542556762695,0.98455810546875,0.9980628490447998,5.821251033921726e-05,89.85099792480469,-5.614858627319336,74oafhj5,5,0.75
770100.0,753750,0.5437943339347839,9.41018295288086,0.0628264918923378,1.1049532890319824,0.8722948431968689,30.030467987060547,2.6957039833068848,0.98358154296875,0.9979877471923828,6.0581187426578254e-05,164.0928192138672,-5.656530380249023,74oafhj5,5,0.75
778050.0,763800,0.5090743899345398,5.884225845336914,0.0811944454908371,1.2948424816131592,1.2175301313400269,24.635896682739258,3.6425621509552,0.9766845703125,0.9979734420776367,5.110679194331169e-05,104.3799819946289,-5.537081718444824,74oafhj5,5,0.75
788550.0,773850,0.5527113676071167,9.559494972229004,0.06960035860538483,1.0682189464569092,0.8127487897872925,30.997135162353516,2.763073444366455,0.9788818359375,0.9980010986328125,6.225670949788764e-05,177.431396484375,-6.947082996368408,74oafhj5,5,0.75
798450.0,783900,0.5289812088012695,8.556824684143066,0.07001019269227982,1.0275709629058838,0.8606351613998413,28.825185775756836,2.8383188247680664,0.98486328125,0.9980311393737793,5.2747142035514116e-05,164.23580932617188,-5.979974746704102,74oafhj5,5,0.75
810600.0,793950,0.5832399129867554,9.083637237548828,0.061190299689769745,1.8180185556411743,0.838624119758606,29.62615203857422,2.758316993713379,0.95684814453125,0.9978532791137695,6.774228677386418e-05,166.43722534179688,-5.785327911376953,74oafhj5,5,0.75
819300.0,804000,0.5453014969825745,9.096031188964844,0.07017137110233307,1.0965865850448608,0.8511449098587036,31.0772705078125,2.9301490783691406,0.98419189453125,0.9980049133300781,6.4867599576246e-05,187.4097900390625,-6.096767902374268,74oafhj5,5,0.75
829500.0,814050,0.5158145427703857,6.200409889221191,0.06534942984580994,1.1059234142303467,1.009883999824524,25.604095458984375,3.6424312591552734,0.9803466796875,0.9980146884918213,5.9237780078547075e-05,122.73814392089844,-5.666276931762695,74oafhj5,5,0.75
839700.0,824100,0.5512722134590149,9.136763572692871,0.06672276556491852,1.1656227111816406,0.8906949758529663,30.501184463500977,2.857222318649292,0.9893798828125,0.9980201721191406,6.144439976196736e-05,191.441650390625,-6.343977928161621,74oafhj5,5,0.75
849000.0,834150,0.5264284014701843,6.927693843841553,0.07249251753091812,1.0494627952575684,0.9194831848144531,27.130512237548828,3.4809770584106445,0.98150634765625,0.9980108737945557,6.020515866111964e-05,138.93582153320312,-6.520872116088867,74oafhj5,5,0.75
858600.0,844200,0.5542086958885193,9.110872268676758,0.06575818359851837,1.1096699237823486,0.8348824977874756,30.45416259765625,2.8977818489074707,0.9820556640625,0.9979879856109619,6.279711669776589e-05,171.72915649414062,-6.460023880004883,74oafhj5,5,0.75
870900.0,854250,0.5261014103889465,7.1867876052856445,0.06837809830904007,1.2263498306274414,1.0735470056533813,27.306814193725586,3.1923022270202637,0.98394775390625,0.9980213642120361,6.270234734984115e-05,130.7761993408203,-5.788755416870117,74oafhj5,5,0.75
880650.0,864300,0.5210820436477661,7.488564968109131,0.07127872109413147,1.1482504606246948,1.0254558324813843,27.064876556396484,3.0441837310791016,0.98468017578125,0.9980373382568359,6.045258851372637e-05,140.29608154296875,-5.824024200439453,74oafhj5,5,0.75
890400.0,874350,0.539833664894104,8.523024559020996,0.06952893733978271,1.0672862529754639,0.873978853225708,29.183815002441406,2.9635443687438965,0.98345947265625,0.9980077743530273,6.431789370253682e-05,168.14817810058594,-5.890462875366211,74oafhj5,5,0.75
899550.0,884400,0.5287495851516724,7.5215864181518555,0.06432244926691055,1.0919086933135986,0.9414386749267578,28.015575408935547,3.267307758331299,0.98577880859375,0.9980475902557373,6.479630246758461e-05,143.0190887451172,-5.951006889343262,74oafhj5,5,0.75
910950.0,894450,0.5052930116653442,5.289752960205078,0.07311026751995087,1.381829023361206,1.3108274936676025,23.304180145263672,4.070209503173828,0.97479248046875,0.9980173110961914,6.505206692963839e-05,95.34197998046875,-5.7035651206970215,74oafhj5,5,0.75
919950.0,904500,0.5352970361709595,8.71416187286377,0.06646719574928284,1.1041007041931152,0.932526171207428,29.486038208007812,2.8602380752563477,0.98443603515625,0.9980056285858154,6.759401003364474e-05,170.74807739257812,-5.956025123596191,74oafhj5,5,0.75
929550.0,914550,0.5294749736785889,7.373043537139893,0.07855512201786041,1.1812105178833008,1.0036005973815918,27.573097229003906,3.2733564376831055,0.9801025390625,0.9979829788208008,6.951783871045336e-05,139.42544555664062,-5.645928859710693,74oafhj5,5,0.75
941100.0,924600,0.4995516538619995,4.352218151092529,0.0905735045671463,2.0041420459747314,1.9333407878875732,20.33808135986328,4.113124847412109,0.98199462890625,0.9980180263519287,6.871344521641731e-05,73.00920867919922,-5.8108015060424805,74oafhj5,5,0.75
951150.0,934650,0.5329652428627014,7.856622695922852,0.07739833742380142,1.2089121341705322,1.0267354249954224,28.64426612854004,3.1940231323242188,0.97906494140625,0.9979851245880127,5.7878351071849465e-05,154.92779541015625,-5.952456951141357,74oafhj5,5,0.75
960900.0,944700,0.5084222555160522,5.4872331619262695,0.0797586739063263,1.4383600950241089,1.3612110614776611,24.48056411743164,3.8678345680236816,0.97650146484375,0.9980003833770752,6.318181840470061e-05,106.4339828491211,-5.634757995605469,74oafhj5,5,0.75
970200.0,954750,0.5348878502845764,8.765914916992188,0.06551043689250946,1.1413333415985107,0.9568600654602051,29.606496810913086,2.8465781211853027,0.9930419921875,0.9980700016021729,6.814074004068971e-05,172.54934692382812,-6.78626823425293,74oafhj5,5,0.75
980250.0,964800,0.5179219841957092,6.480389595031738,0.0691148117184639,1.3294618129730225,1.2251691818237305,27.50942039489746,3.914787530899048,0.98486328125,0.9979884624481201,5.8669535064836964e-05,142.91049194335938,-6.018989086151123,74oafhj5,5,0.75
990300.0,974850,0.552831768989563,8.044965744018555,0.060164548456668854,1.3349441289901733,1.0182329416275024,29.229660034179688,3.1239867210388184,0.989013671875,0.9980268478393555,7.934705354273319e-05,161.17430114746094,-6.197608470916748,74oafhj5,5,0.75
999750.0,984900,0.5195052027702332,6.618892669677734,0.07878477871417999,1.1563000679016113,1.0333094596862793,26.19066619873047,3.55792236328125,0.98443603515625,0.9980156421661377,6.207825208548456e-05,129.6588134765625,-5.790851593017578,74oafhj5,5,0.75
26700.0,10050,0.491524875164032,4.395552635192871,-0.2751450836658478,34.300777435302734,35.018341064453125,34.1923713684082,5.843287467956543,0.65399169921875,0.9963204860687256,5.799863356514834e-05,87.78239440917969,1.6913033723831177,se6k2hvf,6,0.75
34350.0,20100,0.4939008057117462,4.143695831298828,-0.28168410062789917,38.585960388183594,39.08870315551758,34.76921463012695,6.307621002197266,0.741943359375,0.9966177940368652,6.559910980286077e-05,99.31303405761719,-0.08538185060024261,se6k2hvf,6,0.75
46650.0,30150,0.49833205342292786,4.014991760253906,-0.29205524921417236,41.53815460205078,41.88561248779297,34.945350646972656,6.543204307556152,0.7833251953125,0.9969923496246338,7.04200574546121e-05,112.81553649902344,-3.435652256011963,se6k2hvf,6,0.75
56550.0,40200,0.4962235689163208,3.681091070175171,-0.26274192333221436,40.13861846923828,40.484493255615234,34.368900299072266,7.03537654876709,0.8121337890625,0.9970526695251465,7.295735122170299e-05,109.43876647949219,-5.250985145568848,se6k2hvf,6,0.75
66900.0,50250,0.49717777967453003,3.740448474884033,-0.2593768239021301,41.787864685058594,42.10919189453125,34.25327682495117,6.891742706298828,0.83441162109375,0.9972951412200928,6.494508124887943e-05,129.814697265625,-5.895754814147949,se6k2hvf,6,0.75
75000.0,60300,0.4985991418361664,3.552140712738037,-0.24068725109100342,44.30632019042969,44.53607940673828,33.671958923339844,7.145811557769775,0.85455322265625,0.9973483085632324,7.188455492723733e-05,135.4769287109375,-6.002347946166992,se6k2hvf,6,0.75
86850.0,70350,0.49764806032180786,3.5300345420837402,-0.21545356512069702,42.673973083496094,42.90686798095703,33.11559295654297,7.077820777893066,0.8594970703125,0.9973852634429932,6.84895203448832e-05,140.71290588378906,-7.168863296508789,se6k2hvf,6,0.75
96300.0,80400,0.4977647662162781,3.391840934753418,-0.2032305896282196,44.848724365234375,45.05250549316406,32.837650299072266,7.298709869384766,0.86968994140625,0.9974298477172852,7.506697147618979e-05,148.70521545410156,-7.523969650268555,se6k2hvf,6,0.75
105900.0,90450,0.49630752205848694,3.528616428375244,-0.18063974380493164,46.97642517089844,47.21573257446289,33.12030029296875,7.087821006774902,0.87689208984375,0.9974255561828613,7.165242277551442e-05,159.62725830078125,-7.748043060302734,se6k2hvf,6,0.75
117000.0,100500,0.49755391478538513,3.342728853225708,-0.14632534980773926,41.97178649902344,42.13274383544922,31.59792137145996,7.161177635192871,0.90594482421875,0.9976465702056885,6.88716972945258e-05,163.95220947265625,-7.500266075134277,se6k2hvf,6,0.75
125400.0,110550,0.4982019066810608,3.5390830039978027,-0.15713542699813843,47.91290283203125,48.06793975830078,32.611572265625,6.973676681518555,0.9185791015625,0.9976227283477783,7.246865425258875e-05,170.47251892089844,-7.045837879180908,se6k2hvf,6,0.75
136350.0,120600,0.49956560134887695,3.4990158081054688,-0.13603061437606812,45.10588836669922,45.271427154541016,31.658466339111328,6.862814426422119,0.89276123046875,0.9975321292877197,8.045861613936722e-05,186.840576171875,-7.60709810256958,se6k2hvf,6,0.75
147300.0,130650,0.49939388036727905,2.703030586242676,-0.10570782423019409,17.264793395996094,17.408100128173828,25.218849182128906,7.08712100982666,0.8739013671875,0.997406005859375,7.141907553886995e-05,84.73539733886719,-6.519545555114746,se6k2hvf,6,0.75
154950.0,140700,0.49831777811050415,3.693758249282837,-0.09975460916757584,45.578948974609375,45.709320068359375,32.93620300292969,6.770451068878174,0.92694091796875,0.9977169036865234,7.256244134623557e-05,215.03414916992188,-7.805756568908691,se6k2hvf,6,0.75
166951.0,150750,0.49903714656829834,3.5781662464141846,-0.08822330832481384,40.918792724609375,41.02978515625,31.644594192504883,6.761622428894043,0.9232177734375,0.9976933002471924,6.613687583012506e-05,198.2849578857422,-7.635489463806152,se6k2hvf,6,0.75
175950.0,160800,0.4992208480834961,3.752995491027832,-0.08204910159111023,43.27324295043945,43.40253448486328,32.456565856933594,6.593522548675537,0.915771484375,0.9976394176483154,7.115960761439055e-05,223.42318725585938,-7.237736701965332,se6k2hvf,6,0.75
185550.0,170850,0.4977400600910187,3.8686203956604004,-0.0795978307723999,44.45484161376953,44.57244873046875,32.75146484375,6.4471564292907715,0.93438720703125,0.9977717399597168,7.147633732529357e-05,229.71450805664062,-7.480499267578125,se6k2hvf,6,0.75
195600.0,180900,0.4991009831428528,3.1692428588867188,-0.058190859854221344,26.409053802490234,26.543228149414062,27.01552391052246,6.529421329498291,0.90594482421875,0.9976153373718262,7.418204768327996e-05,153.97723388671875,-6.542075157165527,se6k2hvf,6,0.75
207300.0,190950,0.49943411350250244,3.941354274749756,-0.05758252739906311,40.9738655090332,41.0697135925293,32.74626541137695,6.375942707061768,0.9361572265625,0.9977436065673828,7.065526733640581e-05,244.28915405273438,-7.81717586517334,se6k2hvf,6,0.75
217051.0,201000,0.4989357590675354,4.154726982116699,-0.07542859017848969,43.27772521972656,43.39210510253906,33.7044677734375,6.229766368865967,0.93182373046875,0.9977641105651855,7.190226460807025e-05,255.19430541992188,-8.172086715698242,se6k2hvf,6,0.75
226350.0,211050,0.49984124302864075,3.7650680541992188,-0.048691414296627045,33.24452209472656,33.34153747558594,30.823020935058594,6.31564998626709,0.9373779296875,0.9977552890777588,6.648318958468735e-05,215.4884490966797,-7.035948753356934,se6k2hvf,6,0.75
235800.0,221100,0.499677836894989,3.189906597137451,-0.03435804694890976,15.405177116394043,15.50533676147461,25.483787536621094,6.1757893562316895,0.9342041015625,0.9977550506591797,6.855496030766517e-05,121.7743148803711,-7.050833225250244,se6k2hvf,6,0.75
247500.0,231150,0.49937254190444946,4.29194450378418,-0.03987685590982437,36.14598846435547,36.24311828613281,32.377174377441406,5.8121232986450195,0.94970703125,0.9977996349334717,7.284614548552781e-05,266.27447509765625,-7.598249912261963,se6k2hvf,6,0.75
256650.0,241200,0.4995838403701782,4.142813682556152,-0.037628140300512314,34.1478385925293,34.22575378417969,32.18557357788086,6.026374816894531,0.959716796875,0.9978618621826172,6.472061795648187e-05,242.266845703125,-7.063626289367676,se6k2hvf,6,0.75
266401.0,251250,0.49921154975891113,3.6551690101623535,-0.025869790464639664,25.303688049316406,25.387439727783203,29.15018653869629,6.181790351867676,0.94415283203125,0.997833251953125,6.44570536678657e-05,201.60687255859375,-7.819561958312988,se6k2hvf,6,0.75
275850.0,261300,0.49896979331970215,4.775213241577148,-0.037324003875255585,34.88936233520508,34.98155975341797,33.68898010253906,5.448920249938965,0.95306396484375,0.9978141784667969,7.588658627355471e-05,264.2035827636719,-7.888141632080078,se6k2hvf,6,0.75
287550.0,271350,0.4992947578430176,4.876836776733398,-0.032236963510513306,34.21947479248047,34.27290344238281,32.891151428222656,5.168302536010742,0.96026611328125,0.9978981018066406,7.120620284695178e-05,283.40985107421875,-7.964913845062256,se6k2hvf,6,0.75
297150.0,281400,0.4992471933364868,4.699953556060791,-0.008520989678800106,27.501434326171875,27.565475463867188,31.60837173461914,5.212681293487549,0.96746826171875,0.997894287109375,6.818384281359613e-05,282.17291259765625,-7.533718585968018,se6k2hvf,6,0.75
306750.0,291450,0.49810078740119934,3.8534553050994873,-0.0030516129918396473,18.871356964111328,18.950172424316406,28.632465362548828,5.828041076660156,0.95947265625,0.9979062080383301,7.353822729783133e-05,203.23696899414062,-6.8284478187561035,se6k2hvf,6,0.75
317101.0,301500,0.49632489681243896,3.6699113845825195,0.017494868487119675,12.386222839355469,12.496962547302246,25.982643127441406,5.624003887176514,0.93341064453125,0.997748851776123,7.760457810945809e-05,169.86587524414062,-6.778969764709473,se6k2hvf,6,0.75
327300.0,311550,0.49937108159065247,5.2013139724731445,-0.006618041079491377,25.705034255981445,25.75834846496582,32.72602844238281,4.9682464599609375,0.9737548828125,0.9979548454284668,6.921085878275335e-05,289.99176025390625,-7.325207233428955,se6k2hvf,6,0.75
337350.0,321600,0.49786829948425293,5.279347896575928,-0.00444454699754715,22.90884780883789,23.004467010498047,32.0882568359375,4.732143402099609,0.9437255859375,0.9978182315826416,7.08477309672162e-05,272.6889343261719,-6.467243194580078,se6k2hvf,6,0.75
346800.0,331650,0.4977772533893585,4.872513294219971,0.009622933343052864,19.032312393188477,19.09573745727539,30.791519165039062,5.011652946472168,0.96319580078125,0.9978945255279541,7.011542038526386e-05,278.13812255859375,-7.087406635284424,se6k2hvf,6,0.75
356400.0,341700,0.49594846367836,3.609483242034912,0.021572384983301163,7.424785614013672,7.484847545623779,23.563434600830078,5.247260093688965,0.95684814453125,0.9978835582733154,7.930058927740902e-05,152.75506591796875,-6.512446403503418,se6k2hvf,6,0.75
367950.0,351750,0.4992566704750061,5.480571746826172,0.01369548961520195,18.02817726135254,18.088138580322266,31.843017578125,4.7005295753479,0.9654541015625,0.9978950023651123,7.221258420031518e-05,293.215087890625,-7.6056413650512695,se6k2hvf,6,0.75
378300.0,361800,0.4994516372680664,4.92331600189209,0.02415495738387108,14.751065254211426,14.801657676696777,29.544891357421875,4.8769307136535645,0.9635009765625,0.9978876113891602,7.21003016224131e-05,254.47039794921875,-6.947970390319824,se6k2hvf,6,0.75
387600.0,371850,0.5017693042755127,3.4322104454040527,0.04544788599014282,4.3408966064453125,4.332877159118652,22.032264709472656,5.439946174621582,0.937255859375,0.9978160858154297,7.61144983698614e-05,128.3739471435547,-6.776707172393799,se6k2hvf,6,0.75
397500.0,381900,0.4987298846244812,6.14323091506958,0.024148864671587944,13.235613822937012,13.283865928649902,31.246063232421875,4.0884904861450195,0.9654541015625,0.9979062080383301,7.428552635246888e-05,261.811279296875,-6.762429237365723,se6k2hvf,6,0.75
407100.0,391950,0.4978507161140442,5.319502830505371,0.02875087410211563,11.92491626739502,11.984999656677246,30.341089248657227,4.754364013671875,0.96807861328125,0.9979226589202881,6.79655495332554e-05,273.12200927734375,-6.7385993003845215,se6k2hvf,6,0.75
416701.0,402000,0.502119779586792,3.5672359466552734,0.046001072973012924,4.0444440841674805,4.056586265563965,22.67987823486328,5.511665344238281,0.95391845703125,0.9977951049804688,7.475307211279869e-05,136.0108184814453,-6.433663368225098,se6k2hvf,6,0.75
427950.0,412050,0.4990609288215637,6.643894672393799,0.0264857467263937,9.663726806640625,9.713428497314453,30.996639251708984,3.8493502140045166,0.94854736328125,0.9978265762329102,6.979085446801037e-05,277.4746398925781,-6.098860740661621,se6k2hvf,6,0.75
437250.0,422100,0.4954013526439667,5.0748820304870605,0.037317439913749695,5.520036697387695,5.558039665222168,26.741363525390625,4.370527267456055,0.96478271484375,0.997927188873291,6.85402046656236e-05,235.45709228515625,-6.6084136962890625,se6k2hvf,6,0.75
447750.0,432150,0.4960011839866638,4.626648426055908,0.040710486471652985,4.169288635253906,4.2072577476501465,25.950647354125977,4.823049545288086,0.9659423828125,0.9979326725006104,7.432892016367987e-05,195.30825805664062,-6.36588191986084,se6k2hvf,6,0.75
457650.0,442200,0.49198147654533386,4.816253185272217,0.04861394688487053,2.376051664352417,2.4112915992736816,24.695648193359375,4.2794647216796875,0.95941162109375,0.9978792667388916,7.595928036607802e-05,161.94772338867188,-6.757297515869141,se6k2hvf,6,0.75
467700.0,452250,0.497318834066391,7.203401565551758,0.03456026315689087,6.109501838684082,6.129125595092773,30.740413665771484,3.581486701965332,0.970947265625,0.9979197978973389,7.158561493270099e-05,278.8328857421875,-7.251976013183594,se6k2hvf,6,0.75
477600.0,462300,0.498176634311676,6.059335708618164,0.04398631304502487,5.064160346984863,5.082975387573242,29.961750030517578,4.365778923034668,0.96551513671875,0.9979085922241211,7.343495235545561e-05,276.00030517578125,-6.500462055206299,se6k2hvf,6,0.75
487050.0,472350,0.49869126081466675,5.1592817306518555,0.048077091574668884,2.3994288444519043,2.4162511825561523,26.22372055053711,4.432310581207275,0.95068359375,0.9978456497192383,8.372230513487011e-05,180.719482421875,-5.868450164794922,se6k2hvf,6,0.75
496800.0,482400,0.5000072121620178,7.162985801696777,0.03749312087893486,4.634164333343506,4.631872177124023,30.816925048828125,3.779524326324463,0.9632568359375,0.9978837966918945,6.916429265402257e-05,286.81964111328125,-7.41036319732666,se6k2hvf,6,0.75
506850.0,492450,0.5064446926116943,5.860523223876953,0.0493721179664135,2.9305341243743896,2.895768880844116,27.8193359375,4.0746989250183105,0.96844482421875,0.9979333877563477,7.105933036655188e-05,244.98464965820312,-7.19344425201416,se6k2hvf,6,0.75
517351.0,502500,0.510568380355835,4.967903137207031,0.052072204649448395,1.7479608058929443,1.6899161338806152,25.000028610229492,4.470189094543457,0.97406005859375,0.9979524612426758,7.469383854186162e-05,187.0184326171875,-6.444040775299072,se6k2hvf,6,0.75
528900.0,512550,0.497108519077301,7.537899017333984,0.04931730777025223,3.315929889678955,3.3039357662200928,30.0196590423584,3.494248390197754,0.95867919921875,0.9978632926940918,7.89802725194022e-05,282.9380187988281,-6.762743949890137,se6k2hvf,6,0.75
538050.0,522600,0.505734384059906,5.693967342376709,0.05036494880914688,2.0314860343933105,1.983339786529541,27.13332176208496,4.173003196716309,0.960693359375,0.9979326725006104,7.291688962141052e-05,236.02407836914062,-7.035493850708008,se6k2hvf,6,0.75
547350.0,532650,0.4991046190261841,7.459766387939453,0.04326522350311279,2.807384967803955,2.787142753601074,30.414085388183594,3.484828233718872,0.97796630859375,0.9979598522186279,7.31111504137516e-05,299.18853759765625,-6.221421241760254,se6k2hvf,6,0.75
559200.0,542700,0.4993002414703369,6.559527397155762,0.049836765974760056,2.3597524166107178,2.337543487548828,29.39539909362793,3.851585626602173,0.9544677734375,0.9978442192077637,7.179357635322958e-05,271.789306640625,-7.288809776306152,se6k2hvf,6,0.75
569250.0,552750,0.5091676115989685,5.235893249511719,0.05936352163553238,1.9022178649902344,1.8248846530914307,25.35465431213379,4.317950248718262,0.972900390625,0.9979865550994873,7.505540270358324e-05,207.89547729492188,-6.2396240234375,se6k2hvf,6,0.75
577350.0,562800,0.5019038915634155,7.012111186981201,0.03402910381555557,2.189743995666504,2.1454074382781982,29.926767349243164,3.7860827445983887,0.96990966796875,0.9979281425476074,6.77548669045791e-05,280.20550537109375,-6.816459655761719,se6k2hvf,6,0.75
589350.0,572850,0.5059275031089783,7.729972839355469,0.04588618874549866,1.9424784183502197,1.8468538522720337,29.78923797607422,3.393477439880371,0.97210693359375,0.997938871383667,8.858359069563448e-05,270.9395751953125,-6.396595001220703,se6k2hvf,6,0.75
598950.0,582900,0.5058722496032715,5.516620635986328,0.053491003811359406,1.5919932126998901,1.5465784072875977,26.134153366088867,4.20217752456665,0.97222900390625,0.9979875087738037,7.551659655291587e-05,236.12001037597656,-6.180607795715332,se6k2hvf,6,0.75
608550.0,592950,0.5051875710487366,4.027207374572754,0.06934022903442383,2.3753042221069336,2.3164563179016113,21.691495895385742,4.998047828674316,0.9659423828125,0.9979653358459473,7.363148324657232e-05,148.20973205566406,-6.8756794929504395,se6k2hvf,6,0.75
617851.0,603000,0.5160807371139526,6.732571601867676,0.046352021396160126,1.8626911640167236,1.7054214477539062,29.174339294433594,3.904308319091797,0.9693603515625,0.9979243278503418,7.293290400411934e-05,279.7181396484375,-7.07289981842041,se6k2hvf,6,0.75
628950.0,613050,0.5020581483840942,5.567239761352539,0.05479951202869415,1.6269148588180542,1.595513939857483,25.27335548400879,4.036581516265869,0.98687744140625,0.9980578422546387,6.930433301022276e-05,207.45162963867188,-6.778613090515137,se6k2hvf,6,0.75
638400.0,623100,0.5101564526557922,7.104703903198242,0.04426207020878792,1.6191633939743042,1.5484662055969238,29.897117614746094,3.7980852127075195,0.9815673828125,0.997992753982544,7.260331767611206e-05,284.33172607421875,-7.061352252960205,se6k2hvf,6,0.75
647850.0,633150,0.5065040588378906,5.068459510803223,0.05572802573442459,2.089071273803711,2.037386894226074,24.64263916015625,4.456462860107422,0.980224609375,0.9980173110961914,7.132082100724801e-05,196.2017059326172,-6.5250749588012695,se6k2hvf,6,0.75
657600.0,643200,0.5120656490325928,6.726599216461182,0.042427584528923035,1.5872745513916016,1.4986979961395264,28.876712799072266,3.75974178314209,0.9814453125,0.9979915618896484,7.160039967857301e-05,282.7004699707031,-6.8531646728515625,se6k2hvf,6,0.75
669150.0,653250,0.5096403360366821,5.3345947265625,0.057335421442985535,1.777299404144287,1.718072533607483,25.663867950439453,4.251686096191406,0.980224609375,0.9979934692382812,6.652520096395165e-05,225.9949951171875,-6.344812393188477,se6k2hvf,6,0.75
678900.0,663300,0.5047718286514282,3.755885601043701,0.07711436599493027,2.915161371231079,2.8421990871429443,20.678199768066406,4.921616554260254,0.96533203125,0.9978923797607422,7.330001244554296e-05,142.07568359375,-7.338754653930664,se6k2hvf,6,0.75
688650.0,673350,0.5097742080688477,6.997673511505127,0.04572657495737076,1.5904297828674316,1.5111865997314453,28.75149154663086,3.517221450805664,0.98858642578125,0.9980325698852539,7.063747034408152e-05,280.0507507324219,-6.273560523986816,se6k2hvf,6,0.75
698100.0,683400,0.506794810295105,4.331630229949951,0.06534132361412048,2.2868123054504395,2.2524147033691406,22.792098999023438,4.7059736251831055,0.9840087890625,0.9980080127716064,7.284102321136743e-05,171.533447265625,-6.416218280792236,se6k2hvf,6,0.75
709950.0,693450,0.509981095790863,6.799710273742676,0.041662268340587616,1.488368272781372,1.420050859451294,29.036376953125,3.677381992340088,0.9754638671875,0.9979560375213623,7.200741674751043e-05,281.2562255859375,-6.734931468963623,se6k2hvf,6,0.75
719550.0,703500,0.5042582750320435,5.293460845947266,0.0625724047422409,2.2028870582580566,2.152360439300537,24.694847106933594,4.011323928833008,0.97650146484375,0.9980185031890869,7.81546114012599e-05,191.70822143554688,-6.116800308227539,se6k2hvf,6,0.75
729000.0,713550,0.5711265802383423,5.827670574188232,0.05247369781136513,3.552102565765381,1.9718403816223145,28.214340209960938,4.771952152252197,0.8912353515625,0.9974117279052734,8.161169535014778e-05,266.7419738769531,-7.281431674957275,se6k2hvf,6,0.75
739650.0,723600,0.5150350332260132,6.747568607330322,0.05350174382328987,1.5807141065597534,1.4882451295852661,28.620811462402344,3.62068772315979,0.9774169921875,0.9979593753814697,7.615802314830944e-05,273.34912109375,-6.505558013916016,se6k2hvf,6,0.75
749100.0,733650,0.5023764371871948,4.3330535888671875,0.06063704192638397,2.757688045501709,2.6924173831939697,22.91391372680664,4.9421234130859375,0.9727783203125,0.9979643821716309,7.68476675148122e-05,179.7760467529297,-6.297207832336426,se6k2hvf,6,0.75
758700.0,743700,0.5143246650695801,6.463229656219482,0.051908574998378754,1.8228158950805664,1.7183153629302979,28.02767562866211,3.7017478942871094,0.97552490234375,0.9979851245880127,7.084656681399792e-05,275.4985046386719,-7.331745147705078,se6k2hvf,6,0.75
768300.0,753750,0.5080613493919373,5.726109027862549,0.053212594240903854,2.3363499641418457,2.2637267112731934,26.878650665283203,4.259637832641602,0.991455078125,0.9980411529541016,7.756495324429125e-05,246.595458984375,-6.832799911499023,se6k2hvf,6,0.75
779550.0,763800,0.5079339742660522,3.945106029510498,0.0703016147017479,3.4436440467834473,3.3509361743927,21.412878036499023,4.968949317932129,0.9466552734375,0.9978547096252441,6.548445526277646e-05,159.86117553710938,-6.364804267883301,se6k2hvf,6,0.75
789000.0,773850,0.5265419483184814,6.7441325187683105,0.03980596736073494,1.8801028728485107,1.6710631847381592,28.880874633789062,3.8015425205230713,0.97906494140625,0.9979751110076904,7.53477361286059e-05,280.01092529296875,-7.552276134490967,se6k2hvf,6,0.75
799050.0,783900,0.4997376799583435,4.456686973571777,0.05969400703907013,3.051701068878174,3.0148122310638428,22.364765167236328,4.340364456176758,0.98944091796875,0.9980287551879883,7.640304102096707e-05,178.5438232421875,-5.966164588928223,se6k2hvf,6,0.75
810300.0,793950,0.5171842575073242,6.698207378387451,0.036609161645174026,1.8731293678283691,1.748029351234436,27.787410736083984,3.5978024005889893,0.9735107421875,0.9979438781738281,7.866260420996696e-05,271.112060546875,-6.9363555908203125,se6k2hvf,6,0.75
819600.0,804000,0.5087991952896118,5.6655731201171875,0.04544614627957344,2.428837776184082,2.3386359214782715,26.157360076904297,4.157800674438477,0.95849609375,0.9979166984558105,7.699026900809258e-05,241.24917602539062,-6.671021938323975,se6k2hvf,6,0.75
829650.0,814050,0.5025107860565186,4.638191223144531,0.06368081271648407,2.9429385662078857,2.880882740020752,22.21685028076172,4.539284706115723,0.96795654296875,0.997901439666748,7.238163379952312e-05,179.04336547851562,-6.087965965270996,se6k2hvf,6,0.75
838800.0,824100,0.5116870999336243,6.198749542236328,0.04674655944108963,1.954614281654358,1.8461368083953857,27.30344009399414,3.972994804382324,0.98126220703125,0.9979696273803711,7.519905921071768e-05,264.7261962890625,-7.683965682983398,se6k2hvf,6,0.75
850350.0,834150,0.5074912309646606,5.5703229904174805,0.05403266102075577,2.228855609893799,2.1410083770751953,26.130550384521484,4.087695121765137,0.987548828125,0.9980170726776123,6.611218122998253e-05,244.95458984375,-6.61642599105835,se6k2hvf,6,0.75
860400.0,844200,0.5039306879043579,4.833783149719238,0.058675236999988556,2.637918710708618,2.580794095993042,23.713726043701172,4.495460510253906,0.9781494140625,0.9979767799377441,6.974556890781969e-05,197.34854125976562,-6.895027160644531,se6k2hvf,6,0.75
869250.0,854250,0.5141505599021912,6.081827163696289,0.047969408333301544,1.7829809188842773,1.65970778465271,27.024677276611328,3.8315024375915527,0.977294921875,0.9979982376098633,6.924301851540804e-05,262.6417236328125,-6.480795860290527,se6k2hvf,6,0.75
878850.0,864300,0.5070928335189819,5.8469133377075195,0.05610640347003937,2.2685418128967285,2.1938867568969727,26.086984634399414,3.9739980697631836,0.98345947265625,0.9980330467224121,6.957675941521302e-05,239.6424560546875,-6.40997314453125,se6k2hvf,6,0.75
890550.0,874350,0.5019233226776123,3.157245635986328,0.08162481337785721,4.8660430908203125,4.807175636291504,16.97400665283203,4.888171195983887,0.9793701171875,0.998032808303833,7.671590719837695e-05,97.17555236816406,-6.652294635772705,se6k2hvf,6,0.75
899100.0,884400,0.5086262226104736,5.1467695236206055,0.06096787005662918,2.413839817047119,2.342212438583374,25.704551696777344,4.368326187133789,0.989013671875,0.9980268478393555,7.87523458711803e-05,235.11572265625,-6.829585552215576,se6k2hvf,6,0.75
910800.0,894450,0.5029267072677612,4.571499824523926,0.06418587267398834,3.3824405670166016,3.3296732902526855,23.133256912231445,4.440852165222168,0.986328125,0.9980068206787109,7.266931788763031e-05,185.98045349121094,-6.346850395202637,se6k2hvf,6,0.75
919800.0,904500,0.5016650557518005,3.902298927307129,0.07375997304916382,3.5527141094207764,3.5176031589508057,21.134496688842773,5.012439727783203,0.98065185546875,0.9980623722076416,7.321621524170041e-05,167.9342803955078,-6.837638854980469,se6k2hvf,6,0.75
929100.0,914550,0.5073559880256653,6.629920482635498,0.042828407138586044,2.149662971496582,2.0690979957580566,27.61824607849121,3.565274238586426,0.981689453125,0.997988224029541,7.19925737939775e-05,265.8515625,-6.758913040161133,se6k2hvf,6,0.75
939000.0,924600,0.5065683126449585,5.615768909454346,0.045130059123039246,2.3167173862457275,2.250668525695801,26.337003707885742,4.095298767089844,0.98236083984375,0.9979903697967529,7.127469143597409e-05,254.75634765625,-6.814939498901367,se6k2hvf,6,0.75
951000.0,934650,0.5033131837844849,4.504300594329834,0.06630545854568481,3.229468822479248,3.1733474731445312,22.172204971313477,4.582304954528809,0.9793701171875,0.9979865550994873,7.0504545874428e-05,176.41615295410156,-5.777934551239014,se6k2hvf,6,0.75
961050.0,944700,0.5099515318870544,6.018229007720947,0.0400054007768631,2.2485721111297607,2.1462514400482178,26.816431045532227,3.837343215942383,0.97528076171875,0.997948169708252,7.459190965164453e-05,252.1015625,-6.8816423416137695,se6k2hvf,6,0.75
970500.0,954750,0.5053187012672424,5.645209312438965,0.039561137557029724,2.5158939361572266,2.4411816596984863,25.593769073486328,4.092534065246582,0.97503662109375,0.9979734420776367,7.681900024181232e-05,246.51824951171875,-7.081686019897461,se6k2hvf,6,0.75
980400.0,964800,0.504264235496521,4.465457439422607,0.06294754147529602,2.8582897186279297,2.8145508766174316,21.678926467895508,4.2589111328125,0.984619140625,0.9980504512786865,6.869476055726409e-05,167.9219970703125,-6.391938209533691,se6k2hvf,6,0.75
990000.0,974850,0.513381838798523,6.490241050720215,0.044930409640073776,2.0302863121032715,1.9075987339019775,27.916915893554688,3.6985387802124023,0.97210693359375,0.9979569911956787,7.579773955512792e-05,270.794189453125,-6.948516368865967,se6k2hvf,6,0.75
999600.0,984900,0.5058767795562744,5.118948459625244,0.052645206451416016,2.455219030380249,2.3922739028930664,24.1312255859375,4.200965881347656,0.98193359375,0.9979996681213379,7.678953988943249e-05,220.08360290527344,-6.807551383972168,se6k2hvf,6,0.75
25950.0,10050,0.48795971274375916,3.3101117610931396,0.05046901851892471,23.628793716430664,24.346529006958008,29.646209716796875,6.723897933959961,0.6644287109375,0.9963715076446533,4.634941433323547e-05,54.409725189208984,0.895664632320404,vxnup1te,7,0.75
35850.0,20100,0.4917519986629486,3.5236294269561768,0.12440113723278046,26.155282974243164,26.731761932373047,30.711055755615234,6.540038108825684,0.72564697265625,0.9966778755187988,4.7432589781237766e-05,65.07308197021484,-1.2005751132965088,vxnup1te,7,0.75
45600.0,30150,0.49328893423080444,3.7807679176330566,0.14433962106704712,27.566787719726562,28.055438995361328,31.821609497070312,6.315049648284912,0.7598876953125,0.9968688488006592,5.413706094259396e-05,77.01178741455078,-4.142828941345215,vxnup1te,7,0.75
55500.0,40200,0.49533611536026,3.9003474712371826,0.15512605011463165,32.03190994262695,32.433929443359375,32.853275299072266,6.320942401885986,0.7935791015625,0.9970977306365967,5.4627824283670634e-05,93.7728271484375,-6.707637786865234,vxnup1te,7,0.75
66001.0,50250,0.4960708022117615,4.117617607116699,0.16288799047470093,31.81416893005371,32.15762710571289,33.134788513183594,6.036603927612305,0.830078125,0.9972355365753174,5.685595533577725e-05,102.51258850097656,-6.450285911560059,vxnup1te,7,0.75
76050.0,60300,0.49708929657936096,4.2308220863342285,0.15562044084072113,33.22150421142578,33.5010986328125,33.34890365600586,5.909638404846191,0.85528564453125,0.9973795413970947,5.249859532341361e-05,123.68289947509766,-6.2014360427856445,vxnup1te,7,0.75
85350.0,70350,0.496900737285614,4.666518211364746,0.1572534143924713,33.86127853393555,34.14750671386719,34.519893646240234,5.557011127471924,0.85955810546875,0.9973711967468262,5.255699215922505e-05,129.16416931152344,-6.352818965911865,vxnup1te,7,0.75
95250.0,80400,0.4951493442058563,4.243958473205566,0.18594074249267578,21.469623565673828,21.771705627441406,29.658790588378906,5.24941349029541,0.85198974609375,0.9973394870758057,5.938685353612527e-05,87.70681762695312,-5.161906719207764,vxnup1te,7,0.75
105000.0,90450,0.4973365366458893,4.980957984924316,0.16739706695079803,34.50807571411133,34.77555847167969,34.66461181640625,5.224081516265869,0.8668212890625,0.9973809719085693,6.043508619768545e-05,146.7779083251953,-6.592878341674805,vxnup1te,7,0.75
116701.0,100500,0.4978637099266052,5.403061389923096,0.16010159254074097,33.301673889160156,33.50658416748047,36.265296936035156,5.037653923034668,0.9017333984375,0.9975967407226562,5.76245911361184e-05,154.60572814941406,-6.302774429321289,vxnup1te,7,0.75
127200.0,110550,0.4978480935096741,5.569502353668213,0.17495876550674438,30.985633850097656,31.159482955932617,35.561607360839844,4.7955851554870605,0.916015625,0.9976503849029541,6.145778024801984e-05,171.63841247558594,-6.3550615310668945,vxnup1te,7,0.75
135450.0,120600,0.4975484013557434,5.812567710876465,0.17315377295017242,30.755062103271484,30.945480346679688,35.345703125,4.566327095031738,0.89703369140625,0.9975602626800537,5.205067645874806e-05,169.2737274169922,-5.937407970428467,vxnup1te,7,0.75
146400.0,130650,0.4976770281791687,6.1613945960998535,0.1593180000782013,31.001022338867188,31.203929901123047,36.243553161621094,4.419293403625488,0.89447021484375,0.9975554943084717,5.731899364036508e-05,188.45004272460938,-6.208334922790527,vxnup1te,7,0.75
156600.0,140700,0.49788111448287964,6.385117530822754,0.155257910490036,28.51207733154297,28.684249877929688,35.47749328613281,4.191371917724609,0.91094970703125,0.9976069927215576,6.0137266700621694e-05,174.38656616210938,-6.230301856994629,vxnup1te,7,0.75
166051.0,150750,0.48801863193511963,4.75531530380249,0.18775096535682678,11.152505874633789,11.482019424438477,25.667518615722656,4.1432952880859375,0.85809326171875,0.9973835945129395,5.6937100453069434e-05,72.23190307617188,-5.582029342651367,vxnup1te,7,0.75
177300.0,160800,0.4976229667663574,7.005319118499756,0.1529330611228943,26.27695655822754,26.454822540283203,36.50653076171875,3.9302988052368164,0.911376953125,0.9976189136505127,6.306271825451404e-05,196.50009155273438,-6.1865034103393555,vxnup1te,7,0.75
187200.0,170850,0.4978243112564087,6.481982231140137,0.16288773715496063,20.663841247558594,20.79611587524414,33.664344787597656,3.9500668048858643,0.93231201171875,0.9977726936340332,6.384756125044078e-05,141.3740234375,-6.481332302093506,vxnup1te,7,0.75
196950.0,180900,0.4980139136314392,7.850503921508789,0.15461184084415436,24.496984481811523,24.62727928161621,36.707271575927734,3.5555684566497803,0.9388427734375,0.997772216796875,5.833587783854455e-05,206.39419555664062,-6.665502548217773,vxnup1te,7,0.75
206550.0,190950,0.4975435137748718,7.861599922180176,0.1419936567544937,22.695890426635742,22.83787727355957,36.493072509765625,3.519984483718872,0.93292236328125,0.9977154731750488,6.0113612562417984e-05,203.3380889892578,-7.066766738891602,vxnup1te,7,0.75
216451.0,201000,0.4973439574241638,8.28060531616211,0.1482710987329483,21.470043182373047,21.60335922241211,36.385555267333984,3.353242874145508,0.92840576171875,0.9977550506591797,5.939405309618451e-05,213.71669006347656,-7.059721946716309,vxnup1te,7,0.75
225900.0,211050,0.49714595079421997,9.121528625488281,0.14863549172878265,18.841053009033203,18.9788818359375,36.18917465209961,3.041558027267456,0.93304443359375,0.9977505207061768,5.9557722124736756e-05,203.6981964111328,-7.018204212188721,vxnup1te,7,0.75
235500.0,221100,0.49725931882858276,9.247671127319336,0.14439526200294495,17.242631912231445,17.355388641357422,36.235389709472656,3.0582351684570312,0.94195556640625,0.9977803230285645,6.223027594387531e-05,219.01148986816406,-6.506313323974609,vxnup1te,7,0.75
246900.0,231150,0.4961093068122864,9.26449203491211,0.14230014383792877,13.727709770202637,13.85700798034668,34.99485778808594,2.954219341278076,0.93896484375,0.9977755546569824,5.661341856466606e-05,189.3321533203125,-6.211301803588867,vxnup1te,7,0.75
256500.0,241200,0.4963234066963196,10.807794570922852,0.13012906908988953,14.278135299682617,14.404142379760742,35.89523696899414,2.5827059745788574,0.938232421875,0.9977693557739258,5.7277855376014486e-05,225.92079162597656,-6.8249053955078125,vxnup1te,7,0.75
266401.0,251250,0.4961320757865906,10.831878662109375,0.13133323192596436,12.928932189941406,13.035298347473145,36.058815002441406,2.5958640575408936,0.95159912109375,0.9978137016296387,5.8358447859063745e-05,224.0107421875,-6.648237705230713,vxnup1te,7,0.75
277950.0,261300,0.48989367485046387,6.751520156860352,0.12351644039154053,5.460704803466797,5.581892967224121,28.41535186767578,3.369175434112549,0.93524169921875,0.9977726936340332,6.0609694628510624e-05,118.33634948730469,-6.126152992248535,vxnup1te,7,0.75
286950.0,271350,0.4947497844696045,11.487454414367676,0.11625044792890549,9.999103546142578,10.08574104309082,35.60792541503906,2.4638400077819824,0.96044921875,0.997882604598999,5.2485116611933336e-05,223.03050231933594,-6.665679454803467,vxnup1te,7,0.75
296400.0,281400,0.49537375569343567,10.482370376586914,0.12049753963947296,7.947892665863037,8.004008293151855,34.478355407714844,2.6056361198425293,0.97540283203125,0.9979667663574219,6.077708167140372e-05,197.34945678710938,-6.549055576324463,vxnup1te,7,0.75
306000.0,291450,0.47865355014801025,6.900149822235107,0.13372820615768433,2.837614059448242,2.907456398010254,26.614688873291016,3.1852967739105225,0.91082763671875,0.9975790977478027,5.640096787828952e-05,106.19268798828125,-6.765801429748535,vxnup1te,7,0.75
316351.0,301500,0.4926457107067108,12.638684272766113,0.10278315097093582,7.481934547424316,7.563970565795898,36.08026885986328,2.2749791145324707,0.95782470703125,0.997866153717041,5.942932330071926e-05,214.54037475585938,-6.817688941955566,vxnup1te,7,0.75
326700.0,311550,0.48800623416900635,9.270325660705566,0.1108456552028656,4.957596302032471,5.03394889831543,31.5360164642334,2.716278076171875,0.9573974609375,0.9979152679443359,5.1301529310876504e-05,154.865966796875,-6.581118106842041,vxnup1te,7,0.75
336600.0,321600,0.48697173595428467,12.321952819824219,0.10514117032289505,5.787569046020508,5.884616851806641,34.940521240234375,2.2384181022644043,0.950927734375,0.9978399276733398,5.648607111652382e-05,231.24099731445312,-6.594011306762695,vxnup1te,7,0.75
346200.0,331650,0.488652765750885,12.45882797241211,0.09976352751255035,5.11729621887207,5.179378986358643,35.24692916870117,2.240879535675049,0.9664306640625,0.9979102611541748,6.0230195231270045e-05,230.30682373046875,-6.096245765686035,vxnup1te,7,0.75
358200.0,341700,0.4881622791290283,9.466211318969727,0.09450877457857132,3.499155282974243,3.5514488220214844,31.268817901611328,2.6017227172851562,0.95867919921875,0.9979214668273926,5.151774166733958e-05,169.1221923828125,-5.868348121643066,vxnup1te,7,0.75
367650.0,351750,0.510842502117157,6.7239909172058105,0.09974890202283859,1.52775239944458,1.4202196598052979,26.036020278930664,3.164804220199585,0.947021484375,0.9977970123291016,5.4079828260000795e-05,103.06529235839844,-6.0880842208862305,vxnup1te,7,0.75
378000.0,361800,0.4861084520816803,12.876992225646973,0.07388848811388016,4.286019802093506,4.339813709259033,35.25524139404297,2.2070627212524414,0.96728515625,0.9979257583618164,6.0416041378630325e-05,227.64764404296875,-6.7391862869262695,vxnup1te,7,0.75
387300.0,371850,0.5060272216796875,7.715174198150635,0.08049067854881287,1.6144131422042847,1.5488386154174805,27.91674041748047,2.9037842750549316,0.94366455078125,0.9978244304656982,5.694285573554225e-05,122.73946380615234,-5.872597694396973,vxnup1te,7,0.75
397050.0,381900,0.4835262894630432,11.56496810913086,0.07689660787582397,3.292306423187256,3.3106350898742676,34.20256423950195,2.382948398590088,0.9622802734375,0.9978961944580078,5.112163125886582e-05,217.43212890625,-6.311976432800293,vxnup1te,7,0.75
406650.0,391950,0.4921531081199646,9.246099472045898,0.0900186225771904,2.3840489387512207,2.373819351196289,31.344141006469727,2.687490463256836,0.96563720703125,0.997948169708252,5.161827357369475e-05,184.90704345703125,-5.653122901916504,vxnup1te,7,0.75
418200.0,402000,0.4915750324726105,12.094195365905762,0.08610225468873978,2.7431187629699707,2.704906463623047,34.589012145996094,2.2941784858703613,0.9793701171875,0.998004674911499,5.198716826271266e-05,222.87864685058594,-6.05394172668457,vxnup1te,7,0.75
427050.0,412050,0.4862516522407532,12.033592224121094,0.07947777211666107,2.73905873298645,2.747743844985962,34.62315368652344,2.2772176265716553,0.96160888671875,0.9978995323181152,4.836885636905208e-05,222.579833984375,-6.39027738571167,vxnup1te,7,0.75
438750.0,422100,0.49206048250198364,10.766195297241211,0.07091830670833588,2.465996742248535,2.438119888305664,33.236915588378906,2.4458377361297607,0.98931884765625,0.9980783462524414,5.2621078793890774e-05,202.32989501953125,-6.254706382751465,vxnup1te,7,0.75
446850.0,432150,0.5282591581344604,6.554283142089844,0.06700725108385086,1.1993577480316162,1.046736240386963,26.80010414123535,3.3131461143493652,0.96368408203125,0.9979288578033447,5.586147744907066e-05,118.79952239990234,-5.80879020690918,vxnup1te,7,0.75
456750.0,442200,0.48385900259017944,11.399083137512207,0.0739203542470932,2.7674498558044434,2.8139281272888184,34.53575897216797,2.4306511878967285,0.9573974609375,0.9978842735290527,5.182881068321876e-05,223.66207885742188,-6.114360809326172,vxnup1te,7,0.75
468750.0,452250,0.5083612203598022,8.737330436706543,0.07346638292074203,1.5695488452911377,1.4799189567565918,31.029890060424805,2.8323490619659424,0.96405029296875,0.997920036315918,5.5879187129903585e-05,171.05543518066406,-5.654577255249023,vxnup1te,7,0.75
478500.0,462300,0.519507884979248,7.380197525024414,0.07904446870088577,1.278173565864563,1.176936388015747,28.762311935424805,3.1650993824005127,0.9677734375,0.9979705810546875,5.508664617082104e-05,150.81826782226562,-6.225574493408203,vxnup1te,7,0.75
487650.0,472350,0.4914424419403076,11.855853080749512,0.0714074969291687,2.2302167415618896,2.168548345565796,33.464134216308594,2.2386837005615234,0.9775390625,0.9979650974273682,5.6592925830045715e-05,218.13722229003906,-6.230060577392578,vxnup1te,7,0.75
497250.0,482400,0.4950713515281677,10.494192123413086,0.07340136170387268,1.9375181198120117,1.878061294555664,32.4134521484375,2.442484140396118,0.9696044921875,0.9979307651519775,5.3194529755273834e-05,202.9495391845703,-5.660456657409668,vxnup1te,7,0.75
507300.0,492450,0.5233466625213623,6.725095748901367,0.07674682140350342,1.1190297603607178,0.9837679862976074,27.510713577270508,3.3288562297821045,0.9630126953125,0.9979653358459473,5.74378645978868e-05,139.7283935546875,-5.878129959106445,vxnup1te,7,0.75
517800.0,502500,0.49770140647888184,11.410313606262207,0.07609784603118896,1.996800184249878,1.9115146398544312,33.6353759765625,2.368929147720337,0.978271484375,0.9979941844940186,5.240232712822035e-05,222.67874145507812,-6.250649929046631,vxnup1te,7,0.75
529050.0,512550,0.5053830742835999,11.213098526000977,0.06556260585784912,1.679718255996704,1.5822889804840088,33.074703216552734,2.371220111846924,0.97412109375,0.9979639053344727,5.7495162764098495e-05,219.76409912109375,-6.598255157470703,vxnup1te,7,0.75
538350.0,522600,0.5169728994369507,9.64659595489502,0.06119336187839508,1.4775339365005493,1.34031343460083,31.514545440673828,2.602283477783203,0.96978759765625,0.997967004776001,5.632050670101307e-05,188.56405639648438,-6.031705856323242,vxnup1te,7,0.75
547350.0,532650,0.5228713750839233,8.422040939331055,0.07350362837314606,1.110100269317627,0.966092050075531,29.060461044311523,2.7689127922058105,0.9761962890625,0.9980165958404541,5.770140342065133e-05,160.50518798828125,-5.855715751647949,vxnup1te,7,0.75
558450.0,542700,0.4965457320213318,11.05278205871582,0.06916123628616333,1.7662467956542969,1.6924792528152466,33.304527282714844,2.4584100246429443,0.98309326171875,0.9980227947235107,5.418891669251025e-05,215.1236572265625,-5.684741020202637,vxnup1te,7,0.75
568650.0,552750,0.5056289434432983,10.357620239257812,0.0647631511092186,1.6569187641143799,1.5531978607177734,32.53430938720703,2.5598158836364746,0.9688720703125,0.9979166984558105,5.632547981804237e-05,211.35739135742188,-6.412839889526367,vxnup1te,7,0.75
578550.0,562800,0.5369535684585571,8.239947319030762,0.06916513293981552,1.1353012323379517,0.9483615159988403,29.279094696044922,2.858910083770752,0.9703369140625,0.9979655742645264,5.900647374801338e-05,171.96408081054688,-5.861639022827148,vxnup1te,7,0.75
588000.0,572850,0.5280871987342834,5.095384120941162,0.07237549871206284,1.5913664102554321,1.3811787366867065,22.138065338134766,3.559509754180908,0.9451904296875,0.9977359771728516,5.491644697031006e-05,82.19487762451172,-5.175224304199219,vxnup1te,7,0.75
597600.0,582900,0.5266924500465393,9.174330711364746,0.07116984575986862,1.477795124053955,1.286754846572876,30.913822174072266,2.7073330879211426,0.98260498046875,0.9980137348175049,5.767893526353873e-05,196.44140625,-5.793544769287109,vxnup1te,7,0.75
609000.0,592950,0.5248534083366394,7.00840950012207,0.08105607330799103,1.052695631980896,0.9206756353378296,27.93317413330078,3.2684326171875,0.97491455078125,0.9980177879333496,5.5807824537623674e-05,145.97222900390625,-5.845751762390137,vxnup1te,7,0.75
618150.0,603000,0.5220655202865601,10.911235809326172,0.06752726435661316,1.3672540187835693,1.1950896978378296,32.46320343017578,2.402372360229492,0.9708251953125,0.9979290962219238,5.836894706590101e-05,213.49229431152344,-5.9963836669921875,vxnup1te,7,0.75
629400.0,613050,0.5223531126976013,9.921714782714844,0.07219498604536057,1.260558843612671,1.1057415008544922,31.521940231323242,2.583099842071533,0.9693603515625,0.9979329109191895,5.261350452201441e-05,208.4180908203125,-6.023723125457764,vxnup1te,7,0.75
639000.0,623100,0.5156838893890381,6.021501541137695,0.09276995062828064,1.0481067895889282,0.9377742409706116,26.224702835083008,3.5824971199035645,0.9688720703125,0.997969388961792,5.042287375545129e-05,133.15676879882812,-5.893240928649902,vxnup1te,7,0.75
648450.0,633150,0.5317215323448181,10.22022819519043,0.06574380397796631,1.2531003952026367,1.0676651000976562,32.439388275146484,2.5956454277038574,0.974853515625,0.9979598522186279,5.153349775355309e-05,207.34329223632812,-5.7033562660217285,vxnup1te,7,0.75
658200.0,643200,0.5317434072494507,7.771923065185547,0.06145225837826729,1.13303804397583,0.9608283042907715,28.998971939086914,3.0168673992156982,0.9771728515625,0.9979877471923828,6.032721285009757e-05,157.90777587890625,-5.676270484924316,vxnup1te,7,0.75
667951.0,653250,0.5347604751586914,9.92716121673584,0.06577086448669434,1.2794394493103027,1.0552560091018677,32.349647521972656,2.660039186477661,0.97247314453125,0.997957706451416,5.573541420744732e-05,213.54537963867188,-6.289342880249023,vxnup1te,7,0.75
679650.0,663300,0.5229089856147766,6.993934154510498,0.0760793536901474,1.1190111637115479,0.9914833307266235,28.55770492553711,3.2976720333099365,0.97393798828125,0.9980168342590332,5.895459617022425e-05,157.11758422851562,-5.660872459411621,vxnup1te,7,0.75
689100.0,673350,0.5264574289321899,4.837094783782959,0.080268993973732,1.6855695247650146,1.4726994037628174,23.210041046142578,4.121033191680908,0.9593505859375,0.9978728294372559,6.15669196122326e-05,93.16441345214844,-5.418024063110352,vxnup1te,7,0.75
698400.0,683400,0.536292552947998,8.904108047485352,0.07023921608924866,1.159429669380188,0.9674147367477417,30.627277374267578,2.804382801055908,0.98968505859375,0.9980518817901611,5.7389886933378875e-05,190.88198852539062,-6.0420660972595215,vxnup1te,7,0.75
709950.0,693450,0.5191731452941895,6.894599914550781,0.06983207166194916,1.209477424621582,1.078416347503662,27.573455810546875,3.2763919830322266,0.9835205078125,0.9980432987213135,5.6442455388605595e-05,152.64663696289062,-6.226900100708008,vxnup1te,7,0.75
719250.0,703500,0.515888512134552,4.799083709716797,0.09195676445960999,1.7670804262161255,1.6052823066711426,23.61334991455078,4.115633487701416,0.9661865234375,0.9980151653289795,5.504297587322071e-05,96.4700927734375,-5.815633773803711,vxnup1te,7,0.75
728700.0,713550,0.5326706171035767,8.271538734436035,0.06614290177822113,1.1555829048156738,0.9706780910491943,30.52883529663086,3.1252264976501465,0.98370361328125,0.9980027675628662,5.8732555771712214e-05,177.92955017089844,-5.726129531860352,vxnup1te,7,0.75
738750.0,723600,0.520937442779541,5.981935501098633,0.07538673281669617,1.2799444198608398,1.1632137298583984,25.88562774658203,3.629018783569336,0.98223876953125,0.9980347156524658,5.479295941768214e-05,127.32196044921875,-5.518655776977539,vxnup1te,7,0.75
748050.0,733650,0.5380657315254211,9.478466033935547,0.06449712812900543,1.1789575815200806,0.9552045464515686,31.395729064941406,2.69271183013916,0.98919677734375,0.9980478286743164,5.3767555073136464e-05,203.0635986328125,-6.065206527709961,vxnup1te,7,0.75
760350.0,743700,0.5167309045791626,5.985389709472656,0.06935755163431168,1.380363941192627,1.263484239578247,26.130268096923828,3.6257712841033936,0.98486328125,0.9980664253234863,5.855995914316736e-05,131.60330200195312,-5.266610145568848,vxnup1te,7,0.75
770250.0,753750,0.5398176908493042,8.423575401306152,0.05849383398890495,1.236084222793579,1.0082321166992188,31.360870361328125,3.0635385513305664,0.97503662109375,0.9979681968688965,5.6576012866571546e-05,193.3481903076172,-5.961991310119629,vxnup1te,7,0.75
779850.0,763800,0.5316439270973206,9.003440856933594,0.05898361653089523,1.1301054954528809,0.9546252489089966,31.710670471191406,2.9983718395233154,0.97857666015625,0.9980103969573975,6.26961191301234e-05,192.56613159179688,-5.529097557067871,vxnup1te,7,0.75
789750.0,773850,0.5236904621124268,8.333810806274414,0.07414840906858444,1.1967220306396484,1.0461496114730835,29.341676712036133,2.8670148849487305,0.974365234375,0.9979565143585205,5.272845737636089e-05,182.94119262695312,-5.873221397399902,vxnup1te,7,0.75
799650.0,783900,0.5443810224533081,9.58189582824707,0.056471869349479675,1.0452171564102173,0.8286937475204468,31.833824157714844,2.682952880859375,0.97967529296875,0.9979994297027588,5.739991684095003e-05,219.73619079589844,-6.0682268142700195,vxnup1te,7,0.75
808950.0,793950,0.5349445343017578,8.197663307189941,0.06474761664867401,1.236979603767395,1.0331027507781982,29.9493350982666,2.9834201335906982,0.9764404296875,0.9979889392852783,5.909808533033356e-05,187.81649780273438,-5.604418754577637,vxnup1te,7,0.75
818550.0,804000,0.5046433210372925,4.786674976348877,0.08341279625892639,1.8065129518508911,1.7452589273452759,23.611160278320312,4.06483268737793,0.9735107421875,0.9979848861694336,5.353203596314415e-05,106.0819091796875,-4.9914140701293945,vxnup1te,7,0.75
830700.0,814050,0.5359100699424744,8.463855743408203,0.06308171153068542,1.2454779148101807,1.0516350269317627,30.268417358398438,2.9567391872406006,0.96978759765625,0.9979572296142578,5.6517485063523054e-05,183.37554931640625,-5.439332485198975,vxnup1te,7,0.75
839850.0,824100,0.5195273160934448,7.2256975173950195,0.06930266320705414,1.3083806037902832,1.1687064170837402,28.69748878479004,3.254575729370117,0.9788818359375,0.9979701042175293,5.178951323614456e-05,164.57305908203125,-5.287351608276367,vxnup1te,7,0.75
849600.0,834150,0.5097554922103882,4.600978851318359,0.08072097599506378,1.696212649345398,1.6335172653198242,23.33888816833496,4.231356620788574,0.9774169921875,0.997978687286377,5.5428587074857205e-05,97.49053955078125,-5.299619674682617,vxnup1te,7,0.75
859350.0,844200,0.5355911254882812,8.6043119430542,0.0572294145822525,1.3277405500411987,1.0941972732543945,29.648784637451172,2.76578426361084,0.9779052734375,0.9979581832885742,6.17049154243432e-05,188.19320678710938,-5.571414947509766,vxnup1te,7,0.75
870900.0,854250,0.5143296122550964,5.63532829284668,0.0729857012629509,1.4585124254226685,1.3529317378997803,25.647632598876953,3.8980183601379395,0.968994140625,0.9979770183563232,5.788470298284665e-05,129.8197479248047,-5.520326614379883,vxnup1te,7,0.75
879900.0,864300,0.5338095426559448,8.985799789428711,0.06167842075228691,1.2087159156799316,1.0112123489379883,30.099149703979492,2.7548444271087646,0.994873046875,0.9980499744415283,5.36123443453107e-05,189.86239624023438,-5.895284652709961,vxnup1te,7,0.75
889050.0,874350,0.5206940174102783,7.265387535095215,0.06391151249408722,1.4832491874694824,1.3285568952560425,28.664817810058594,3.209106922149658,0.98345947265625,0.9980158805847168,5.746866372646764e-05,161.883544921875,-5.501733779907227,vxnup1te,7,0.75
900600.0,884400,0.5044333934783936,5.640871524810791,0.08095413446426392,1.518383264541626,1.446237325668335,26.042552947998047,3.7752885818481445,0.98919677734375,0.9980835914611816,5.14579369337298e-05,128.9290771484375,-5.17748498916626,vxnup1te,7,0.75
910050.0,894450,0.5284743309020996,8.321876525878906,0.06064000725746155,1.4115313291549683,1.2103891372680664,30.417919158935547,2.961099863052368,0.98297119140625,0.9979844093322754,5.804000829812139e-05,188.19509887695312,-5.407001495361328,vxnup1te,7,0.75
921000.0,904500,0.5202003717422485,7.039551734924316,0.06558015942573547,1.403214931488037,1.2578328847885132,28.79155158996582,3.331808567047119,0.9847412109375,0.9980525970458984,6.055108315194957e-05,175.855712890625,-5.968025207519531,vxnup1te,7,0.75
930900.0,914550,0.5038911700248718,4.35741662979126,0.07506325840950012,1.9274615049362183,1.855642318725586,22.124963760375977,4.281933784484863,0.9759521484375,0.9979944229125977,5.6338391004828736e-05,94.02863311767578,-5.670587539672852,vxnup1te,7,0.75
940650.0,924600,0.5192238092422485,7.256260871887207,0.062181562185287476,1.33595871925354,1.2107222080230713,29.28044891357422,3.4070355892181396,0.9847412109375,0.9980344772338867,5.1700488256756216e-05,172.9178466796875,-5.724167823791504,vxnup1te,7,0.75
950700.0,934650,0.507021427154541,5.8638916015625,0.0627451092004776,1.4726048707962036,1.399700403213501,26.359375,3.742173671722412,0.9876708984375,0.9980390071868896,6.0115977248642594e-05,146.49755859375,-5.325394630432129,vxnup1te,7,0.75
960150.0,944700,0.5417020320892334,8.301778793334961,0.058397937566041946,1.3474656343460083,1.1051628589630127,30.343585968017578,3.0213370323181152,0.98333740234375,0.997992992401123,5.525928281713277e-05,194.4416046142578,-6.175136089324951,vxnup1te,7,0.75
970050.0,954750,0.5210813283920288,7.20444393157959,0.05723351612687111,1.3602336645126343,1.234902262687683,28.841461181640625,3.2690467834472656,0.986328125,0.9980275630950928,5.462521221488714e-05,172.34356689453125,-5.636059761047363,vxnup1te,7,0.75
979650.0,964800,0.49927398562431335,4.768813133239746,0.07755754142999649,2.0520973205566406,2.0077571868896484,23.413768768310547,4.225371360778809,0.9835205078125,0.9980335235595703,5.2236726332921535e-05,106.77528381347656,-4.923252582550049,vxnup1te,7,0.75
991350.0,974850,0.5032356381416321,4.050156116485596,0.05819153040647507,2.550133228302002,2.4619617462158203,21.119449615478516,4.375133514404297,0.9764404296875,0.9980669021606445,5.770392817794345e-05,84.63358306884766,-5.285370826721191,vxnup1te,7,0.75
999150.0,984900,0.5158453583717346,7.6530561447143555,0.053844548761844635,1.5892375707626343,1.4320093393325806,28.713871002197266,3.069488763809204,0.98712158203125,0.9980504512786865,6.212604057509452e-05,161.92373657226562,-5.843703746795654,vxnup1te,7,0.75
24900.0,10050,0.4894011616706848,3.1113572120666504,0.08795811980962753,26.175373077392578,26.899009704589844,42.42719268798828,6.829916000366211,0.65924072265625,0.9963085651397705,4.5494845835492015e-05,52.710079193115234,0.6727350354194641,oyhxyevi,7,0.5
34500.0,20100,0.49510717391967773,3.1070656776428223,0.10756264626979828,33.549949645996094,34.077884674072266,43.39909362792969,7.011497497558594,0.7423095703125,0.9967460632324219,4.717401316156611e-05,72.09793090820312,-1.7303401231765747,oyhxyevi,7,0.5
46050.0,30150,0.496598482131958,3.3113412857055664,0.12002268433570862,37.53791809082031,37.95586395263672,43.16759490966797,6.557745933532715,0.791748046875,0.9970426559448242,4.798573354491964e-05,78.75912475585938,-4.614067077636719,oyhxyevi,7,0.5
55500.0,40200,0.49725720286369324,3.413496971130371,0.13193735480308533,41.432315826416016,41.808677673339844,44.674922943115234,6.57244873046875,0.8170166015625,0.9971346855163574,5.58334359084256e-05,92.01966094970703,-7.303522109985352,oyhxyevi,7,0.5
65101.0,50250,0.4973453879356384,3.5108213424682617,0.1399310678243637,42.674354553222656,43.05815124511719,43.73668670654297,6.256433486938477,0.80963134765625,0.997220516204834,6.0049213061574847e-05,102.91819763183594,-7.345429420471191,oyhxyevi,7,0.5
76950.0,60300,0.4977712035179138,3.8147220611572266,0.14897815883159637,46.66737747192383,47.00732421875,45.04450988769531,5.918784141540527,0.83154296875,0.9972431659698486,5.845121631864458e-05,119.04080200195312,-6.307794570922852,oyhxyevi,7,0.5
86250.0,70350,0.49763602018356323,3.8385820388793945,0.15741249918937683,40.66338348388672,40.982322692871094,42.92526626586914,5.612862586975098,0.8385009765625,0.9973125457763672,6.323735578916967e-05,111.06741333007812,-6.463844299316406,oyhxyevi,7,0.5
95250.0,80400,0.4983426630496979,4.181380748748779,0.16676071286201477,51.53413391113281,51.80204772949219,46.02876663208008,5.520926475524902,0.87078857421875,0.9974238872528076,7.507405825890601e-05,161.09329223632812,-7.083565711975098,oyhxyevi,7,0.5
106950.0,90450,0.4985343813896179,4.2487077713012695,0.16296520829200745,50.23872375488281,50.46996307373047,45.730735778808594,5.399580955505371,0.8902587890625,0.9975090026855469,7.276801625266671e-05,154.3973388671875,-7.374627113342285,oyhxyevi,7,0.5
117000.0,100500,0.4987083077430725,4.405239105224609,0.15101851522922516,48.755706787109375,48.96753692626953,46.1719970703125,5.265816688537598,0.8902587890625,0.9975569248199463,6.976421718718484e-05,158.06622314453125,-6.960183143615723,oyhxyevi,7,0.5
126750.0,110550,0.49706071615219116,3.8283591270446777,0.20414406061172485,29.684051513671875,29.98546600341797,37.137481689453125,4.873604774475098,0.85748291015625,0.9973635673522949,6.888736970722675e-05,91.28378295898438,-6.992453575134277,oyhxyevi,7,0.5
136950.0,120600,0.4989081621170044,4.834846496582031,0.1657761037349701,51.889198303222656,52.07151794433594,47.60753631591797,4.936831951141357,0.9046630859375,0.9976077079772949,7.262033614097163e-05,191.60830688476562,-7.500845909118652,oyhxyevi,7,0.5
144750.0,130650,0.4988475441932678,5.065798759460449,0.1529347002506256,53.67036437988281,53.875343322753906,47.589744567871094,4.7075982093811035,0.8990478515625,0.9975912570953369,7.309536158572882e-05,203.09840393066406,-8.115138053894043,oyhxyevi,7,0.5
156150.0,140700,0.49888360500335693,5.062227249145508,0.15714970231056213,51.836151123046875,52.02593994140625,47.361427307128906,4.705089569091797,0.9046630859375,0.9976191520690918,7.272564107552171e-05,203.9638671875,-7.7097086906433105,oyhxyevi,7,0.5
166201.0,150750,0.4989178776741028,4.961195468902588,0.1614031046628952,45.422325134277344,45.58261489868164,45.69200897216797,4.620100021362305,0.92578125,0.9976756572723389,6.723791011609137e-05,168.2055206298828,-7.429330825805664,oyhxyevi,7,0.5
175650.0,160800,0.4860526919364929,3.0473690032958984,0.22736799716949463,13.796720504760742,14.313117027282715,26.970212936401367,4.447784423828125,0.8375244140625,0.9967260360717773,7.243642176035792e-05,53.97987747192383,-7.153014659881592,oyhxyevi,7,0.5
187500.0,170850,0.4989018440246582,5.476213455200195,0.13814379274845123,50.423805236816406,50.607662200927734,48.349327087402344,4.422909736633301,0.90985107421875,0.9976294040679932,7.027524407021701e-05,207.48699951171875,-7.409717559814453,oyhxyevi,7,0.5
197400.0,180900,0.49905064702033997,5.430339813232422,0.1293567717075348,49.83784484863281,49.98686981201172,47.368133544921875,4.389153480529785,0.937744140625,0.9977285861968994,6.392812792910263e-05,224.06790161132812,-7.970466613769531,oyhxyevi,7,0.5
206700.0,190950,0.4989169239997864,5.17354679107666,0.14451593160629272,43.18732452392578,43.33991241455078,45.40140914916992,4.425448417663574,0.927734375,0.9977409839630127,6.578296597581357e-05,188.40615844726562,-7.316523551940918,oyhxyevi,7,0.5
216451.0,201000,0.49912089109420776,5.01486873626709,0.14645522832870483,36.96411895751953,37.07325744628906,42.904701232910156,4.304183006286621,0.9520263671875,0.9978692531585693,6.643572123721242e-05,150.45205688476562,-7.111519813537598,oyhxyevi,7,0.5
225600.0,211050,0.4989977777004242,6.022265434265137,0.13756853342056274,47.765403747558594,47.92797088623047,47.65678405761719,3.9644572734832764,0.92279052734375,0.9976487159729004,6.615034362766892e-05,226.67697143554688,-7.4933366775512695,oyhxyevi,7,0.5
236850.0,221100,0.4991742968559265,6.0584821701049805,0.13743315637111664,45.71025466918945,45.833106994628906,47.355384826660156,3.920297622680664,0.9404296875,0.9977686405181885,6.651309377048165e-05,246.14974975585938,-7.908901691436768,oyhxyevi,7,0.5
246900.0,231150,0.49925780296325684,5.94295597076416,0.1366969645023346,43.22562789916992,43.32710266113281,46.19548034667969,3.9154276847839355,0.94793701171875,0.9978070259094238,6.570114055648446e-05,211.522705078125,-8.68828010559082,oyhxyevi,7,0.5
256650.0,241200,0.49912601709365845,5.269111633300781,0.14903414249420166,36.091217041015625,36.196861267089844,41.734825134277344,3.982560396194458,0.9522705078125,0.997856855392456,6.597883475478739e-05,179.81317138671875,-7.763349533081055,oyhxyevi,7,0.5
266401.0,251250,0.4992627501487732,6.5032782554626465,0.13748018443584442,43.491825103759766,43.60089874267578,47.51868438720703,3.678347587585449,0.9481201171875,0.9978487491607666,6.055133417248726e-05,251.1761474609375,-7.6186065673828125,oyhxyevi,7,0.5
275850.0,261300,0.4990975260734558,6.344759941101074,0.1318766325712204,42.400901794433594,42.53437805175781,46.90787887573242,3.7167911529541016,0.928466796875,0.9977371692657471,6.690171721857041e-05,248.5012969970703,-7.882180213928223,oyhxyevi,7,0.5
288000.0,271350,0.4992784857749939,6.162049770355225,0.1288825273513794,38.412750244140625,38.49871063232422,45.136436462402344,3.689749240875244,0.955078125,0.9978790283203125,6.956567813176662e-05,221.87384033203125,-7.477744102478027,oyhxyevi,7,0.5
297600.0,281400,0.49740520119667053,4.273578643798828,0.1599317193031311,20.315837860107422,20.470972061157227,34.139686584472656,4.072766304016113,0.93646240234375,0.9977328777313232,6.264859985094517e-05,110.07366180419922,-6.476232528686523,oyhxyevi,7,0.5
307650.0,291450,0.4991558790206909,6.811485290527344,0.1231900155544281,38.8624267578125,38.96561050415039,46.87030792236328,3.464855670928955,0.95111083984375,0.9978301525115967,5.658339068759233e-05,248.2152557373047,-7.282400131225586,oyhxyevi,7,0.5
317400.0,301500,0.4991089105606079,6.046306133270264,0.11698677390813828,33.457176208496094,33.549034118652344,44.30294418334961,3.7166991233825684,0.95440673828125,0.9978888034820557,6.813618529122323e-05,195.2154998779297,-6.7371320724487305,oyhxyevi,7,0.5
326850.0,311550,0.4988308846950531,5.798396110534668,0.13702142238616943,27.89373779296875,27.994964599609375,41.59833526611328,3.6615028381347656,0.95867919921875,0.9978816509246826,7.081426156219095e-05,191.30035400390625,-6.724325180053711,oyhxyevi,7,0.5
336750.0,321600,0.49751371145248413,4.610949516296387,0.16265499591827393,17.814695358276367,17.951791763305664,34.33892059326172,3.827716588973999,0.947021484375,0.9978194236755371,6.266306445468217e-05,108.50643920898438,-5.8293304443359375,oyhxyevi,7,0.5
345900.0,331650,0.4988369643688202,6.964759826660156,0.10509294271469116,32.5706787109375,32.69306564331055,46.30546188354492,3.3753268718719482,0.93878173828125,0.9977784156799316,6.555904838023707e-05,236.74131774902344,-7.291913986206055,oyhxyevi,7,0.5
357900.0,341700,0.49919039011001587,6.205141067504883,0.12416882812976837,28.201717376708984,28.27216339111328,42.57665252685547,3.5038928985595703,0.9642333984375,0.9979066848754883,6.400534039130434e-05,208.05905151367188,-7.147483825683594,oyhxyevi,7,0.5
367201.0,351750,0.4988129734992981,5.580837249755859,0.1473228931427002,21.20404052734375,21.280609130859375,38.044776916503906,3.5256407260894775,0.972900390625,0.9979443550109863,6.085323548177257e-05,153.3708953857422,-6.336271286010742,oyhxyevi,7,0.5
376200.0,361800,0.4988621473312378,7.508823394775391,0.12281695008277893,29.312335968017578,29.411699295043945,45.919578552246094,3.1223034858703613,0.94805908203125,0.9978280067443848,6.158190808491781e-05,247.00918579101562,-8.183008193969727,oyhxyevi,7,0.5
388200.0,371850,0.49912285804748535,6.843938827514648,0.11696180701255798,27.215476989746094,27.283231735229492,43.83687210083008,3.27030086517334,0.9716796875,0.9979329109191895,6.706177373416722e-05,242.26629638671875,-7.03494930267334,oyhxyevi,7,0.5
397500.0,381900,0.49880802631378174,6.2568254470825195,0.13062281906604767,22.446664810180664,22.529258728027344,40.335540771484375,3.333484172821045,0.96453857421875,0.9978947639465332,6.046895214240067e-05,182.73388671875,-5.966252326965332,oyhxyevi,7,0.5
407100.0,391950,0.4980549216270447,5.552873611450195,0.13431662321090698,18.246301651000977,18.363542556762695,36.64856719970703,3.413698434829712,0.94390869140625,0.9978058338165283,5.8380413975100964e-05,151.68020629882812,-5.968854904174805,oyhxyevi,7,0.5
417151.0,402000,0.4989009499549866,7.418133735656738,0.12495025992393494,24.909774780273438,24.985021591186523,43.492347717285156,2.9853620529174805,0.96307373046875,0.9979112148284912,6.007602496538311e-05,220.9400177001953,-6.844202995300293,oyhxyevi,7,0.5
426300.0,412050,0.4990684688091278,6.705080986022949,0.1180795431137085,22.911163330078125,22.973827362060547,42.57886505126953,3.2930691242218018,0.97161865234375,0.9979605674743652,6.039785148459487e-05,208.4986114501953,-6.333132743835449,oyhxyevi,7,0.5
437850.0,422100,0.49733176827430725,4.941037654876709,0.13184115290641785,13.789727210998535,13.901065826416016,34.0556526184082,3.6172261238098145,0.94696044921875,0.9978687763214111,6.635937461396679e-05,123.97079467773438,-5.358521938323975,oyhxyevi,7,0.5
447450.0,432150,0.49915391206741333,7.3693928718566895,0.10033752024173737,22.855220794677734,22.90533447265625,44.5405158996582,3.1623435020446777,0.9759521484375,0.9979465007781982,5.554824383580126e-05,230.3067626953125,-7.125162124633789,oyhxyevi,7,0.5
457200.0,442200,0.49907952547073364,6.673971652984619,0.11274190247058868,19.695507049560547,19.746746063232422,41.40489196777344,3.227306365966797,0.97894287109375,0.9980058670043945,6.610138370888308e-05,203.1595458984375,-6.283686637878418,oyhxyevi,7,0.5
467101.0,452250,0.498087614774704,5.483863830566406,0.11576051265001297,13.902137756347656,13.974222183227539,36.33399200439453,3.4655375480651855,0.973876953125,0.9979510307312012,6.007819320075214e-05,141.89639282226562,-5.88035249710083,oyhxyevi,7,0.5
478950.0,462300,0.4986940026283264,8.011894226074219,0.1267596185207367,19.28644561767578,19.354780197143555,42.88249969482422,2.750762939453125,0.96673583984375,0.997915506362915,6.802837015129626e-05,229.25064086914062,-6.426349639892578,oyhxyevi,7,0.5
488100.0,472350,0.49896252155303955,7.284642696380615,0.11251433193683624,17.980533599853516,18.027301788330078,41.42402648925781,2.9760284423828125,0.98541259765625,0.9980146884918213,6.49460416752845e-05,213.42141723632812,-7.028122901916504,oyhxyevi,7,0.5
497700.0,482400,0.49730241298675537,5.487125396728516,0.12859994173049927,11.529154777526855,11.61032485961914,34.653831481933594,3.3412389755249023,0.966796875,0.9979562759399414,7.06330465618521e-05,130.2841339111328,-6.047481536865234,oyhxyevi,7,0.5
506850.0,492450,0.49834445118904114,7.981071472167969,0.12009889632463455,16.549226760864258,16.619373321533203,42.75218963623047,2.7710070610046387,0.96209716796875,0.9979252815246582,6.64533581584692e-05,223.234619140625,-7.568115711212158,oyhxyevi,7,0.5
518700.0,502500,0.4979739189147949,6.565496444702148,0.11429783701896667,14.04621696472168,14.116165161132812,39.33704376220703,3.187101125717163,0.96624755859375,0.9979147911071777,5.558380871661939e-05,177.91726684570312,-6.554033279418945,oyhxyevi,7,0.5
528900.0,512550,0.496677041053772,6.016332149505615,0.13859112560749054,10.167038917541504,10.260232925415039,34.487281799316406,3.025582790374756,0.96173095703125,0.9979238510131836,6.312243931461126e-05,133.21273803710938,-5.986661911010742,oyhxyevi,7,0.5
538200.0,522600,0.4986930787563324,8.549692153930664,0.11269369721412659,16.575756072998047,16.624778747558594,42.47928237915039,2.5851852893829346,0.97454833984375,0.9979739189147949,5.968937330180779e-05,229.78863525390625,-6.182554244995117,oyhxyevi,7,0.5
547500.0,532650,0.49824297428131104,7.660551071166992,0.11267092823982239,15.072796821594238,15.135480880737305,41.61874771118164,2.8658173084259033,0.96923828125,0.9979732036590576,6.0653313994407654e-05,210.43893432617188,-6.40942907333374,oyhxyevi,7,0.5
557100.0,542700,0.4957473874092102,4.796993255615234,0.13395226001739502,7.1409783363342285,7.209071636199951,30.743694305419922,3.5193512439727783,0.9736328125,0.9980099201202393,6.15025928709656e-05,103.35560607910156,-6.082913398742676,oyhxyevi,7,0.5
569100.0,552750,0.49807196855545044,7.812187194824219,0.10384616255760193,14.015975952148438,14.072159767150879,41.896339416503906,2.861175537109375,0.97723388671875,0.997957706451416,6.376988312695175e-05,207.95928955078125,-6.786821365356445,oyhxyevi,7,0.5
577200.0,562800,0.4983375370502472,7.520560264587402,0.11514000594615936,13.01921272277832,13.069849014282227,40.40797424316406,2.8569421768188477,0.97662353515625,0.9979772567749023,5.9798610891448334e-05,202.72210693359375,-6.675285339355469,oyhxyevi,7,0.5
587250.0,572850,0.4923740029335022,4.662352085113525,0.1297822892665863,5.798593521118164,5.9013447761535645,28.777267456054688,3.3084957599639893,0.95709228515625,0.9979140758514404,5.807623529108241e-05,90.01060485839844,-5.632363319396973,oyhxyevi,7,0.5
598950.0,582900,0.4980182647705078,8.052572250366211,0.11821985244750977,12.49268913269043,12.554826736450195,40.48729705810547,2.6625030040740967,0.97113037109375,0.9979457855224609,5.5380776757374406e-05,213.9014434814453,-6.469114780426025,oyhxyevi,7,0.5
608250.0,592950,0.49740225076675415,6.11919641494751,0.1175544485449791,8.760293006896973,8.815675735473633,35.244140625,3.104499578475952,0.97833251953125,0.997978925704956,5.571450310526416e-05,143.8147735595703,-5.806694507598877,oyhxyevi,7,0.5
618000.0,603000,0.5176293849945068,5.8720293045043945,0.11237293481826782,11.787517547607422,8.528678894042969,35.685546875,3.7573978900909424,0.7821044921875,0.9963815212249756,7.938962517073378e-05,156.54571533203125,-7.073947906494141,oyhxyevi,7,0.5
627900.0,613050,0.4969762861728668,7.569838523864746,0.10929472744464874,10.13605785369873,10.199191093444824,39.404090881347656,2.7880282402038574,0.974609375,0.9979333877563477,5.070908082416281e-05,182.83328247070312,-6.79672384262085,oyhxyevi,7,0.5
637650.0,623100,0.49606531858444214,5.455616474151611,0.11017128825187683,6.807509422302246,6.862724304199219,33.462432861328125,3.3924307823181152,0.97430419921875,0.9979920387268066,6.0315367591101676e-05,131.64581298828125,-5.734720706939697,oyhxyevi,7,0.5
649350.0,633150,0.49723562598228455,8.368599891662598,0.09876267611980438,10.067014694213867,10.120162963867188,41.07623291015625,2.6478946208953857,0.97509765625,0.9979856014251709,6.037287676008418e-05,201.65438842773438,-6.3952484130859375,oyhxyevi,7,0.5
659250.0,643200,0.49567484855651855,6.447880744934082,0.10386038571596146,7.196843147277832,7.261183738708496,36.538482666015625,3.1036837100982666,0.974365234375,0.9979784488677979,6.067800131859258e-05,160.3747100830078,-6.135653495788574,oyhxyevi,7,0.5
668100.0,653250,0.49674510955810547,6.650986671447754,0.10866978019475937,7.21337366104126,7.260168075561523,36.51140594482422,2.963620901107788,0.978759765625,0.9980180263519287,6.158505129860714e-05,171.81597900390625,-6.018945217132568,oyhxyevi,7,0.5
678150.0,663300,0.4934214949607849,5.139529228210449,0.10594882816076279,4.70244026184082,4.770367622375488,31.236465454101562,3.3592350482940674,0.97381591796875,0.9979355335235596,5.8722194808069617e-05,116.950927734375,-5.638822555541992,oyhxyevi,7,0.5
688200.0,673350,0.4970565140247345,8.246529579162598,0.08713658154010773,8.487161636352539,8.51987075805664,41.23565673828125,2.708005428314209,0.98358154296875,0.9980249404907227,5.5757409427315e-05,211.4739990234375,-6.73344612121582,oyhxyevi,7,0.5
697800.0,683400,0.4958774447441101,7.350946426391602,0.09627200663089752,7.689546585083008,7.7441020011901855,39.40885925292969,2.9731569290161133,0.97491455078125,0.997974157333374,6.0295937146293e-05,191.4306640625,-6.283718109130859,oyhxyevi,7,0.5
710100.0,693450,0.4938865005970001,5.191645622253418,0.09728351980447769,4.2308454513549805,4.28154182434082,31.04092025756836,3.325815200805664,0.9781494140625,0.9980382919311523,5.7777691836236045e-05,119.63543701171875,-5.6308393478393555,oyhxyevi,7,0.5
720150.0,703500,0.5115283727645874,4.6329851150512695,0.11181962490081787,5.301943778991699,4.256189823150635,33.10197448730469,4.4787421226501465,0.84637451171875,0.9969754219055176,6.591635610675439e-05,132.1689453125,-6.299111366271973,oyhxyevi,7,0.5
727950.0,713550,0.49549567699432373,8.187003135681152,0.09071407467126846,6.963573455810547,7.0100860595703125,39.945899963378906,2.6748828887939453,0.9764404296875,0.9979796409606934,5.506198067450896e-05,217.8670196533203,-6.623493194580078,oyhxyevi,7,0.5
740100.0,723600,0.4914284348487854,5.791832447052002,0.10038091242313385,4.456694602966309,4.529843330383301,33.6298828125,3.2272651195526123,0.96746826171875,0.9979441165924072,6.285097333602607e-05,141.01712036132812,-5.502157211303711,oyhxyevi,7,0.5
749400.0,733650,0.4932488799095154,8.039852142333984,0.09026115387678146,6.293900966644287,6.339590072631836,39.983612060546875,2.699545383453369,0.97845458984375,0.9979698657989502,5.2389885240700096e-05,194.25624084472656,-5.839649677276611,oyhxyevi,7,0.5
758550.0,743700,0.49347275495529175,7.084249496459961,0.08862801641225815,5.516679763793945,5.556635856628418,37.497314453125,2.893693447113037,0.97613525390625,0.9979689121246338,5.816917109768838e-05,171.492919921875,-6.085187911987305,oyhxyevi,7,0.5
768450.0,753750,0.4935159683227539,6.338291168212891,0.09047132730484009,4.342075347900391,4.387583255767822,35.219093322753906,3.15077543258667,0.97698974609375,0.9980118274688721,5.5072792747523636e-05,153.96868896484375,-6.274952411651611,oyhxyevi,7,0.5
779100.0,763800,0.4960330128669739,8.514690399169922,0.08809012174606323,5.7801899909973145,5.805086612701416,39.6307373046875,2.5089993476867676,0.98785400390625,0.998072624206543,5.597796553047374e-05,204.09332275390625,-6.907034397125244,oyhxyevi,7,0.5
788700.0,773850,0.49290359020233154,7.280515670776367,0.08633002638816833,5.476515769958496,5.528683185577393,38.17887496948242,2.9579410552978516,0.97198486328125,0.9979472160339355,6.069174560252577e-05,187.70103454589844,-6.203675746917725,oyhxyevi,7,0.5
798300.0,783900,0.48969829082489014,6.47519588470459,0.09266683459281921,3.733840227127075,3.7977466583251953,34.65373992919922,2.9741649627685547,0.96978759765625,0.9979486465454102,6.221409421414137e-05,156.50497436523438,-6.210176467895508,oyhxyevi,7,0.5
808800.0,793950,0.49455007910728455,6.221065521240234,0.08557538688182831,3.968292713165283,4.004904270172119,35.20453643798828,3.185434579849243,0.97430419921875,0.9979720115661621,5.270548354019411e-05,155.00552368164062,-6.211052417755127,oyhxyevi,7,0.5
818550.0,804000,0.49141737818717957,7.903534889221191,0.07703913748264313,4.9932146072387695,5.022959232330322,39.836097717285156,2.853860378265381,0.98651123046875,0.9980015754699707,6.152693094918504e-05,198.0366973876953,-6.596712112426758,oyhxyevi,7,0.5
828450.0,814050,0.4947962164878845,7.097618103027344,0.08878961205482483,4.353610992431641,4.386129379272461,38.01173782348633,3.0601186752319336,0.9788818359375,0.9979913234710693,5.7498640671838075e-05,177.78262329101562,-6.419816970825195,oyhxyevi,7,0.5
840150.0,824100,0.49583521485328674,6.258567810058594,0.09596388787031174,3.0514976978302,3.073892593383789,32.670799255371094,2.862403392791748,0.97772216796875,0.9980323314666748,5.92803189647384e-05,133.22381591796875,-6.235069274902344,oyhxyevi,7,0.5
849450.0,834150,0.49149298667907715,8.038095474243164,0.08202296495437622,4.696974277496338,4.733099937438965,39.60866928100586,2.7537779808044434,0.98321533203125,0.9979970455169678,5.9993260947521776e-05,190.32066345214844,-6.599672317504883,oyhxyevi,7,0.5
859050.0,844200,0.49129873514175415,7.265480995178223,0.08431665599346161,3.9522433280944824,3.99062442779541,37.02201461791992,2.873171329498291,0.97332763671875,0.9979898929595947,5.492649506777525e-05,179.0106201171875,-5.96091365814209,oyhxyevi,7,0.5
868500.0,854250,0.49483099579811096,6.630491256713867,0.08822260797023773,3.0600509643554688,3.0684409141540527,34.61846923828125,2.9885268211364746,0.99176025390625,0.998058557510376,5.779262937721796e-05,151.5990753173828,-5.94398307800293,oyhxyevi,7,0.5
880350.0,864300,0.4936603605747223,4.832716464996338,0.09535028785467148,2.047938823699951,2.077338695526123,30.665393829345703,3.858494758605957,0.96588134765625,0.9979543685913086,5.254276766208932e-05,109.54219818115234,-5.9852190017700195,oyhxyevi,7,0.5
889650.0,874350,0.4941006898880005,7.772663116455078,0.07542018592357635,3.7914273738861084,3.797111988067627,38.337955474853516,2.7621989250183105,0.98602294921875,0.9980287551879883,5.5431890359614044e-05,188.58470153808594,-5.995388984680176,oyhxyevi,7,0.5
899250.0,884400,0.4952726662158966,6.020407676696777,0.08319397270679474,2.247981548309326,2.2564005851745605,34.01428985595703,3.330641746520996,0.9794921875,0.9979887008666992,5.562058504438028e-05,142.251220703125,-5.903349876403809,oyhxyevi,7,0.5
911100.0,894450,0.49049144983291626,8.228140830993652,0.0767270177602768,3.573784351348877,3.5803775787353516,39.16237258911133,2.675917625427246,0.9815673828125,0.9980261325836182,6.022707384545356e-05,194.56069946289062,-6.669335842132568,oyhxyevi,7,0.5
921150.0,904500,0.49291133880615234,7.502458095550537,0.0804971307516098,3.423891067504883,3.4395413398742676,37.62950134277344,2.891526699066162,0.9847412109375,0.9980106353759766,5.2573606808437034e-05,173.64297485351562,-6.422797679901123,oyhxyevi,7,0.5
929250.0,914550,0.49893951416015625,6.152438640594482,0.0837324932217598,2.1032819747924805,2.0985336303710938,33.0974006652832,3.1637344360351562,0.981201171875,0.9980278015136719,5.6956163462018594e-05,125.84669494628906,-5.887633800506592,oyhxyevi,7,0.5
940950.0,924600,0.4978366196155548,5.721962928771973,0.08350050449371338,1.9909982681274414,1.9860084056854248,32.76618957519531,3.2323665618896484,0.98004150390625,0.9980227947235107,5.2688112191390246e-05,137.8140411376953,-5.996874809265137,oyhxyevi,7,0.5
950400.0,934650,0.5009185075759888,4.0103559494018555,0.08571059256792068,1.2028080224990845,1.173893928527832,26.98179817199707,4.056558132171631,0.9871826171875,0.998079776763916,5.92052674619481e-05,83.7358627319336,-6.076855182647705,oyhxyevi,7,0.5
960000.0,944700,0.4975737929344177,7.383390426635742,0.05894920974969864,2.6226260662078857,2.5980820655822754,37.42095184326172,2.847952365875244,0.98126220703125,0.9979853630065918,5.790748036815785e-05,164.48350524902344,-6.079962730407715,oyhxyevi,7,0.5
969150.0,954750,0.5021461248397827,7.312904357910156,0.06678197532892227,2.197110652923584,2.12888503074646,36.116546630859375,2.8199727535247803,0.98846435546875,0.9980227947235107,5.604147008853033e-05,161.3032989501953,-6.45048713684082,oyhxyevi,7,0.5
979200.0,964800,0.501906156539917,7.221202850341797,0.06346146762371063,2.1579418182373047,2.1177690029144287,37.00343322753906,2.9195711612701416,0.97894287109375,0.9979743957519531,5.562286969507113e-05,174.22720336914062,-6.867403984069824,oyhxyevi,7,0.5
991500.0,974850,0.5069990158081055,5.438870429992676,0.0791751891374588,1.418147325515747,1.3611726760864258,31.349838256835938,3.2926440238952637,0.97821044921875,0.9980630874633789,5.5743599659763277e-05,123.46334838867188,-5.94394588470459,oyhxyevi,7,0.5
1001250.0,984900,0.5041012763977051,7.875998497009277,0.06788626313209534,2.188304901123047,2.111600399017334,37.98472595214844,2.849792957305908,0.98480224609375,0.9980151653289795,5.756169412052259e-05,172.8770294189453,-6.967198848724365,oyhxyevi,7,0.5
24600.0,10050,0.49237215518951416,4.214982032775879,-0.06768857687711716,32.537227630615234,33.29014587402344,40.97734069824219,4.861481666564941,0.63397216796875,0.9962432384490967,4.92809122079052e-05,70.72550964355469,1.263526201248169,zmjpp67l,5,0.5
36150.0,20100,0.4941214323043823,4.122332572937012,-0.055752526968717575,37.314781188964844,37.86083221435547,42.11276626586914,5.110252857208252,0.72662353515625,0.9967257976531982,4.885798989562318e-05,84.36024475097656,-1.205322027206421,zmjpp67l,5,0.5
45600.0,30150,0.4958920180797577,4.139065742492676,-0.031254079192876816,38.68534851074219,39.13857650756836,43.28765106201172,5.233255386352539,0.77838134765625,0.9970333576202393,5.336330650607124e-05,98.93169403076172,-4.186088562011719,zmjpp67l,5,0.5
55050.0,40200,0.49620747566223145,4.183778762817383,-0.00621746527031064,38.71760559082031,39.11225891113281,44.24703598022461,5.294292449951172,0.80328369140625,0.9971482753753662,6.0038742958568037e-05,107.47769165039062,-6.496206283569336,zmjpp67l,5,0.5
66900.0,50250,0.49581092596054077,4.315144062042236,0.04996863380074501,37.800262451171875,38.12371826171875,44.7050895690918,5.190638542175293,0.8223876953125,0.9972426891326904,6.731199391651899e-05,119.1923828125,-6.349928379058838,zmjpp67l,5,0.5
76800.0,60300,0.4975256621837616,4.536141872406006,0.04864880070090294,41.92056655883789,42.248878479003906,46.3891716003418,5.121729373931885,0.8382568359375,0.997321367263794,6.213651067810133e-05,128.32717895507812,-6.576320648193359,zmjpp67l,5,0.5
85800.0,70350,0.49813175201416016,4.684222221374512,0.052374839782714844,44.331817626953125,44.58707046508789,46.701629638671875,4.994967460632324,0.8656005859375,0.997420072555542,6.301291432464495e-05,146.11669921875,-5.70457124710083,zmjpp67l,5,0.5
95250.0,80400,0.49731913208961487,4.624443054199219,0.0648328959941864,42.124755859375,42.36484146118164,46.58514404296875,5.051171779632568,0.8758544921875,0.9975128173828125,5.973147926852107e-05,138.44578552246094,-6.210292816162109,zmjpp67l,5,0.5
107100.0,90450,0.497663676738739,4.687861919403076,0.0747896134853363,38.40092468261719,38.607818603515625,45.998817443847656,4.921324253082275,0.89801025390625,0.9975876808166504,6.058513463358395e-05,141.14602661132812,-6.275787353515625,zmjpp67l,5,0.5
117000.0,100500,0.4982798397541046,4.930703163146973,0.07296629250049591,44.28900909423828,44.498783111572266,47.68479919433594,4.848186492919922,0.8851318359375,0.9975438117980957,5.8526005886960775e-05,154.32388305664062,-5.905242919921875,zmjpp67l,5,0.5
126600.0,110550,0.4986748695373535,5.351043701171875,0.08488115668296814,42.06835174560547,42.26622772216797,48.336238861083984,4.530163288116455,0.8980712890625,0.9976048469543457,6.494183617178351e-05,164.19451904296875,-5.925112724304199,zmjpp67l,5,0.5
136200.0,120600,0.49726012349128723,5.187708854675293,0.06516154855489731,40.291236877441406,40.45988845825195,48.077205657958984,4.646851539611816,0.91058349609375,0.9976575374603271,6.222596857696772e-05,167.05088806152344,-6.352502346038818,zmjpp67l,5,0.5
147000.0,130650,0.4979916214942932,5.469522476196289,0.0852079764008522,43.8516845703125,44.04053497314453,48.437557220458984,4.445786476135254,0.9014892578125,0.9975812435150146,5.957284156465903e-05,176.26577758789062,-6.497440338134766,zmjpp67l,5,0.5
155550.0,140700,0.49865710735321045,5.742360591888428,0.08811132609844208,42.41570281982422,42.58590316772461,49.39518737792969,4.315266132354736,0.91064453125,0.9976260662078857,5.6735916587058455e-05,184.19921875,-6.602302551269531,zmjpp67l,5,0.5
167250.0,150750,0.4988129734992981,5.698052406311035,0.09844956547021866,41.649620056152344,41.79680633544922,48.91136169433594,4.314896583557129,0.92279052734375,0.9976842403411865,4.874785372521728e-05,186.3702392578125,-6.320247173309326,zmjpp67l,5,0.5
177150.0,160800,0.497421532869339,4.281756401062012,0.11514236032962799,22.071151733398438,22.232681274414062,37.025146484375,4.359502792358398,0.92913818359375,0.9977343082427979,5.286982195684686e-05,94.15510559082031,-5.1046037673950195,zmjpp67l,5,0.5
186600.0,170850,0.49848103523254395,6.2707014083862305,0.09406062215566635,40.28460693359375,40.402076721191406,50.34392547607422,4.031732559204102,0.93829345703125,0.997800350189209,5.1393457397352904e-05,203.3717803955078,-6.567873954772949,zmjpp67l,5,0.5
196500.0,180900,0.4982116222381592,5.481488227844238,0.11300411820411682,31.484092712402344,31.646705627441406,46.662479400634766,4.291863441467285,0.92486572265625,0.9976963996887207,5.37480809725821e-05,156.7166748046875,-5.947834014892578,zmjpp67l,5,0.5
205800.0,190950,0.49313879013061523,3.9913716316223145,0.09921074658632278,13.124449729919434,13.351239204406738,31.520233154296875,4.02189302444458,0.9012451171875,0.9975569248199463,5.15633073518984e-05,61.8148307800293,-4.5956315994262695,zmjpp67l,5,0.5
215551.0,201000,0.49874699115753174,6.54181432723999,0.11284942924976349,34.07632827758789,34.18153381347656,48.497928619384766,3.7440359592437744,0.95172119140625,0.997828483581543,5.203425098443404e-05,190.5390625,-6.486142158508301,zmjpp67l,5,0.5
227250.0,211050,0.49837666749954224,6.323901653289795,0.10983195900917053,31.0106258392334,31.134321212768555,47.447418212890625,3.7997825145721436,0.93829345703125,0.997776985168457,5.1136721594957635e-05,182.10313415527344,-6.0130510330200195,zmjpp67l,5,0.5
236400.0,221100,0.49637943506240845,4.441054344177246,0.1191234290599823,15.18974494934082,15.359827041625977,34.571258544921875,3.9998881816864014,0.92352294921875,0.9976873397827148,4.840219480684027e-05,86.03550720214844,-5.392995834350586,zmjpp67l,5,0.5
246300.0,231150,0.49874424934387207,6.767335891723633,0.1114615947008133,31.13570785522461,31.241783142089844,48.432342529296875,3.6289422512054443,0.9456787109375,0.9978241920471191,4.842552516493015e-05,203.36953735351562,-5.85292911529541,zmjpp67l,5,0.5
257700.0,241200,0.4986274540424347,7.030296802520752,0.10246533155441284,29.781755447387695,29.893037796020508,48.34288024902344,3.5200629234313965,0.9378662109375,0.997765064239502,5.52910532860551e-05,205.19744873046875,-5.827798366546631,zmjpp67l,5,0.5
267151.0,251250,0.4973472058773041,5.310396194458008,0.11061902344226837,17.61414337158203,17.75336456298828,41.10271072387695,3.9600939750671387,0.93890380859375,0.9978177547454834,5.848627915838733e-05,120.06687927246094,-5.774582386016846,zmjpp67l,5,0.5
276600.0,261300,0.4987703859806061,7.677009582519531,0.11138030886650085,26.582340240478516,26.675029754638672,48.55680465698242,3.2162222862243652,0.95513916015625,0.9978668689727783,5.1308394176885486e-05,203.19091796875,-5.5073442459106445,zmjpp67l,5,0.5
286200.0,271350,0.4985411763191223,7.745866298675537,0.10829059779644012,25.883941650390625,25.9856014251709,48.471214294433594,3.208056926727295,0.94879150390625,0.9978487491607666,5.2798517572227865e-05,204.5509033203125,-6.776467800140381,zmjpp67l,5,0.5
295950.0,281400,0.4982258379459381,6.701165199279785,0.11411280930042267,18.27243995666504,18.3414363861084,43.463558197021484,3.3555667400360107,0.96905517578125,0.9979708194732666,5.330492786015384e-05,160.71771240234375,-5.840296745300293,zmjpp67l,5,0.5
306150.0,291450,0.4982985258102417,8.296907424926758,0.10967127978801727,22.325763702392578,22.436656951904297,48.78770446777344,3.0107178688049316,0.94415283203125,0.9978160858154297,5.8480472944211215e-05,210.04432678222656,-6.463532447814941,zmjpp67l,5,0.5
316801.0,301500,0.4985467791557312,7.920113563537598,0.10293979942798615,19.449981689453125,19.5164852142334,47.71559143066406,3.113523483276367,0.9715576171875,0.9979245662689209,4.842990165343508e-05,195.09515380859375,-6.796173095703125,zmjpp67l,5,0.5
327900.0,311550,0.49363452196121216,5.724271774291992,0.1329725980758667,8.036202430725098,8.18002986907959,35.101070404052734,3.1958048343658447,0.93798828125,0.9978196620941162,5.2398667321540415e-05,87.5862808227539,-5.2435479164123535,zmjpp67l,5,0.5
337650.0,321600,0.4975682497024536,8.635478973388672,0.10104568302631378,17.640222549438477,17.749378204345703,47.91748809814453,2.8832638263702393,0.9471435546875,0.997826337814331,5.3751253290101886e-05,221.2281494140625,-6.666716575622559,zmjpp67l,5,0.5
347700.0,331650,0.49744105339050293,8.020837783813477,0.09246605634689331,15.00457763671875,15.098243713378906,46.69379425048828,3.075610637664795,0.953125,0.9978396892547607,5.672446422977373e-05,190.65721130371094,-5.96669864654541,zmjpp67l,5,0.5
357150.0,341700,0.49791419506073,9.208610534667969,0.09700115025043488,14.918394088745117,14.991870880126953,48.339019775390625,2.733099937438965,0.96051025390625,0.9978861808776855,5.6814322306308895e-05,226.33192443847656,-7.593540191650391,zmjpp67l,5,0.5
368100.0,351750,0.49784690141677856,9.416202545166016,0.10726360231637955,12.978970527648926,13.04428482055664,46.889251708984375,2.62540340423584,0.9696044921875,0.9979281425476074,5.277113814372569e-05,213.57652282714844,-6.170178413391113,zmjpp67l,5,0.5
377400.0,361800,0.4966775178909302,8.766340255737305,0.1040569394826889,11.073259353637695,11.14621353149414,45.733863830566406,2.7640340328216553,0.96258544921875,0.997913122177124,5.355916073312983e-05,197.7648162841797,-6.274667739868164,zmjpp67l,5,0.5
387000.0,371850,0.49555814266204834,5.854014873504639,0.11155407130718231,5.785610675811768,5.851009368896484,35.7083625793457,3.2248129844665527,0.96978759765625,0.9979453086853027,4.574626655085012e-05,107.00323486328125,-5.720339775085449,zmjpp67l,5,0.5
396300.0,381900,0.4954299330711365,9.941795349121094,0.09112145006656647,10.292291641235352,10.376104354858398,46.560508728027344,2.52817440032959,0.96136474609375,0.9978747367858887,5.280390178086236e-05,210.4998779296875,-6.128849983215332,zmjpp67l,5,0.5
408000.0,391950,0.49305880069732666,7.02094030380249,0.1058024913072586,6.082195281982422,6.169899940490723,41.00227737426758,3.1293773651123047,0.95672607421875,0.9979116916656494,4.7418106987606734e-05,140.86868286132812,-5.70427131652832,zmjpp67l,5,0.5
417600.0,402000,0.4962770938873291,10.065021514892578,0.08567352592945099,7.8251800537109375,7.865781307220459,46.95443344116211,2.514927387237549,0.9761962890625,0.9979519844055176,5.95505625824444e-05,202.61801147460938,-6.110452651977539,zmjpp67l,5,0.5
427050.0,412050,0.4911138415336609,8.388223648071289,0.10266056656837463,5.435986518859863,5.4970526695251465,42.636661529541016,2.7556214332580566,0.9603271484375,0.9979074001312256,5.38964377483353e-05,170.5375518798828,-6.08339262008667,zmjpp67l,5,0.5
436500.0,422100,0.48417580127716064,5.87690544128418,0.10042493045330048,2.2777624130249023,2.3587098121643066,33.172149658203125,3.1197102069854736,0.93896484375,0.9977896213531494,5.309134576236829e-05,94.28258514404297,-4.963497161865234,zmjpp67l,5,0.5
448200.0,432150,0.49369576573371887,10.450294494628906,0.08613429963588715,5.635061264038086,5.686457633972168,45.709251403808594,2.381864070892334,0.96905517578125,0.9979619979858398,5.241289909463376e-05,204.56781005859375,-5.579577445983887,zmjpp67l,5,0.5
457800.0,442200,0.4881988763809204,6.571636199951172,0.1011616513133049,3.0967419147491455,3.1618494987487793,38.14635467529297,3.141291618347168,0.93988037109375,0.9978213310241699,5.716793384635821e-05,137.4704132080078,-5.584661483764648,zmjpp67l,5,0.5
467850.0,452250,0.4906536340713501,10.657577514648438,0.08758150786161423,4.328239440917969,4.3707146644592285,44.97532272338867,2.296534538269043,0.9700927734375,0.9979338645935059,5.906482692807913e-05,189.5451202392578,-6.21592903137207,zmjpp67l,5,0.5
477450.0,462300,0.4913797378540039,10.090758323669434,0.09287656843662262,3.859100103378296,3.89741849899292,45.111968994140625,2.5475335121154785,0.96563720703125,0.9979004859924316,5.395591142587364e-05,198.069580078125,-6.524147987365723,zmjpp67l,5,0.5
488400.0,472350,0.4991566836833954,6.392579555511475,0.09690631181001663,1.5894296169281006,1.5791866779327393,34.892356872558594,3.007283926010132,0.95538330078125,0.9978773593902588,5.047836748417467e-05,106.0318603515625,-5.26046085357666,zmjpp67l,5,0.5
497700.0,482400,0.4873989224433899,10.950138092041016,0.07174654304981232,3.4007740020751953,3.4361233711242676,45.76640701293945,2.377408504486084,0.97283935546875,0.9979414939880371,5.4917145462241024e-05,204.37503051757812,-5.924086570739746,zmjpp67l,5,0.5
506850.0,492450,0.4968782961368561,7.621346473693848,0.09623301774263382,2.484711170196533,2.4900755882263184,40.040550231933594,2.966757297515869,0.97308349609375,0.9979822635650635,5.335691093932837e-05,140.2662353515625,-5.898211479187012,zmjpp67l,5,0.5
519000.0,502500,0.491183340549469,10.752983093261719,0.08031456172466278,3.0106523036956787,3.0177721977233887,44.21937561035156,2.293626308441162,0.974609375,0.9979743957519531,5.3314826800487936e-05,197.74961853027344,-5.748402118682861,zmjpp67l,5,0.5
528900.0,512550,0.4988383650779724,9.83926773071289,0.0823613628745079,2.201277256011963,2.172335147857666,43.05118942260742,2.424429178237915,0.9814453125,0.9979972839355469,5.389732541516423e-05,175.32156372070312,-5.912467002868652,zmjpp67l,5,0.5
538500.0,522600,0.49943870306015015,6.1680827140808105,0.09492217004299164,1.7548800706863403,1.7335433959960938,37.12456130981445,3.3202998638153076,0.97808837890625,0.9980244636535645,5.650506500387564e-05,131.13851928710938,-5.54110860824585,zmjpp67l,5,0.5
548250.0,532650,0.48882097005844116,10.421032905578613,0.07956673949956894,2.4101758003234863,2.388186454772949,44.880470275878906,2.3682050704956055,0.96734619140625,0.9979300498962402,5.518285615835339e-05,190.35354614257812,-6.138227462768555,zmjpp67l,5,0.5
558150.0,542700,0.4959809184074402,9.459081649780273,0.07082253694534302,1.9701571464538574,1.9392023086547852,42.9522705078125,2.545452117919922,0.9739990234375,0.9979641437530518,5.934850560151972e-05,182.95701599121094,-5.121406555175781,zmjpp67l,5,0.5
568050.0,552750,0.5176786184310913,4.829086780548096,0.08745229244232178,1.4215283393859863,1.318116545677185,31.056190490722656,3.8259220123291016,0.96209716796875,0.9979102611541748,5.153279926162213e-05,82.55857849121094,-5.011539459228516,zmjpp67l,5,0.5
578550.0,562800,0.5006029605865479,8.992862701416016,0.07697181403636932,1.8604240417480469,1.8008644580841064,43.40153121948242,2.7890191078186035,0.98260498046875,0.9979767799377441,5.612042514258064e-05,180.1150665283203,-5.7537031173706055,zmjpp67l,5,0.5
588150.0,572850,0.515096127986908,7.357033729553223,0.087054044008255,1.4741331338882446,1.3777216672897339,38.89937210083008,2.9984636306762695,0.9781494140625,0.9980154037475586,6.101962935645133e-05,148.57510375976562,-5.163818359375,zmjpp67l,5,0.5
597900.0,582900,0.5113847255706787,5.841769218444824,0.09654413908720016,1.2337462902069092,1.1573548316955566,33.804595947265625,3.3128459453582764,0.97515869140625,0.9980208873748779,5.673916530213319e-05,108.00224304199219,-5.395272731781006,zmjpp67l,5,0.5
607500.0,592950,0.5011266469955444,9.80852222442627,0.08084650337696075,1.8456218242645264,1.7758002281188965,42.92329025268555,2.4292731285095215,0.97369384765625,0.9980037212371826,6.252394086914137e-05,189.98287963867188,-5.990275859832764,zmjpp67l,5,0.5
619500.0,603000,0.51021409034729,7.780863285064697,0.08806736022233963,1.5321605205535889,1.4400317668914795,40.517311096191406,2.970822811126709,0.97149658203125,0.997957706451416,5.445529677672312e-05,158.4473114013672,-6.11167573928833,zmjpp67l,5,0.5
629100.0,613050,0.516994297504425,6.571319580078125,0.07946079969406128,1.1612831354141235,1.057967185974121,35.690635681152344,3.012629985809326,0.97174072265625,0.9980168342590332,5.834090188727714e-05,118.83837127685547,-5.140204906463623,zmjpp67l,5,0.5
638100.0,623100,0.5039827227592468,9.712198257446289,0.08406852930784225,1.9656500816345215,1.8966478109359741,43.626739501953125,2.5985584259033203,0.97955322265625,0.9979636669158936,5.6705721362959594e-05,194.07669067382812,-5.954892635345459,zmjpp67l,5,0.5
647700.0,633150,0.5057582855224609,8.615473747253418,0.08502881228923798,1.564345359802246,1.4918147325515747,41.665069580078125,2.7139947414398193,0.96197509765625,0.9979162216186523,5.530899579753168e-05,170.40982055664062,-5.699601173400879,zmjpp67l,5,0.5
659850.0,643200,0.5152519941329956,6.317318916320801,0.08534756302833557,1.1117039918899536,1.04641854763031,35.85036087036133,3.343613624572754,0.975830078125,0.9979896545410156,5.241082908469252e-05,122.36154174804688,-5.309304237365723,zmjpp67l,5,0.5
669150.0,653250,0.5053009390830994,9.980037689208984,0.07981781661510468,1.7692725658416748,1.6971203088760376,42.82456588745117,2.4247660636901855,0.97613525390625,0.9979426860809326,5.671501639881171e-05,196.16091918945312,-5.747815132141113,zmjpp67l,5,0.5
679050.0,663300,0.5182037949562073,6.34661865234375,0.08750852942466736,1.0845872163772583,0.9980719089508057,33.908897399902344,2.990297794342041,0.98199462890625,0.9980361461639404,5.135231913300231e-05,115.39312744140625,-5.345107555389404,zmjpp67l,5,0.5
688950.0,673350,0.5034239292144775,9.591581344604492,0.07100613415241241,1.7032536268234253,1.6283421516418457,42.67685317993164,2.4815478324890137,0.981201171875,0.9979686737060547,5.3610790928360075e-05,196.16448974609375,-6.535015106201172,zmjpp67l,5,0.5
698250.0,683400,0.5017315149307251,8.327836990356445,0.08007514476776123,1.3613536357879639,1.3157869577407837,39.68073272705078,2.690934896469116,0.968017578125,0.9979519844055176,5.336963658919558e-05,162.37826538085938,-5.856696128845215,zmjpp67l,5,0.5
708150.0,693450,0.5163664817810059,5.162644386291504,0.0966167002916336,1.3708136081695557,1.261820673942566,30.976673126220703,3.4262609481811523,0.974853515625,0.9979875087738037,4.768899088958278e-05,92.4876708984375,-5.095305442810059,zmjpp67l,5,0.5
718500.0,703500,0.5069612264633179,9.660030364990234,0.07205655425786972,1.4158499240875244,1.318854570388794,42.09535598754883,2.496467113494873,0.97857666015625,0.9979863166809082,5.536695243790746e-05,187.61953735351562,-6.0264434814453125,zmjpp67l,5,0.5
728400.0,713550,0.51421058177948,6.370859146118164,0.07187634706497192,1.2913665771484375,1.1973028182983398,34.95012283325195,3.32267427444458,0.9873046875,0.9980778694152832,5.9732985391747206e-05,124.18570709228516,-5.512969493865967,zmjpp67l,5,0.5
738150.0,723600,0.5166575908660889,9.124786376953125,0.07510346174240112,1.4667587280273438,1.325510025024414,42.30791091918945,2.6855690479278564,0.98480224609375,0.9980113506317139,5.29798271600157e-05,191.58084106445312,-5.889057636260986,zmjpp67l,5,0.5
749550.0,733650,0.5123746395111084,8.264429092407227,0.07535937428474426,1.3669568300247192,1.2872803211212158,40.913604736328125,2.885988473892212,0.98260498046875,0.998013973236084,6.123335333541036e-05,164.4287109375,-5.880327224731445,zmjpp67l,5,0.5
759450.0,743700,0.5148873925209045,3.8897619247436523,0.08696770668029785,2.5179800987243652,2.354649782180786,25.899524688720703,3.881289005279541,0.96875,0.9979314804077148,5.905693251406774e-05,57.10984420776367,-5.51811408996582,zmjpp67l,5,0.5
769050.0,753750,0.5201207399368286,7.413038730621338,0.07894445955753326,1.3483282327651978,1.218759298324585,38.85612487792969,2.9843194484710693,0.98150634765625,0.9980013370513916,5.1811293815262616e-05,165.67141723632812,-6.734234809875488,zmjpp67l,5,0.5
779550.0,763800,0.5274918675422668,5.757532119750977,0.09087365865707397,1.1332457065582275,1.0079243183135986,34.75028991699219,3.505809783935547,0.9761962890625,0.9980509281158447,5.580841389019042e-05,114.6995620727539,-5.7287187576293945,zmjpp67l,5,0.5
789150.0,773850,0.5155375599861145,9.445205688476562,0.0711105689406395,1.39577054977417,1.271000862121582,42.50676727294922,2.513439416885376,0.98345947265625,0.9980037212371826,5.9542937378864735e-05,189.31643676757812,-5.830289363861084,zmjpp67l,5,0.5
799050.0,783900,0.5099005699157715,8.60145378112793,0.08051204681396484,1.4382216930389404,1.3508937358856201,41.609710693359375,2.7041866779327393,0.981689453125,0.9980225563049316,5.842414975631982e-05,187.0455322265625,-6.503897666931152,zmjpp67l,5,0.5
809550.0,793950,0.5114046931266785,6.974626064300537,0.07573553919792175,1.2187505960464478,1.1477117538452148,37.425537109375,3.069204807281494,0.97198486328125,0.9979758262634277,5.832001261296682e-05,147.46127319335938,-5.3081560134887695,zmjpp67l,5,0.5
819150.0,804000,0.513388454914093,9.127314567565918,0.0737021267414093,1.5513297319412231,1.4506008625030518,41.309112548828125,2.556169271469116,0.9892578125,0.9980542659759521,5.702451744582504e-05,190.67201232910156,-6.06511116027832,zmjpp67l,5,0.5
828900.0,814050,0.5173403024673462,6.595092296600342,0.07101315259933472,1.2250244617462158,1.1375255584716797,36.740989685058594,3.287059783935547,0.98822021484375,0.998060941696167,5.70220872759819e-05,144.03741455078125,-5.53321647644043,zmjpp67l,5,0.5
840750.0,824100,0.5102496147155762,5.704137325286865,0.09080444276332855,1.203753113746643,1.1397780179977417,32.49394226074219,3.332489013671875,0.98150634765625,0.9980149269104004,6.063701584935188e-05,105.92865753173828,-5.409341812133789,zmjpp67l,5,0.5
849900.0,834150,0.5074442625045776,8.822364807128906,0.06811888515949249,1.4837052822113037,1.4362246990203857,41.540584564208984,2.6437063217163086,0.971923828125,0.9979557991027832,5.5352295021293685e-05,186.25860595703125,-5.808128833770752,zmjpp67l,5,0.5
859800.0,844200,0.5126625299453735,6.165164947509766,0.08809833228588104,1.215519905090332,1.1404343843460083,35.571895599365234,3.3438310623168945,0.98834228515625,0.9980692863464355,5.346035322872922e-05,132.8040313720703,-5.524622917175293,zmjpp67l,5,0.5
868950.0,854250,0.5187171101570129,8.584030151367188,0.07217860966920853,1.5886766910552979,1.4402871131896973,39.763458251953125,2.675490140914917,0.989013671875,0.9980514049530029,6.21493163635023e-05,176.50531005859375,-5.3494672775268555,zmjpp67l,5,0.5
880950.0,864300,0.5139439105987549,7.883278846740723,0.07871584594249725,1.3729801177978516,1.2696791887283325,39.2749137878418,2.8474748134613037,0.98284912109375,0.9979844093322754,5.6699565902817994e-05,158.80657958984375,-6.257597923278809,zmjpp67l,5,0.5
890400.0,874350,0.5091623067855835,5.482474327087402,0.08267079293727875,1.335878610610962,1.2765123844146729,34.043701171875,3.5989174842834473,0.97857666015625,0.9980554580688477,5.042543853051029e-05,122.70320129394531,-5.846931457519531,zmjpp67l,5,0.5
900300.0,884400,0.5163239240646362,8.672279357910156,0.07110200077295303,1.5348782539367676,1.4289393424987793,40.32484817504883,2.6658873558044434,0.9697265625,0.9979557991027832,5.3749288781546056e-05,173.7796630859375,-5.55438756942749,zmjpp67l,5,0.5
909600.0,894450,0.5242673754692078,7.612419605255127,0.07685671746730804,1.200578212738037,1.0555676221847534,37.07989501953125,2.785551071166992,0.9832763671875,0.9980273246765137,5.4910877224756405e-05,148.72564697265625,-5.592421054840088,zmjpp67l,5,0.5
918900.0,904500,0.5064699649810791,7.01984167098999,0.08343273401260376,1.1545090675354004,1.09437894821167,36.52958679199219,3.020638942718506,0.97943115234375,0.9980299472808838,5.414767292677425e-05,147.66709899902344,-6.302984714508057,zmjpp67l,5,0.5
929550.0,914550,0.5192322731018066,8.967905044555664,0.07732576876878738,1.4643011093139648,1.3321728706359863,41.000762939453125,2.634990692138672,0.97412109375,0.9979658126831055,5.556083851843141e-05,177.3887939453125,-5.58872127532959,zmjpp67l,5,0.5
941100.0,924600,0.5100078582763672,7.773050308227539,0.0847998559474945,1.3647587299346924,1.2955787181854248,39.614933013916016,3.0620546340942383,0.9901123046875,0.9980449676513672,5.2681822126032785e-05,165.2314453125,-5.663822650909424,zmjpp67l,5,0.5
950700.0,934650,0.5116422176361084,5.441278457641602,0.09004396945238113,1.321418046951294,1.2428785562515259,30.35708999633789,3.310804843902588,0.97601318359375,0.9979848861694336,5.695372601621784e-05,91.95845031738281,-5.291845321655273,zmjpp67l,5,0.5
960150.0,944700,0.5177135467529297,8.583171844482422,0.06885670870542526,1.5497719049453735,1.4284741878509521,39.872352600097656,2.767317295074463,0.9791259765625,0.9980020523071289,5.369664722820744e-05,172.6032257080078,-5.342910289764404,zmjpp67l,5,0.5
969150.0,954750,0.5146622061729431,5.485598564147949,0.0832110196352005,1.2538286447525024,1.174723744392395,31.985681533813477,3.4067270755767822,0.98541259765625,0.9980602264404297,5.5804906878620386e-05,106.67671966552734,-5.46101188659668,zmjpp67l,5,0.5
979200.0,964800,0.5136703848838806,8.597166061401367,0.07696786522865295,1.4224298000335693,1.3099052906036377,40.159324645996094,2.709199905395508,0.969970703125,0.9979453086853027,5.943625365034677e-05,185.33053588867188,-5.363442897796631,zmjpp67l,5,0.5
991500.0,974850,0.5113672614097595,6.483819961547852,0.09331969916820526,1.3141570091247559,1.2481849193572998,35.435874938964844,3.232272148132324,0.985595703125,0.9980416297912598,5.402821989264339e-05,137.3896942138672,-5.350146770477295,zmjpp67l,5,0.5
1001250.0,984900,0.5045177340507507,4.298257827758789,0.09716294705867767,2.1702520847320557,2.069416046142578,27.547332763671875,3.804870128631592,0.9722900390625,0.9980270862579346,5.830231384607032e-05,76.32914733886719,-6.565915584564209,zmjpp67l,5,0.5
24600.0,10050,0.49430036544799805,4.219694137573242,-0.21120163798332214,38.241703033447266,38.90533447265625,47.71699523925781,5.682897090911865,0.66143798828125,0.9963080883026123,7.151844329200685e-05,84.88529968261719,1.972668170928955,52wy3hgf,6,0.5
34350.0,20100,0.4954313635826111,4.073822021484375,-0.23619428277015686,42.224647521972656,42.702064514160156,47.340911865234375,5.832342147827148,0.72930908203125,0.9965300559997559,6.898397987242788e-05,107.35356903076172,-0.0585336871445179,52wy3hgf,6,0.5
46500.0,30150,0.49866366386413574,3.978302478790283,-0.2423488050699234,47.91625213623047,48.311702728271484,46.79241180419922,5.9145355224609375,0.77276611328125,0.996809720993042,7.869105320423841e-05,111.00811004638672,-3.5197458267211914,52wy3hgf,6,0.5
56250.0,40200,0.4957790970802307,3.7990899085998535,-0.2193807065486908,50.58897399902344,50.96566390991211,45.21293640136719,5.973823070526123,0.79083251953125,0.9970262050628662,7.685029413551092e-05,119.69622039794922,-5.7960686683654785,52wy3hgf,6,0.5
66001.0,50250,0.4974120855331421,3.8809592723846436,-0.18253885209560394,51.101280212402344,51.44009780883789,45.58839416503906,5.903005599975586,0.81878662109375,0.9971678256988525,7.978244684636593e-05,132.91648864746094,-6.307559967041016,52wy3hgf,6,0.5
75300.0,60300,0.4900175929069519,3.653067111968994,-0.17543134093284607,42.333709716796875,43.55126953125,44.79948425292969,6.171584606170654,0.71331787109375,0.9951732158660889,9.695660992292687e-05,103.70365905761719,-5.994991302490234,52wy3hgf,6,0.5
85050.0,70350,0.49787476658821106,3.863926887512207,-0.16169476509094238,57.171295166015625,57.42164611816406,45.741477966308594,5.947868347167969,0.86126708984375,0.9973914623260498,8.395174518227577e-05,152.13916015625,-5.908273220062256,52wy3hgf,6,0.5
96600.0,80400,0.49678343534469604,3.7835922241210938,-0.13484495878219604,57.769630432128906,58.073036193847656,45.775054931640625,6.096989154815674,0.84918212890625,0.9973077774047852,7.479322084691375e-05,170.0089874267578,-5.71635627746582,52wy3hgf,6,0.5
106350.0,90450,0.4985067844390869,3.712070941925049,-0.1257980763912201,53.6221923828125,53.858497619628906,44.51799774169922,6.061496734619141,0.8702392578125,0.9974045753479004,7.496525358874351e-05,160.04302978515625,-6.51959228515625,52wy3hgf,6,0.5
116101.0,100500,0.4982055127620697,3.5986766815185547,-0.09172581136226654,53.12158203125,53.32614517211914,43.31859588623047,6.058050155639648,0.88262939453125,0.9974899291992188,7.165328861447051e-05,174.58526611328125,-6.652053356170654,52wy3hgf,6,0.5
125550.0,110550,0.4997349679470062,3.798921585083008,-0.0944746732711792,56.329559326171875,56.531410217285156,44.691307067871094,5.955109596252441,0.89044189453125,0.9975152015686035,8.158924174495041e-05,183.09649658203125,-5.8013386726379395,52wy3hgf,6,0.5
135600.0,120600,0.5005838871002197,3.3841114044189453,-0.04998358339071274,34.528038024902344,34.677284240722656,40.221168518066406,6.02965784072876,0.904052734375,0.9976460933685303,7.393095438601449e-05,118.45088958740234,-5.91520881652832,52wy3hgf,6,0.5
146100.0,130650,0.49868708848953247,3.693742275238037,-0.06799125671386719,57.539573669433594,57.72013854980469,44.30421447753906,6.065594673156738,0.9124755859375,0.9976105690002441,7.373075641226023e-05,184.63482666015625,-6.862323760986328,52wy3hgf,6,0.5
154650.0,140700,0.4985155463218689,3.646472930908203,-0.05048584192991257,53.83136749267578,54.02314758300781,43.31819534301758,6.062722682952881,0.8994140625,0.9975764751434326,6.809951446484774e-05,199.017333984375,-6.879628658294678,52wy3hgf,6,0.5
167100.0,150750,0.49717506766319275,3.0380024909973145,-0.039480846375226974,28.482208251953125,28.657318115234375,36.81396484375,6.167199611663818,0.91790771484375,0.997657060623169,6.977889279369265e-05,106.95126342773438,-7.066789627075195,52wy3hgf,6,0.5
177450.0,160800,0.49969467520713806,3.7839503288269043,-0.03720628842711449,56.434661865234375,56.58234405517578,43.40843200683594,5.853517055511475,0.9140625,0.9976460933685303,7.260532584041357e-05,216.7427978515625,-7.1160783767700195,52wy3hgf,6,0.5
186750.0,170850,0.4981310963630676,3.969414710998535,-0.04459410905838013,57.450904846191406,57.587799072265625,43.9117431640625,5.635010719299316,0.92718505859375,0.9977593421936035,7.294007809832692e-05,219.37588500976562,-7.119957447052002,52wy3hgf,6,0.5
196650.0,180900,0.49562880396842957,2.9015145301818848,0.0076125250197947025,22.713172912597656,22.907804489135742,34.8122444152832,6.131702899932861,0.91839599609375,0.997642993927002,7.1983493398875e-05,100.84640502929688,-7.1304450035095215,52wy3hgf,6,0.5
206400.0,190950,0.4988594055175781,4.001250267028809,-0.022985780611634254,55.40424728393555,55.5294189453125,43.70827865600586,5.562980651855469,0.9356689453125,0.9977302551269531,7.19689778634347e-05,220.482177734375,-7.775998592376709,52wy3hgf,6,0.5
215851.0,201000,0.49916359782218933,3.8563971519470215,-0.017410267144441605,53.027957916259766,53.164588928222656,42.4561767578125,5.66874885559082,0.92791748046875,0.9977328777313232,6.852714432170615e-05,216.10540771484375,-6.428799629211426,52wy3hgf,6,0.5
227700.0,211050,0.49929094314575195,3.981614112854004,-0.0016981549561023712,46.640625,46.77083206176758,42.19070816040039,5.461750030517578,0.921875,0.9976942539215088,7.631909102201462e-05,217.61038208007812,-7.507396697998047,52wy3hgf,6,0.5
236700.0,221100,0.4982965886592865,4.056480407714844,0.005562194623053074,51.560546875,51.669189453125,43.16682434082031,5.429712772369385,0.94976806640625,0.9977798461914062,7.00713717378676e-05,239.36428833007812,-8.065082550048828,52wy3hgf,6,0.5
246600.0,231150,0.49906033277511597,4.239895820617676,-0.0023199045099318027,49.863563537597656,49.974754333496094,43.4589729309082,5.237896919250488,0.94207763671875,0.9978084564208984,7.333191751968116e-05,251.2257080078125,-8.657305717468262,52wy3hgf,6,0.5
256050.0,241200,0.4991708993911743,4.1930742263793945,0.003914912696927786,46.24412536621094,46.35803985595703,42.42363739013672,5.165022373199463,0.940185546875,0.9978172779083252,7.502237713197246e-05,228.35714721679688,-7.159664630889893,52wy3hgf,6,0.5
267600.0,251250,0.498965859413147,3.4370784759521484,0.019137023016810417,31.896041870117188,32.01165771484375,38.106666564941406,5.750470161437988,0.94189453125,0.997809886932373,6.757619848940521e-05,166.91845703125,-7.945376396179199,52wy3hgf,6,0.5
277500.0,261300,0.49913620948791504,4.330867767333984,0.01246033888310194,47.35475158691406,47.444000244140625,43.21343231201172,5.13356876373291,0.9556884765625,0.9978516101837158,6.719823431922123e-05,248.14869689941406,-9.333389282226562,52wy3hgf,6,0.5
286950.0,271350,0.4992460608482361,4.423797607421875,0.018998494371771812,43.19706726074219,43.282596588134766,42.67236328125,4.980140686035156,0.95318603515625,0.9978840351104736,7.577529322588816e-05,253.7503662109375,-8.640899658203125,52wy3hgf,6,0.5
296550.0,281400,0.4989567995071411,4.0750532150268555,0.0348135381937027,35.75401306152344,35.841285705566406,40.29520797729492,5.132051467895508,0.958251953125,0.9978864192962646,7.101715891622007e-05,226.19810485839844,-8.292804718017578,52wy3hgf,6,0.5
307050.0,291450,0.4980444610118866,3.581965208053589,0.031882092356681824,28.63113784790039,28.76222801208496,37.53523635864258,5.459408760070801,0.93218994140625,0.9977989196777344,7.661793642910197e-05,177.61907958984375,-7.469157695770264,52wy3hgf,6,0.5
316801.0,301500,0.49934855103492737,4.648056983947754,0.02635137364268303,40.211692810058594,40.29325866699219,42.768714904785156,4.7392473220825195,0.95989990234375,0.9978718757629395,7.232316420413554e-05,267.89385986328125,-10.311286926269531,52wy3hgf,6,0.5
326400.0,311550,0.4992270767688751,4.502401828765869,0.029291143640875816,38.65668487548828,38.752323150634766,42.33843994140625,4.885915756225586,0.95123291015625,0.997826337814331,7.181244291132316e-05,261.5050048828125,-8.407026290893555,52wy3hgf,6,0.5
336150.0,321600,0.49917957186698914,3.9765141010284424,0.03794953227043152,26.489898681640625,26.55066680908203,37.738746643066406,5.009930610656738,0.9786376953125,0.9979510307312012,7.528318383265287e-05,192.14492797851562,-8.266667366027832,52wy3hgf,6,0.5
348150.0,331650,0.4993792772293091,4.861337661743164,0.017930686473846436,35.05286407470703,35.119300842285156,41.677345275878906,4.460751533508301,0.96466064453125,0.9979138374328613,7.40216055419296e-05,261.2547607421875,-7.640806674957275,52wy3hgf,6,0.5
358200.0,341700,0.4988597631454468,4.240567684173584,0.03686825931072235,27.14395523071289,27.24297332763672,39.3239631652832,4.923007488250732,0.94830322265625,0.9978561401367188,7.418557652272284e-05,227.2986602783203,-8.245454788208008,52wy3hgf,6,0.5
367351.0,351750,0.4992486536502838,5.034215927124023,0.033301595598459244,29.942216873168945,29.990968704223633,41.637351989746094,4.381182670593262,0.9779052734375,0.9979677200317383,8.013806655071676e-05,257.5461730957031,-8.899242401123047,52wy3hgf,6,0.5
378450.0,361800,0.4989200830459595,4.8880839347839355,0.024589331820607185,27.888160705566406,27.97697639465332,40.36138153076172,4.345355987548828,0.9561767578125,0.9978430271148682,8.056427031988278e-05,241.87722778320312,-9.250877380371094,52wy3hgf,6,0.5
388200.0,371850,0.4985869228839874,4.986711025238037,0.026150185614824295,27.03862762451172,27.134490966796875,40.713191986083984,4.342743873596191,0.95086669921875,0.9978256225585938,7.278911652974784e-05,257.4163818359375,-9.973268508911133,52wy3hgf,6,0.5
398100.0,381900,0.4981178045272827,4.058442115783691,0.03661172091960907,17.333114624023438,17.440940856933594,35.36943435668945,4.685669898986816,0.94732666015625,0.9978058338165283,7.758830906823277e-05,181.3941192626953,-7.427977561950684,52wy3hgf,6,0.5
407550.0,391950,0.49769625067710876,3.8962600231170654,0.04118109494447708,14.690447807312012,14.772542953491211,34.83295440673828,4.922701835632324,0.9630126953125,0.9978866577148438,6.899781874381006e-05,165.48899841308594,-6.623114585876465,52wy3hgf,6,0.5
417001.0,402000,0.498361736536026,5.311771392822266,0.03584696352481842,21.89548683166504,21.983003616333008,40.11174011230469,4.030477046966553,0.95745849609375,0.9978315830230713,7.624673162354156e-05,256.80706787109375,-8.338343620300293,52wy3hgf,6,0.5
426450.0,412050,0.49912795424461365,5.222270965576172,0.026187714189291,20.15491485595703,20.203598022460938,40.34084701538086,4.200531959533691,0.978271484375,0.997992753982544,7.709757483098656e-05,253.29412841796875,-8.648096084594727,52wy3hgf,6,0.5
438750.0,422100,0.49620693922042847,3.705897331237793,0.03914140909910202,8.421036720275879,8.514986991882324,32.23830032348633,4.842571258544922,0.958251953125,0.9979262351989746,7.637871021870524e-05,127.28744506835938,-7.713232040405273,52wy3hgf,6,0.5
448050.0,432150,0.49803638458251953,5.470867156982422,0.03249179571866989,17.07363510131836,17.157724380493164,39.847007751464844,3.9465250968933105,0.95953369140625,0.997899055480957,8.000124944373965e-05,253.67422485351562,-8.168633460998535,52wy3hgf,6,0.5
457050.0,442200,0.49862903356552124,5.19561243057251,0.04148930311203003,14.739192008972168,14.806026458740234,37.91203308105469,3.997415065765381,0.96795654296875,0.9979124069213867,7.433506834786385e-05,225.82508850097656,-7.1315460205078125,52wy3hgf,6,0.5
468750.0,452250,0.49783432483673096,3.6859216690063477,0.05451539158821106,5.671943664550781,5.711767196655273,29.408214569091797,4.613344192504883,0.96435546875,0.9978930950164795,7.919624476926401e-05,119.25022888183594,-7.251708984375,52wy3hgf,6,0.5
478950.0,462300,0.4982891082763672,5.739737510681152,0.04422232136130333,13.02217960357666,13.063962936401367,38.05207824707031,3.675276041030884,0.9791259765625,0.9979732036590576,7.332114910241216e-05,234.16526794433594,-8.51877498626709,52wy3hgf,6,0.5
487950.0,472350,0.49681663513183594,4.836197853088379,0.0524514839053154,8.552780151367188,8.613787651062012,34.231407165527344,4.040989875793457,0.97186279296875,0.99796462059021,7.908022234914824e-05,188.1974334716797,-6.9619011878967285,52wy3hgf,6,0.5
497100.0,482400,0.49611949920654297,4.951855182647705,0.042624037712812424,6.285040378570557,6.332919120788574,33.303733825683594,3.7350287437438965,0.97442626953125,0.9979462623596191,8.069346949923784e-05,170.41189575195312,-6.914097785949707,52wy3hgf,6,0.5
508800.0,492450,0.4946706295013428,4.421558856964111,0.048324864357709885,4.05589485168457,4.135571479797363,30.677654266357422,3.886467456817627,0.95599365234375,0.9978835582733154,7.725469913566485e-05,138.10128784179688,-6.812380313873291,52wy3hgf,6,0.5
517800.0,502500,0.49632322788238525,6.7468061447143555,0.04765380918979645,9.016728401184082,9.060396194458008,38.73326873779297,3.2265572547912598,0.9798583984375,0.9979708194732666,7.728650234639645e-05,240.61404418945312,-7.678603649139404,52wy3hgf,6,0.5
528300.0,512550,0.49413684010505676,5.398223876953125,0.05282004922628403,6.745602130889893,6.819366931915283,35.251319885253906,3.6712441444396973,0.959716796875,0.9979066848754883,7.775131962262094e-05,200.8599853515625,-7.104459762573242,52wy3hgf,6,0.5
537750.0,522600,0.49575018882751465,5.077319145202637,0.0552336648106575,4.230655670166016,4.277973651885986,33.050018310546875,3.704376697540283,0.96990966796875,0.9979496002197266,6.950082024559379e-05,158.6680908203125,-6.966590404510498,52wy3hgf,6,0.5
547200.0,532650,0.4975874125957489,5.010723114013672,0.061880625784397125,4.4567413330078125,4.505453109741211,33.124794006347656,3.7608084678649902,0.96893310546875,0.9979357719421387,7.152938633225858e-05,173.79055786132812,-7.789903163909912,52wy3hgf,6,0.5
559050.0,542700,0.4950051009654999,6.700642108917236,0.048002369701862335,6.76934814453125,6.823163986206055,38.88487243652344,3.364792823791504,0.97052001953125,0.997931957244873,6.970157846808434e-05,255.28225708007812,-8.441699028015137,52wy3hgf,6,0.5
568350.0,552750,0.4974919557571411,5.805317401885986,0.06624718010425568,5.110140323638916,5.121097564697266,35.90792465209961,3.419774293899536,0.97662353515625,0.9979939460754395,7.312692468985915e-05,223.96636962890625,-7.828319072723389,52wy3hgf,6,0.5
579300.0,562800,0.49672338366508484,6.815481662750244,0.05095544084906578,5.488116264343262,5.508249759674072,38.58971405029297,3.2661561965942383,0.98089599609375,0.9979965686798096,6.883241439936683e-05,250.65252685546875,-7.542418956756592,52wy3hgf,6,0.5
589350.0,572850,0.4958368241786957,6.462335109710693,0.057136792689561844,4.9421892166137695,4.9825849533081055,37.834434509277344,3.344460964202881,0.97052001953125,0.9979064464569092,7.510841533076018e-05,243.60137939453125,-7.38316535949707,52wy3hgf,6,0.5
598350.0,582900,0.4952806532382965,6.060978889465332,0.06339740753173828,4.228144645690918,4.266048431396484,35.69703674316406,3.42450213432312,0.96795654296875,0.9979302883148193,7.7538046753034e-05,248.3239288330078,-6.756852149963379,52wy3hgf,6,0.5
607950.0,592950,0.5164300203323364,3.778794288635254,0.06453029811382294,2.558784008026123,2.347522497177124,28.583316802978516,4.622858047485352,0.9549560546875,0.9977939128875732,7.667158934054896e-05,130.37539672851562,-7.99917459487915,52wy3hgf,6,0.5
618000.0,603000,0.4980708956718445,6.218915939331055,0.052070293575525284,4.0914764404296875,4.115692138671875,37.05535888671875,3.491107940673828,0.9813232421875,0.9979736804962158,6.636073521804065e-05,242.53233337402344,-7.368563175201416,52wy3hgf,6,0.5
628050.0,613050,0.5006353855133057,4.793589115142822,0.07207874208688736,2.5408194065093994,2.545574903488159,32.098670959472656,3.9865875244140625,0.98345947265625,0.9980342388153076,6.77078787703067e-05,169.78976440429688,-6.7451629638671875,52wy3hgf,6,0.5
637800.0,623100,0.502427339553833,4.059845924377441,0.0667833611369133,2.5293002128601074,2.4772191047668457,31.5716495513916,4.597324371337891,0.96875,0.9979293346405029,7.639318937435746e-05,153.23411560058594,-8.267330169677734,52wy3hgf,6,0.5
649500.0,633150,0.4973270893096924,7.0181684494018555,0.06522417068481445,4.003484725952148,4.0183916091918945,38.45814514160156,3.2205801010131836,0.98443603515625,0.9980025291442871,7.170560274971649e-05,243.99911499023438,-7.293255805969238,52wy3hgf,6,0.5
659250.0,643200,0.5007661581039429,6.12100887298584,0.06709174811840057,2.8342297077178955,2.828965902328491,34.795875549316406,3.3538689613342285,0.96319580078125,0.9979085922241211,7.062857912387699e-05,219.62326049804688,-7.149963855743408,52wy3hgf,6,0.5
668100.0,653250,0.49727126955986023,6.861053943634033,0.059777893126010895,3.732313871383667,3.7268128395080566,37.590538024902344,3.13144588470459,0.98492431640625,0.9979963302612305,7.70094629842788e-05,260.0287780761719,-6.459616661071777,52wy3hgf,6,0.5
677700.0,663300,0.4947081208229065,6.22927713394165,0.06357025355100632,3.273059129714966,3.295281410217285,37.159873962402344,3.4539361000061035,0.96221923828125,0.9979507923126221,6.634779128944501e-05,253.5107879638672,-6.465142250061035,52wy3hgf,6,0.5
687900.0,673350,0.4970155954360962,5.009297847747803,0.0688648447394371,2.1083767414093018,2.1233718395233154,32.519264221191406,3.9864325523376465,0.975830078125,0.997957706451416,6.984558422118425e-05,190.75344848632812,-7.1326189041137695,52wy3hgf,6,0.5
699750.0,683400,0.5091521739959717,3.124157428741455,0.09453863650560379,2.689997673034668,2.618663787841797,25.39153289794922,5.429206848144531,0.96575927734375,0.9979174137115479,7.078074850142002e-05,112.94888305664062,-8.186789512634277,52wy3hgf,6,0.5
709500.0,693450,0.5022581219673157,6.477081775665283,0.06497591733932495,2.730912923812866,2.7128448486328125,36.81620788574219,3.382674217224121,0.97955322265625,0.9979708194732666,6.728914013365284e-05,243.38412475585938,-7.099189758300781,52wy3hgf,6,0.5
719100.0,703500,0.5076436400413513,4.011862754821777,0.08408820629119873,1.8094562292099,1.7669973373413086,28.731395721435547,4.483971118927002,0.9752197265625,0.99798583984375,6.797685637138784e-05,145.1995086669922,-6.967257976531982,52wy3hgf,6,0.5
729900.0,713550,0.49652355909347534,6.565863132476807,0.06632392108440399,2.6187403202056885,2.62188458442688,37.112945556640625,3.4371142387390137,0.9805908203125,0.9980101585388184,6.141357880551368e-05,258.5216064453125,-8.144637107849121,52wy3hgf,6,0.5
739650.0,723600,0.5002486705780029,5.595920562744141,0.06472252309322357,2.157308340072632,2.1492133140563965,34.77435302734375,3.759981632232666,0.97412109375,0.9979586601257324,7.192001794464886e-05,222.4327392578125,-7.771033763885498,52wy3hgf,6,0.5
748950.0,733650,0.5064935088157654,3.415679931640625,0.08692832291126251,3.2128665447235107,3.139979839324951,24.05127716064453,4.450927257537842,0.96533203125,0.9978954792022705,6.647768896073103e-05,98.92989349365234,-5.6550188064575195,52wy3hgf,6,0.5
760200.0,743700,0.5068832635879517,5.500452518463135,0.07827742397785187,2.2203612327575684,2.164780616760254,34.016395568847656,3.8440489768981934,0.98223876953125,0.9980118274688721,6.67664862703532e-05,214.96981811523438,-6.498871803283691,52wy3hgf,6,0.5
769650.0,753750,0.5071022510528564,4.542549133300781,0.07978735119104385,2.0606274604797363,2.0052590370178223,29.81623077392578,4.149389743804932,0.9771728515625,0.9980285167694092,6.952486000955105e-05,173.2480926513672,-6.04401159286499,52wy3hgf,6,0.5
780450.0,763800,0.5060768127441406,6.392822265625,0.06473390758037567,2.3393964767456055,2.2878758907318115,35.76859664916992,3.259446620941162,0.99322509765625,0.9980459213256836,6.983132334426045e-05,245.1585693359375,-7.873500823974609,52wy3hgf,6,0.5
789750.0,773850,0.5042199492454529,5.876640796661377,0.07705171406269073,2.009474039077759,1.94387686252594,33.986167907714844,3.424553394317627,0.9808349609375,0.9979877471923828,6.599836342502385e-05,217.5428009033203,-7.653776168823242,52wy3hgf,6,0.5
799350.0,783900,0.5005174875259399,4.428653240203857,0.08000019192695618,2.099231243133545,2.0832200050354004,30.444259643554688,4.333645820617676,0.98846435546875,0.9980442523956299,6.681355444015935e-05,169.458740234375,-7.59831428527832,52wy3hgf,6,0.5
810000.0,793950,0.5047717094421387,6.824340343475342,0.06312142312526703,2.173088550567627,2.125753164291382,36.320152282714844,3.088080883026123,0.98114013671875,0.9979650974273682,7.511409057769924e-05,244.75540161132812,-8.51834487915039,52wy3hgf,6,0.5
819750.0,804000,0.5032981634140015,6.190528869628906,0.08071793615818024,1.9627685546875,1.9170283079147339,34.54428482055664,3.238208293914795,0.97991943359375,0.9980063438415527,7.164278213167563e-05,226.40257263183594,-7.492725372314453,52wy3hgf,6,0.5
829800.0,814050,0.5025587677955627,4.211841583251953,0.08418047428131104,2.5383248329162598,2.517131805419922,27.8864803314209,4.174163818359375,0.98907470703125,0.9980363845825195,7.382850162684917e-05,151.45913696289062,-7.2648210525512695,52wy3hgf,6,0.5
839250.0,824100,0.5042316317558289,6.129307746887207,0.06682685017585754,2.163917303085327,2.108518123626709,36.44877624511719,3.5369765758514404,0.989013671875,0.9980206489562988,7.011796697042882e-05,241.37550354003906,-8.184159278869629,52wy3hgf,6,0.5
848700.0,834150,0.5029464960098267,4.435595512390137,0.08209278434515,2.0459728240966797,2.0219149589538574,30.471431732177734,4.296201705932617,0.98834228515625,0.9980530738830566,7.722713780822232e-05,178.84695434570312,-6.712268829345703,52wy3hgf,6,0.5
858450.0,844200,0.5105871558189392,6.3082990646362305,0.06369564682245255,1.9487051963806152,1.8571817874908447,35.37718200683594,3.441544532775879,0.981689453125,0.9979686737060547,7.400933827739209e-05,238.79965209960938,-8.46285629272461,52wy3hgf,6,0.5
870150.0,854250,0.5040984153747559,4.161598205566406,0.07950413227081299,2.265982151031494,2.2170376777648926,28.320728302001953,4.1392927169799805,0.975341796875,0.9979918003082275,6.093319825595245e-05,147.81971740722656,-6.232967853546143,52wy3hgf,6,0.5
880050.0,864300,0.5076663494110107,6.3663225173950195,0.0673711895942688,1.9022823572158813,1.8432936668395996,35.11240005493164,3.3289670944213867,0.98114013671875,0.9979884624481201,7.785710477037355e-05,235.7991485595703,-7.708706378936768,52wy3hgf,6,0.5
889500.0,874350,0.5058951377868652,5.113357067108154,0.07833246886730194,2.0350749492645264,1.994246482849121,32.76327896118164,4.006111145019531,0.98358154296875,0.9980299472808838,7.137710781535134e-05,204.8369903564453,-7.418144226074219,52wy3hgf,6,0.5
898950.0,884400,0.5005807280540466,4.024532318115234,0.08743679523468018,2.403489351272583,2.3863887786865234,29.039960861206055,4.442609786987305,0.98468017578125,0.9980337619781494,6.648819544352591e-05,163.6473388671875,-6.888304233551025,52wy3hgf,6,0.5
910950.0,894450,0.5038495063781738,6.2866668701171875,0.06305903196334839,1.9412533044815063,1.8889715671539307,36.124000549316406,3.4340739250183105,0.98626708984375,0.9980344772338867,6.478703289758414e-05,249.23944091796875,-7.770859718322754,52wy3hgf,6,0.5
919950.0,904500,0.5052130222320557,5.890624046325684,0.06930848956108093,1.767000436782837,1.7143183946609497,34.45769500732422,3.511946678161621,0.9835205078125,0.9980151653289795,7.28412123862654e-05,217.6270751953125,-7.294601917266846,52wy3hgf,6,0.5
930600.0,914550,0.5106833577156067,6.078317165374756,0.0666312426328659,2.0644803047180176,1.9659456014633179,36.222877502441406,3.6960134506225586,0.98956298828125,0.998009443283081,7.045351958367974e-05,244.90426635742188,-8.4403076171875,52wy3hgf,6,0.5
939900.0,924600,0.5082501173019409,5.201660633087158,0.07242871075868607,1.9126043319702148,1.8791773319244385,33.040077209472656,3.8686389923095703,0.9810791015625,0.9980049133300781,7.34383866074495e-05,212.59283447265625,-6.934623718261719,52wy3hgf,6,0.5
949650.0,934650,0.5139836072921753,6.280798435211182,0.0568457655608654,1.9584684371948242,1.857324481010437,35.31050109863281,3.3169312477111816,0.9774169921875,0.9979698657989502,8.043197158258408e-05,242.94952392578125,-7.876523494720459,52wy3hgf,6,0.5
961200.0,944700,0.5082004070281982,5.277305603027344,0.06940557062625885,1.9875396490097046,1.917872667312622,33.44713592529297,3.902669906616211,0.9693603515625,0.997938871383667,6.757875962648541e-05,213.7895965576172,-7.919125556945801,52wy3hgf,6,0.5
970050.0,954750,0.5013930797576904,2.9578113555908203,0.10523441433906555,3.8745763301849365,3.8287415504455566,22.236900329589844,4.550929069519043,0.97802734375,0.9979820251464844,7.646271114936098e-05,95.7098388671875,-6.817839622497559,52wy3hgf,6,0.5
980100.0,964800,0.504523754119873,5.245291233062744,0.07149654626846313,1.9078466892242432,1.8499746322631836,33.10033416748047,3.754157066345215,0.9853515625,0.9979989528656006,6.827969627920538e-05,216.19818115234375,-7.288250923156738,52wy3hgf,6,0.5
989250.0,974850,0.4995364546775818,3.8224499225616455,0.08269155025482178,2.7148334980010986,2.697115898132324,27.59084701538086,4.653656005859375,0.98980712890625,0.9980816841125488,6.596131424885243e-05,148.745361328125,-6.950716972351074,52wy3hgf,6,0.5
1001550.0,984900,0.5122746825218201,5.855501174926758,0.06126727536320686,1.9329296350479126,1.852782964706421,34.349021911621094,3.607484817504883,0.9896240234375,0.9980289936065674,6.752354966010898e-05,241.5264892578125,-7.418523788452148,52wy3hgf,6,0.5
